Id,team_goals,opp_goals
M034984_Seychelles,2,1
M034984_Mauritius,1,2
M034985_Comoros,2,2
M034985_Maldives,2,2
M034986_Réunion,2,1
M034986_Madagascar,1,2
M034987_El Salvador,2,1
M034987_Venezuela,1,2
M034988_Mayotte,2,0
M034988_Réunion,0,2
M034989_Seychelles,5,1
M034989_Maldives,1,5
M034990_Mauritius,2,0
M034990_Comoros,0,2
M034991_Oman,1,1
M034991_Bahrain,1,1
M034992_Poland,1,0
M034992_Georgia,0,1
M034993_Norway,3,0
M034993_Czech Republic,0,3
M034994_Germany,3,2
M034994_Brazil,2,3
M034995_Botswana,1,0
M034995_Kenya,0,1
M034996_Bosnia and Herzegovina,0,0
M034996_Greece,0,0
M034997_Bolivia,1,3
M034997_Panama,3,1
M034998_Belarus,1,0
M034998_Bulgaria,0,1
M034999_Azerbaijan,0,1
M034999_North Macedonia,1,0
M035000_Austria,1,2
M035000_Slovakia,2,1
M035001_Albania,3,2
M035001_Montenegro,2,3
M035002_Russia,1,0
M035002_Serbia,0,1
M035003_China PR,1,0
M035003_Jamaica,0,1
M035004_San Marino,0,1
M035004_Romania,1,0
M035005_Senegal,0,2
M035005_Morocco,2,0
M035006_Slovenia,0,0
M035006_Belgium,0,0
M035007_Tunisia,4,2
M035007_Mali,2,4
M035008_Turkey,3,0
M035008_Estonia,0,3
M035009_Ukraine,0,1
M035009_Sweden,1,0
M035010_United States,1,1
M035010_Mexico,1,1
M035011_Wales,1,2
M035011_Australia,2,1
M035012_Zimbabwe,2,0
M035012_Zambia,0,2
M035013_Scotland,2,1
M035013_Denmark,1,2
M035014_Costa Rica,0,2
M035014_Ecuador,2,0
M035015_South Africa,3,0
M035015_Burkina Faso,0,3
M035016_Equatorial Guinea,1,4
M035016_Guinea-Bissau,4,1
M035017_Cyprus,3,2
M035017_Moldova,2,3
M035018_Hungary,4,0
M035018_Iceland,0,4
M035019_Republic of Ireland,0,0
M035019_Croatia,0,0
M035020_Israel,3,4
M035020_Ivory Coast,4,3
M035021_Italy,2,1
M035021_Spain,1,2
M035022_Japan,3,0
M035022_South Korea,0,3
M035023_Kazakhstan,1,1
M035023_Syria,1,1
M035024_Kuwait,0,0
M035024_North Korea,0,0
M035025_Latvia,0,2
M035025_Finland,2,0
M035026_Liberia,0,0
M035026_Angola,0,0
M035027_Honduras,2,0
M035027_Venezuela,0,2
M035028_Lithuania,3,0
M035028_Armenia,0,3
M035029_Malta,2,1
M035029_Central African Republic,1,2
M035030_Liechtenstein,1,2
M035030_Switzerland,2,1
M035031_France,1,1
M035031_Chile,1,1
M035032_Niger,3,3
M035032_Togo,3,3
M035033_Northern Ireland,4,0
M035033_Faroe Islands,0,4
M035034_Portugal,5,0
M035034_Luxembourg,0,5
M035035_Gambia,3,0
M035035_DR Congo,0,3
M035036_Gabon,1,1
M035036_Guinea,1,1
M035037_Seychelles,2,1
M035037_Réunion,1,2
M035038_Mayotte,0,0
M035038_Mauritius,0,0
M035039_Réunion,1,0
M035039_Mayotte,0,1
M035040_Seychelles,1,1
M035040_Mauritius,1,1
M035041_Liberia,0,0
M035041_Niger,0,0
M035042_Fiji,3,0
M035042_Samoa,0,3
M035043_Lebanon,2,3
M035043_Syria,3,2
M035044_Fiji,5,1
M035044_Samoa,1,5
M035045_Eritrea,0,3
M035045_Sudan,3,0
M035046_Qatar,0,1
M035046_Iraq,1,0
M035047_Lesotho,0,0
M035047_Eswatini,0,0
M035048_Dominican Republic,1,0
M035048_Curaçao,0,1
M035049_Barbados,4,0
M035049_Saint Lucia,0,4
M035050_Dominican Republic,1,0
M035050_Curaçao,0,1
M035051_Trinidad and Tobago,3,0
M035051_India,0,3
M035052_Tuvalu,3,0
M035052_Samoa,0,3
M035053_Lesotho,0,1
M035053_Eswatini,1,0
M035054_Indonesia,4,1
M035054_Palestine,1,4
M035055_Jordan,3,3
M035055_Tunisia,3,3
M035056_Guyana,2,1
M035056_India,1,2
M035057_Thailand,0,0
M035057_Singapore,0,0
M035058_United Arab Emirates,3,1
M035058_Qatar,1,3
W004404_Belarus,2,1
W004404_Estonia,1,2
M035059_Bahrain,1,0
M035059_Sudan,0,1
M035060_Solomon Islands,7,0
M035060_Guam,0,7
M035061_Angola,1,2
M035061_DR Congo,2,1
M035062_Fiji,3,0
M035062_Tahiti,0,3
M035063_Jordan,1,0
M035063_Indonesia,0,1
M035064_New Caledonia,5,0
M035064_Vanuatu,0,5
M035065_Oman,1,0
M035065_Kuwait,0,1
M035066_Papua New Guinea,4,0
M035066_Cook Islands,0,4
M035067_Tuvalu,4,0
M035067_American Samoa,0,4
W004405_New Caledonia,3,0
W004405_Solomon Islands,0,3
W004406_Papua New Guinea,1,0
W004406_Tahiti,0,1
M035068_Antigua and Barbuda,2,2
M035068_Saint Vincent and the Grenadines,2,2
W004407_Papua New Guinea,8,0
W004407_American Samoa,0,8
W004408_New Caledonia,0,0
W004408_Tahiti,0,0
M035069_Vanuatu,5,1
M035069_Tuvalu,1,5
M035070_Tahiti,7,0
M035070_Cook Islands,0,7
M035071_New Caledonia,9,0
M035071_Guam,0,9
M035072_Fiji,9,0
M035072_Kiribati,0,9
M035073_American Samoa,0,4
M035073_Solomon Islands,4,0
W004409_Tahiti,2,0
W004409_Solomon Islands,0,2
W004410_New Caledonia,7,0
W004410_American Samoa,0,7
W004411_Tonga,4,1
W004411_Fiji,1,4
W004412_Cook Islands,1,1
W004412_Guam,1,1
M035074_New Caledonia,8,0
M035074_Tuvalu,0,8
M035075_Cook Islands,3,0
M035075_Kiribati,0,3
M035076_American Samoa,0,2
M035076_Guam,2,0
M035077_Vanuatu,1,0
M035077_Solomon Islands,0,1
M035078_Tahiti,1,1
M035078_Papua New Guinea,1,1
W004413_China PR,0,0
W004413_South Korea,0,0
W004414_North Korea,1,0
W004414_Australia,0,1
W004415_Japan,3,0
W004415_Thailand,0,3
M035079_Argentina,1,0
M035079_Venezuela,0,1
M035080_Australia,2,1
M035080_Thailand,1,2
M035081_Azerbaijan,1,1
M035081_Belgium,1,1
M035082_Bahrain,0,0
M035082_Qatar,0,0
M035083_Belarus,0,2
M035083_Bosnia and Herzegovina,2,0
M035084_Antigua and Barbuda,5,2
M035084_Curaçao,2,5
M035085_Andorra,0,3
M035085_Armenia,3,0
M035086_United Arab Emirates,2,3
M035086_Kuwait,3,2
M035087_Bulgaria,0,3
M035087_England,3,0
M035088_Guatemala,4,0
M035088_Saint Vincent and the Grenadines,0,4
M035089_United States,0,1
M035089_Costa Rica,1,0
M035090_Albania,1,2
M035090_France,2,1
M035091_Canada,4,1
M035091_Saint Lucia,1,4
M035092_Grenada,0,3
M035092_Belize,3,0
M035093_Cyprus,0,4
M035093_Portugal,4,0
M035094_Malta,1,3
M035094_Croatia,3,1
M035095_Ukraine,2,3
M035095_Uruguay,3,2
M035096_Turkey,2,1
M035096_Kazakhstan,1,2
M035097_Netherlands,11,0
M035097_San Marino,0,11
M035098_Trinidad and Tobago,1,0
M035098_Bermuda,0,1
M035099_Tajikistan,0,1
M035099_Uzbekistan,1,0
M035100_Suriname,1,0
M035100_Cayman Islands,0,1
M035101_Northern Ireland,0,1
M035101_Serbia,1,0
M035102_Saint Kitts and Nevis,0,0
M035102_Puerto Rico,0,0
M035103_Slovenia,1,2
M035103_Estonia,2,1
M035104_Russia,1,0
M035104_North Macedonia,0,1
M035105_Poland,1,1
M035105_Mexico,1,1
M035106_Peru,2,2
M035106_Bolivia,2,2
M035107_Panama,0,2
M035107_Paraguay,2,0
M035108_Oman,0,0
M035108_Saudi Arabia,0,0
M035109_Norway,1,0
M035109_Iceland,0,1
M035110_Spain,3,2
M035110_Chile,2,3
M035111_Lithuania,0,0
M035111_Liechtenstein,0,0
M035112_Luxembourg,0,2
M035112_Romania,2,0
M035113_Japan,1,0
M035113_North Korea,0,1
M035114_Dominica,0,2
M035114_Nicaragua,2,0
M035115_Ecuador,5,2
M035115_Jamaica,2,5
M035116_El Salvador,3,2
M035116_Dominican Republic,2,3
M035117_Faroe Islands,0,1
M035117_Italy,1,0
M035118_Finland,4,1
M035118_Moldova,1,4
M035119_Georgia,0,1
M035119_Latvia,1,0
M035120_Germany,6,2
M035120_Austria,2,6
M035121_Ghana,2,0
M035121_Eswatini,0,2
M035122_Wales,2,1
M035122_Montenegro,1,2
M035123_Guyana,2,0
M035123_Barbados,0,2
M035124_Haiti,6,0
M035124_United States Virgin Islands,0,6
M035125_Hungary,2,1
M035125_Sweden,1,2
M035126_Iran,3,0
M035126_Indonesia,0,3
M035127_Iraq,0,2
M035127_Jordan,2,0
M035128_Republic of Ireland,0,0
M035128_Slovakia,0,0
M035129_Israel,0,1
M035129_Greece,1,0
M035130_South Korea,6,0
M035130_Lebanon,0,6
M035131_China PR,2,1
M035131_Singapore,1,2
W004416_Solomon Islands,4,0
W004416_American Samoa,0,4
W004417_New Caledonia,2,1
W004417_Papua New Guinea,1,2
W004418_Guam,1,2
W004418_Fiji,2,1
W004419_Tonga,0,1
W004419_Cook Islands,1,0
M035132_Kenya,2,1
M035132_Guinea-Bissau,1,2
M035133_Sierra Leone,2,1
M035133_Egypt,1,2
M035134_Solomon Islands,6,1
M035134_Tuvalu,1,6
M035135_Senegal,2,0
M035135_DR Congo,0,2
M035136_Scotland,2,2
M035136_Czech Republic,2,2
M035137_Rwanda,0,5
M035137_Ivory Coast,5,0
M035138_New Caledonia,8,0
M035138_American Samoa,0,8
M035139_Namibia,1,0
M035139_Gambia,0,1
M035140_Mali,3,0
M035140_Cape Verde,0,3
M035141_Tanzania,1,1
M035141_Algeria,1,1
M035142_Malawi,0,0
M035142_Tunisia,0,0
M035143_Kiribati,1,17
M035143_Papua New Guinea,17,1
M035144_Honduras,0,2
M035144_Colombia,2,0
M035145_Guam,1,4
M035145_Vanuatu,4,1
M035146_Cook Islands,1,4
M035146_Fiji,4,1
M035147_Cameroon,5,0
M035147_Mauritius,0,5
M035148_Burkina Faso,1,0
M035148_Equatorial Guinea,0,1
M035149_Libya,1,0
M035149_Mozambique,0,1
W004420_Australia,5,1
W004420_Thailand,1,5
W004421_China PR,0,0
W004421_North Korea,0,0
W004422_South Korea,1,2
W004422_Japan,2,1
M035150_Central African Republic,0,0
M035150_Morocco,0,0
M035151_Angola,2,0
M035151_Uganda,0,2
M035152_Comoros,1,2
M035152_Zambia,2,1
M035153_Niger,2,1
M035153_South Africa,1,2
M035154_Congo,0,1
M035154_Sudan,1,0
M035155_Guinea,1,0
M035155_Ethiopia,0,1
M035156_Madagascar,0,2
M035156_Nigeria,2,0
M035157_Burundi,1,1
M035157_Benin,1,1
M035158_Togo,1,0
M035158_Botswana,0,1
M035159_Zimbabwe,3,0
M035159_Liberia,0,3
M035160_Mexico,1,0
M035160_Chile,0,1
W004423_Mozambique,0,1
W004423_Cameroon,1,0
M035161_Kiribati,1,17
M035161_Tahiti,17,1
M035162_Guam,1,1
M035162_Tuvalu,1,1
M035163_Brazil,1,0
M035163_Ghana,0,1
M035164_Bolivia,0,0
M035164_Peru,0,0
M035165_American Samoa,0,8
M035165_Vanuatu,8,0
M035166_Papua New Guinea,0,2
M035166_Fiji,2,0
M035167_New Caledonia,1,2
M035167_Solomon Islands,2,1
W004424_China PR,2,0
W004424_Thailand,0,2
W004425_Japan,1,0
W004425_Australia,0,1
W004426_South Korea,2,3
W004426_North Korea,3,2
W004427_Tanzania,1,2
W004427_Ghana,2,1
W004428_South Africa,4,1
W004428_Zimbabwe,1,4
W004429_Tahiti,4,0
W004429_American Samoa,0,4
W004430_Solomon Islands,0,1
W004430_Papua New Guinea,1,0
W004431_Tonga,0,0
W004431_Guam,0,0
W004432_Fiji,1,0
W004432_Cook Islands,0,1
M035168_Barbados,0,2
M035168_Trinidad and Tobago,2,0
M035169_Austria,0,0
M035169_Turkey,0,0
M035170_Argentina,3,1
M035170_Nigeria,1,3
M035171_Belgium,1,0
M035171_United States,0,1
M035172_Bosnia and Herzegovina,1,0
M035172_Belarus,0,1
M035173_Azerbaijan,3,2
M035173_Kazakhstan,2,3
M035174_Belize,1,2
M035174_Guatemala,2,1
M035175_Croatia,3,1
M035175_Israel,1,3
M035176_Russia,0,0
M035176_Republic of Ireland,0,0
M035177_Malta,1,1
M035177_Georgia,1,1
M035178_Moldova,0,2
M035178_Hungary,2,0
M035179_Nicaragua,1,2
M035179_Panama,2,1
M035180_Poland,2,2
M035180_Germany,2,2
M035181_Puerto Rico,0,3
M035181_Canada,3,0
M035182_Qatar,1,1
M035182_Iran,1,1
M035183_Romania,0,0
M035183_France,0,0
M035184_San Marino,0,5
M035184_Sweden,5,0
M035185_North Macedonia,1,0
M035185_Andorra,0,1
M035186_Saudi Arabia,1,3
M035186_Australia,3,1
M035187_Serbia,3,1
M035187_Faroe Islands,1,3
M035188_Singapore,0,2
M035188_Iraq,2,0
M035189_Slovakia,0,4
M035189_Armenia,4,0
M035190_Spain,6,0
M035190_Liechtenstein,0,6
M035191_Saint Lucia,2,4
M035191_Saint Kitts and Nevis,4,2
M035192_Switzerland,3,1
M035192_Bulgaria,1,3
M035193_Thailand,3,0
M035193_Oman,0,3
M035194_Uzbekistan,1,1
M035194_Japan,1,1
M035195_Scotland,1,0
M035195_Lithuania,0,1
M035196_Venezuela,2,1
M035196_Guinea,1,2
M035197_Luxembourg,2,1
M035197_Albania,1,2
M035198_Latvia,1,1
M035198_Greece,1,1
M035199_Curaçao,2,4
M035199_Haiti,4,2
M035200_Czech Republic,4,0
M035200_Ukraine,0,4
M035201_Denmark,2,0
M035201_Norway,0,2
M035202_Dominican Republic,1,1
M035202_Suriname,1,1
M035203_Ecuador,4,0
M035203_Costa Rica,0,4
M035204_England,1,0
M035204_Wales,0,1
M035205_Estonia,4,1
M035205_Northern Ireland,1,4
M035206_Finland,0,2
M035206_Netherlands,2,0
M035207_Lebanon,3,1
M035207_United Arab Emirates,1,3
M035208_Gabon,1,0
M035208_Niger,0,1
M035209_Honduras,0,3
M035209_Paraguay,3,0
M035210_Iceland,1,0
M035210_Cyprus,0,1
M035211_Indonesia,0,2
M035211_Bahrain,2,0
M035212_Italy,1,0
M035212_Slovenia,0,1
M035213_Jamaica,0,2
M035213_Colombia,2,0
M035214_Jordan,2,1
M035214_China PR,1,2
M035215_North Korea,1,0
M035215_Tajikistan,0,1
M035216_Kuwait,1,1
M035216_South Korea,1,1
M035217_Guyana,2,1
M035217_Bermuda,1,2
M035218_United States Virgin Islands,1,8
M035218_Antigua and Barbuda,8,1
M035219_Cayman Islands,1,4
M035219_El Salvador,4,1
M035220_New Caledonia,3,1
M035220_Tahiti,1,3
M035221_Solomon Islands,2,1
M035221_Fiji,1,2
M035222_Equatorial Guinea,3,0
M035222_Central African Republic,0,3
W004433_Algeria,0,3
W004433_Cameroon,3,0
W004434_Papua New Guinea,4,0
W004434_Fiji,0,4
W004435_New Caledonia,3,2
W004435_Tonga,2,3
W004436_Zimbabwe,1,2
W004436_Ghana,2,1
W004437_South Africa,2,2
W004437_Tanzania,2,2
W004438_China PR,0,1
W004438_Australia,1,0
W004439_North Korea,1,1
W004439_Japan,1,1
W004440_Thailand,0,3
W004440_South Korea,3,0
M035223_Tahiti,2,1
M035223_Fiji,1,2
M035224_New Caledonia,2,0
M035224_Solomon Islands,0,2
W004441_New Caledonia,1,2
W004441_Papua New Guinea,2,1
W004442_Tonga,0,1
W004442_Fiji,1,0
W004443_Mozambique,1,7
W004443_Algeria,7,1
M035225_Saint Vincent and the Grenadines,1,0
M035225_Dominica,0,1
W004444_China PR,0,1
W004444_Japan,1,0
W004445_South Korea,1,2
W004445_Australia,2,1
W004446_Tanzania,2,2
W004446_Zimbabwe,2,2
W004447_Thailand,0,5
W004447_North Korea,5,0
W004448_South Africa,2,2
W004448_Ghana,2,2
W004449_Cameroon,2,0
W004449_South Africa,0,2
M035226_Argentina,0,0
M035226_Brazil,0,0
W004450_Israel,0,5
W004450_France,5,0
W004451_Algeria,0,3
W004451_Ghana,3,0
W004452_Algeria,3,0
W004452_South Africa,0,3
W004453_Ghana,0,1
W004453_Cameroon,1,0
W004454_Austria,1,1
W004454_Czech Republic,1,1
W004455_Armenia,0,8
W004455_Portugal,8,0
W004456_Serbia,2,2
W004456_England,2,2
W004457_Wales,0,2
W004457_Republic of Ireland,2,0
W004458_Iceland,3,1
W004458_Norway,1,3
W004459_Turkey,1,10
W004459_Spain,10,1
W004460_Germany,4,1
W004460_Switzerland,1,4
W004461_Kazakhstan,0,3
W004461_Romania,3,0
W004462_Bosnia and Herzegovina,0,1
W004462_Italy,1,0
W004463_Belgium,2,1
W004463_Hungary,1,2
M035227_Saint Vincent and the Grenadines,2,1
M035227_Grenada,1,2
W004464_Estonia,1,4
W004464_Ukraine,4,1
W004465_Netherlands,6,0
W004465_Serbia,0,6
W004466_Armenia,0,5
W004466_Denmark,5,0
W004467_Iceland,0,0
W004467_Belgium,0,0
W004468_Poland,0,20
W004468_Russia,20,0
W004469_Switzerland,4,1
W004469_Romania,1,4
W004470_Norway,6,0
W004470_Hungary,0,6
W004471_Kazakhstan,2,0
W004471_Turkey,0,2
W004472_Republic of Ireland,1,3
W004472_France,3,1
W004473_England,4,0
W004473_Slovenia,0,4
M035228_Suriname,2,0
M035228_Curaçao,0,2
M035229_Suriname,2,2
M035229_Curaçao,2,2
M035230_Brazil,2,0
M035230_Argentina,0,2
M035231_Antigua and Barbuda,1,0
M035231_Martinique,0,1
M035232_Hong Kong,3,3
M035232_Philippines,3,3
W004474_Guatemala,3,1
W004474_Honduras,1,3
W004475_Costa Rica,5,0
W004475_Nicaragua,0,5
M035233_Ethiopia,1,2
M035233_Sudan,2,1
M035234_Hong Kong,5,1
M035234_Macau,1,5
M035235_Antigua and Barbuda,1,2
M035235_Martinique,2,1
W004476_Guatemala,4,0
W004476_Nicaragua,0,4
W004477_El Salvador,2,6
W004477_Costa Rica,6,2
W004478_Bahrain,12,0
W004478_Iraq,0,12
W004479_Jordan,8,1
W004479_Palestine,1,8
M035236_Philippines,2,0
M035236_Macau,0,2
M035237_Ethiopia,0,0
M035237_Malawi,0,0
W004480_Nicaragua,1,3
W004480_El Salvador,3,1
W004481_United Arab Emirates,6,0
W004481_Syria,0,6
W004482_Iran,8,1
W004482_Lebanon,1,8
W004483_Costa Rica,4,0
W004483_Honduras,0,4
M035238_Iran,7,0
M035238_Palestine,0,7
W004484_Jordan,2,2
W004484_Bahrain,2,2
W004485_Palestine,3,0
W004485_Iraq,0,3
M035239_Thailand,0,0
M035239_Jordan,0,0
M035240_China PR,2,1
M035240_United Arab Emirates,1,2
W004486_Syria,0,1
W004486_Lebanon,1,0
W004487_Guatemala,2,5
W004487_Costa Rica,5,2
W004488_Honduras,1,6
W004488_El Salvador,6,1
W004489_United Arab Emirates,1,4
W004489_Iran,4,1
M035241_Argentina,4,1
M035241_Chile,1,4
M035242_Andorra,0,2
M035242_Republic of Ireland,2,0
M035243_Armenia,4,1
M035243_North Macedonia,1,4
M035244_Belize,1,4
M035244_Grenada,4,1
M035245_Azerbaijan,1,4
M035245_Austria,4,1
M035246_Netherlands,1,0
M035246_Moldova,0,1
M035247_Northern Ireland,1,2
M035247_Estonia,2,1
M035248_Peru,2,0
M035248_Paraguay,0,2
M035249_Portugal,5,3
M035249_Iceland,3,5
M035250_Puerto Rico,1,1
M035250_Saint Kitts and Nevis,1,1
M035251_Romania,2,2
M035251_Belarus,2,2
M035252_Serbia,1,1
M035252_Italy,1,1
M035253_Singapore,2,0
M035253_Philippines,0,2
M035254_Montenegro,2,2
M035254_England,2,2
M035255_Slovakia,0,1
M035255_Russia,1,0
M035256_Turkey,1,3
M035256_Germany,3,1
M035257_Ukraine,3,0
M035257_Bulgaria,0,3
M035258_Australia,5,0
M035258_Malaysia,0,5
M035259_United States Virgin Islands,0,7
M035259_Haiti,7,0
M035260_Wales,2,0
M035260_Switzerland,0,2
M035261_Saint Vincent and the Grenadines,0,3
M035261_Guatemala,3,0
M035262_Saint Lucia,0,7
M035262_Canada,7,0
M035263_Latvia,2,0
M035263_Malta,0,2
M035264_Uruguay,4,2
M035264_Bolivia,2,4
M035265_Japan,1,0
M035265_Vietnam,0,1
M035266_South Korea,2,2
M035266_Poland,2,2
M035267_Belgium,4,1
M035267_Kazakhstan,1,4
M035268_Barbados,0,2
M035268_Guyana,2,0
M035269_Bermuda,2,1
M035269_Trinidad and Tobago,1,2
M035270_Bosnia and Herzegovina,5,0
M035270_Luxembourg,0,5
M035271_DR Congo,2,3
M035271_Cameroon,3,2
M035272_Costa Rica,0,1
M035272_Brazil,1,0
M035273_Curaçao,0,1
M035273_Antigua and Barbuda,1,0
M035274_Cyprus,1,4
M035274_Denmark,4,1
M035275_Cayman Islands,0,1
M035275_Suriname,1,0
M035276_Dominica,0,5
M035276_Panama,5,0
M035277_Dominican Republic,1,2
M035277_El Salvador,2,1
M035278_Ecuador,2,0
M035278_Venezuela,0,2
M035279_Finland,1,2
M035279_Sweden,2,1
M035280_France,3,0
M035280_Albania,0,3
M035281_Indonesia,0,0
M035281_Saudi Arabia,0,0
M035282_Czech Republic,0,2
M035282_Spain,2,0
M035283_Gabon,2,0
M035283_Equatorial Guinea,0,2
M035284_Greece,2,0
M035284_Croatia,0,2
W004490_Iraq,0,4
W004490_Jordan,4,0
W004491_Bahrain,8,0
W004491_Palestine,0,8
M035285_Uganda,0,0
M035285_Kenya,0,0
M035286_United States,1,0
M035286_Honduras,0,1
M035287_Zambia,0,0
M035287_Libya,0,0
M035288_Tunisia,2,0
M035288_Togo,0,2
M035289_Eswatini,0,1
M035289_Congo,1,0
M035290_Liechtenstein,0,1
M035290_Scotland,1,0
M035291_South Africa,0,0
M035291_Sierra Leone,0,0
M035292_Cape Verde,2,1
M035292_Zimbabwe,1,2
M035293_Chad,2,2
M035293_Malawi,2,2
M035294_Egypt,3,0
M035294_Niger,0,3
M035295_Ethiopia,4,2
M035295_Madagascar,2,4
M035296_Gambia,1,1
M035296_Burkina Faso,1,1
M035297_Sudan,0,2
M035297_Ghana,2,0
M035298_Guinea-Bissau,0,2
M035298_Angola,2,0
M035299_Liberia,2,2
M035299_Mali,2,2
M035300_Mozambique,3,0
M035300_Comoros,0,3
M035301_Nigeria,2,2
M035301_Guinea,2,2
W004492_Guatemala,2,1
W004492_El Salvador,1,2
W004493_United Arab Emirates,5,0
W004493_Lebanon,0,5
W004494_Iran,4,1
W004494_Syria,1,4
W004495_Nicaragua,0,1
W004495_Honduras,1,0
M035302_Morocco,3,1
M035302_Tanzania,1,3
M035303_Ivory Coast,2,1
M035303_Burundi,1,2
M035304_Benin,0,1
M035304_Rwanda,1,0
M035305_Algeria,2,0
M035305_Central African Republic,0,2
M035306_Mauritius,0,2
M035306_Senegal,2,0
W004496_United Arab Emirates,4,0
W004496_Bahrain,0,4
W004497_Iran,3,2
W004497_Jordan,2,3
M035307_Georgia,1,2
M035307_Greece,2,1
M035308_United States,0,1
M035308_Ecuador,1,0
M035309_France,1,1
M035309_Bosnia and Herzegovina,1,1
M035310_North Korea,0,1
M035310_Uzbekistan,1,0
M035311_Kazakhstan,0,0
M035311_Austria,0,0
M035312_Japan,8,0
M035312_Tajikistan,0,8
M035313_Italy,3,0
M035313_Northern Ireland,0,3
M035314_Republic of Ireland,2,1
M035314_Armenia,1,2
M035315_Iran,6,0
M035315_Bahrain,0,6
M035316_Indonesia,2,3
M035316_Qatar,3,2
M035317_Hungary,0,0
M035317_Finland,0,0
M035318_Honduras,2,1
M035318_Jamaica,1,2
M035319_Haiti,2,2
M035319_Curaçao,2,2
M035320_Guatemala,3,1
M035320_Belize,1,3
M035321_Ghana,0,0
M035321_Nigeria,0,0
M035322_Albania,1,1
M035322_Romania,1,1
M035323_Antigua and Barbuda,10,0
M035323_United States Virgin Islands,0,10
M035324_Australia,3,0
M035324_Oman,0,3
M035325_Belarus,0,2
M035325_Poland,2,0
M035326_Bermuda,1,1
M035326_Guyana,1,1
M035327_Estonia,0,2
M035327_Ukraine,2,0
M035328_Bolivia,1,2
M035328_Colombia,2,1
M035329_Bulgaria,0,1
M035329_Wales,1,0
M035330_Canada,0,0
M035330_Puerto Rico,0,0
M035331_Chile,4,2
M035331_Peru,2,4
M035332_China PR,0,1
M035332_Iraq,1,0
M035333_Croatia,2,0
M035333_Latvia,0,2
M035334_Denmark,2,1
M035334_Portugal,1,2
M035335_South Korea,2,1
M035335_United Arab Emirates,1,2
M035336_El Salvador,4,0
M035336_Cayman Islands,0,4
M035337_Equatorial Guinea,1,1
M035337_Cameroon,1,1
M035338_Lithuania,1,4
M035338_Czech Republic,4,1
M035339_Venezuela,1,0
M035339_Argentina,0,1
M035340_Germany,3,1
M035340_Belgium,1,3
M035341_Turkey,1,0
M035341_Azerbaijan,0,1
M035342_Trinidad and Tobago,4,0
M035342_Barbados,0,4
M035343_Thailand,0,0
M035343_Saudi Arabia,0,0
M035344_Switzerland,2,0
M035344_Montenegro,0,2
M035345_Sweden,3,2
M035345_Netherlands,2,3
M035346_Suriname,1,3
M035346_Dominican Republic,3,1
M035347_Lebanon,2,2
M035347_Kuwait,2,2
M035348_Spain,3,1
M035348_Scotland,1,3
M035349_Saint Kitts and Nevis,1,1
M035349_Saint Lucia,1,1
M035350_Singapore,0,3
M035350_Jordan,3,0
M035351_Russia,6,0
M035351_Andorra,0,6
M035352_Philippines,4,0
M035352_Nepal,0,4
M035353_Paraguay,1,1
M035353_Uruguay,1,1
M035354_Panama,5,1
M035354_Nicaragua,1,5
M035355_Norway,3,1
M035355_Cyprus,1,3
M035356_Moldova,4,0
M035356_San Marino,0,4
M035357_Mexico,1,2
M035357_Brazil,2,1
M035358_Malta,0,2
M035358_Israel,2,0
M035359_North Macedonia,1,1
M035359_Slovakia,1,1
M035360_Slovenia,1,0
M035360_Serbia,0,1
W004498_Israel,1,6
W004498_Scotland,6,1
W004499_Bahrain,0,0
W004499_Jordan,0,0
W004500_United Arab Emirates,2,2
W004500_Iran,2,2
M035361_Grenada,1,1
M035361_Saint Vincent and the Grenadines,1,1
W004501_Vietnam,9,1
W004501_Singapore,1,9
W004502_Laos,11,0
W004502_Indonesia,0,11
W004503_Myanmar,2,0
W004503_Philippines,0,2
W004504_Thailand,8,1
W004504_Malaysia,1,8
W004505_Canada,3,1
W004505_Costa Rica,1,3
W004506_Laos,0,4
W004506_Vietnam,4,0
W004507_Singapore,1,3
W004507_Indonesia,3,1
W004508_Argentina,0,2
W004508_Brazil,2,0
W004509_Mexico,0,0
W004509_Chile,0,0
W004510_Colombia,1,0
W004510_Trinidad and Tobago,0,1
W004511_Malaysia,0,8
W004511_Myanmar,8,0
W004512_Philippines,1,5
W004512_Thailand,5,1
W004513_Indonesia,0,14
W004513_Vietnam,14,0
W004514_Chile,0,1
W004514_Colombia,1,0
W004515_Mexico,1,1
W004515_Trinidad and Tobago,1,1
W004516_Canada,1,0
W004516_Argentina,0,1
W004517_Brazil,2,1
W004517_Costa Rica,1,2
W004518_Laos,5,0
W004518_Singapore,0,5
W004519_Myanmar,1,3
W004519_Thailand,3,1
W004520_Philippines,2,2
W004520_Malaysia,2,2
W004521_Czech Republic,1,0
W004521_Portugal,0,1
W004522_Slovenia,1,2
W004522_Serbia,2,1
W004523_Croatia,0,3
W004523_Netherlands,3,0
W004524_Finland,6,0
W004524_Estonia,0,6
W004525_Wales,1,4
W004525_France,4,1
W004526_Denmark,3,0
W004526_Austria,0,3
W004527_Trinidad and Tobago,0,3
W004527_Chile,3,0
W004528_Mexico,1,0
W004528_Colombia,0,1
W004529_Costa Rica,3,3
W004529_Argentina,3,3
W004530_Brazil,0,0
W004530_Canada,0,0
W004531_Ukraine,0,0
W004531_Slovakia,0,0
W004532_Republic of Ireland,2,0
W004532_Israel,0,2
W004533_Romania,0,3
W004533_Germany,3,0
W004534_Hungary,0,1
W004534_Iceland,1,0
W004535_Turkey,0,0
W004535_Kazakhstan,0,0
W004536_Poland,2,0
W004536_Greece,0,2
W004537_Macedonia,0,9
W004537_Italy,9,0
W004538_Russia,4,1
W004538_Bosnia and Herzegovina,1,4
W004539_Bulgaria,0,1
W004539_Northern Ireland,1,0
W004540_Laos,0,4
W004540_Thailand,4,0
W004541_Vietnam,1,2
W004541_Myanmar,2,1
W004542_Spain,3,2
W004542_Switzerland,2,3
W004543_Laos,0,6
W004543_Vietnam,6,0
W004544_Mexico,0,1
W004544_Brazil,1,0
W004545_Colombia,1,2
W004545_Canada,2,1
W004546_Myanmar,1,2
W004546_Thailand,2,1
W004547_Northern Ireland,0,2
W004547_Iceland,2,0
W004548_Belgium,0,1
W004548_Norway,1,0
W004549_Poland,4,0
W004549_Bosnia and Herzegovina,0,4
W004550_Italy,2,0
W004550_Russia,0,2
W004551_Macedonia,1,1
W004551_Greece,1,1
W004552_Slovakia,3,1
W004552_Estonia,1,3
W004553_Austria,3,0
W004553_Armenia,0,3
W004554_France,5,0
W004554_Israel,0,5
W004555_Portugal,0,3
W004555_Denmark,3,0
W004556_Scotland,2,2
W004556_Wales,2,2
W004557_Bulgaria,0,4
W004557_Hungary,4,0
W004558_Kazakhstan,0,4
W004558_Spain,4,0
W004559_Romania,7,1
W004559_Turkey,1,7
W004560_Mexico,1,0
W004560_Colombia,0,1
W004561_Netherlands,0,0
W004561_England,0,0
W004562_Belarus,2,2
W004562_Finland,2,2
W004563_Brazil,1,1
W004563_Canada,1,1
W004564_Croatia,3,3
W004564_Slovenia,3,3
M035362_Namibia,0,0
M035362_Lesotho,0,0
M035363_Qatar,0,0
M035363_Oman,0,0
M035364_Kuwait,0,1
M035364_Bahrain,1,0
M035365_Antigua and Barbuda,0,0
M035365_Guadeloupe,0,0
M035366_Iraq,1,0
M035366_Lebanon,0,1
M035367_Lesotho,0,3
M035367_DR Congo,3,0
M035368_Gabon,0,2
M035368_Brazil,2,0
M035369_Paraguay,2,1
M035369_Ecuador,1,2
M035370_Suriname,1,3
M035370_El Salvador,3,1
M035371_Jordan,2,0
M035371_Singapore,0,2
M035372_Kuwait,0,1
M035372_Lebanon,1,0
M035373_Mexico,2,0
M035373_Serbia,0,2
M035374_Morocco,0,1
M035374_Uganda,1,0
M035375_Netherlands,0,0
M035375_Switzerland,0,0
M035376_Nicaragua,1,0
M035376_Dominica,0,1
M035377_Oman,1,0
M035377_Australia,0,1
M035378_Panama,2,0
M035378_Costa Rica,0,2
M035379_Poland,0,2
M035379_Italy,2,0
M035380_Puerto Rico,4,0
M035380_Saint Lucia,0,4
M035381_Qatar,4,0
M035381_Indonesia,0,4
M035382_Iraq,1,0
M035382_China PR,0,1
M035383_São Tomé and Príncipe,0,5
M035383_Congo,5,0
M035384_Seychelles,0,3
M035384_Kenya,3,0
M035385_Saint Kitts and Nevis,0,0
M035385_Canada,0,0
M035386_Eswatini,1,3
M035386_DR Congo,3,1
M035387_Tajikistan,0,4
M035387_Japan,4,0
M035388_Turkey,0,3
M035388_Croatia,3,0
M035389_Ukraine,3,3
M035389_Germany,3,3
M035390_United Arab Emirates,0,2
M035390_South Korea,2,0
M035391_Uruguay,4,0
M035391_Chile,0,4
M035392_Uzbekistan,1,0
M035392_North Korea,0,1
M035393_United States Virgin Islands,0,3
M035393_Curaçao,3,0
M035394_Belize,1,1
M035394_Saint Vincent and the Grenadines,1,1
M035395_Saudi Arabia,3,0
M035395_Thailand,0,3
M035396_Hungary,5,0
M035396_Liechtenstein,0,5
M035397_Lesotho,1,0
M035397_Burundi,0,1
M035398_Guyana,2,1
M035398_Trinidad and Tobago,1,2
M035399_Albania,0,1
M035399_Azerbaijan,1,0
M035400_Antigua and Barbuda,1,0
M035400_Haiti,0,1
M035401_Argentina,1,1
M035401_Bolivia,1,1
M035402_Bahrain,1,1
M035402_Iran,1,1
M035403_Belgium,2,1
M035403_Romania,1,2
M035404_Bermuda,2,1
M035404_Barbados,1,2
M035405_Bosnia and Herzegovina,0,0
M035405_Portugal,0,0
M035406_Burkina Faso,1,1
M035406_Mali,1,1
M035407_Cameroon,3,1
M035407_Sudan,1,3
M035408_Colombia,1,1
M035408_Venezuela,1,1
M035409_Comoros,0,1
M035409_Mozambique,1,0
M035410_Cyprus,1,2
M035410_Scotland,2,1
M035411_Chad,1,2
M035411_Tanzania,2,1
M035412_Denmark,2,0
M035412_Sweden,0,2
M035413_Guinea-Bissau,1,1
M035413_Togo,1,1
M035414_Guatemala,3,0
M035414_Grenada,0,3
M035415_Greece,1,1
M035415_Russia,1,1
M035416_Czech Republic,2,0
M035416_Montenegro,0,2
M035417_Georgia,2,0
M035417_Moldova,0,2
M035418_Estonia,0,4
M035418_Republic of Ireland,4,0
M035419_France,1,0
M035419_United States,0,1
M035420_Equatorial Guinea,2,0
M035420_Madagascar,0,2
M035421_Dominican Republic,4,0
M035421_Cayman Islands,0,4
M035422_Djibouti,0,4
M035422_Namibia,4,0
M035423_Eritrea,1,1
M035423_Rwanda,1,1
M035424_Nigeria,0,0
M035424_Botswana,0,0
M035425_South Africa,1,1
M035425_Ivory Coast,1,1
M035426_Wales,4,1
M035426_Norway,1,4
M035427_Algeria,1,0
M035427_Tunisia,0,1
M035428_England,1,0
M035428_Spain,0,1
M035429_Somalia,0,0
M035429_Ethiopia,0,0
M035430_Sudan,0,0
M035430_Uganda,0,0
M035431_Morocco,1,1
M035431_Cameroon,1,1
M035432_India,1,1
M035432_Malaysia,1,1
M035433_Honduras,2,0
M035433_Serbia,0,2
M035434_Puerto Rico,3,0
M035434_Saint Lucia,0,3
M035435_Brazil,2,0
M035435_Egypt,0,2
M035436_Cayman Islands,1,1
M035436_Dominican Republic,1,1
M035437_Bermuda,2,1
M035437_Barbados,1,2
M035438_Ukraine,2,1
M035438_Austria,1,2
M035439_Kuwait,2,1
M035439_United Arab Emirates,1,2
M035440_Lebanon,2,1
M035440_South Korea,1,2
M035441_Luxembourg,0,1
M035441_Switzerland,1,0
M035442_North Macedonia,0,0
M035442_Albania,0,0
M035443_Madagascar,2,1
M035443_Equatorial Guinea,1,2
M035444_Montenegro,0,1
M035444_Czech Republic,1,0
M035445_Mozambique,4,1
M035445_Comoros,1,4
M035446_Namibia,4,0
M035446_Djibouti,0,4
M035447_Niger,1,1
M035447_Botswana,1,1
M035448_Nigeria,2,0
M035448_Zambia,0,2
M035449_Panama,3,0
M035449_Dominica,0,3
M035450_Poland,2,1
M035450_Hungary,1,2
M035451_Qatar,0,0
M035451_Bahrain,0,0
M035452_Rwanda,3,1
M035452_Eritrea,1,3
M035453_Saudi Arabia,0,0
M035453_Oman,0,0
M035454_Singapore,0,4
M035454_China PR,4,0
M035455_Slovenia,2,3
M035455_United States,3,2
M035456_Tanzania,0,1
M035456_Chad,1,0
M035457_Thailand,0,1
M035457_Australia,1,0
M035458_Togo,1,0
M035458_Guinea-Bissau,0,1
M035459_Trinidad and Tobago,2,0
M035459_Guyana,0,2
M035460_Saint Vincent and the Grenadines,0,2
M035460_Belize,2,0
M035461_North Korea,1,0
M035461_Japan,0,1
M035462_Portugal,6,2
M035462_Bosnia and Herzegovina,2,6
M035463_Kenya,4,0
M035463_Seychelles,0,4
M035464_Uzbekistan,3,0
M035464_Tajikistan,0,3
M035465_Italy,0,1
M035465_Uruguay,1,0
M035466_Zimbabwe,2,1
M035466_South Africa,1,2
M035467_Belarus,1,1
M035467_Libya,1,1
M035468_Burundi,2,2
M035468_Lesotho,2,2
M035469_Canada,4,0
M035469_Saint Kitts and Nevis,0,4
M035470_Jordan,1,3
M035470_Iraq,3,1
M035471_Colombia,1,2
M035471_Argentina,2,1
M035472_Congo,1,1
M035472_São Tomé and Príncipe,1,1
M035473_DR Congo,5,1
M035473_Eswatini,1,5
M035474_Costa Rica,2,2
M035474_Spain,2,2
M035475_Croatia,0,0
M035475_Turkey,0,0
M035476_Curaçao,6,1
M035476_United States Virgin Islands,1,6
M035477_Denmark,2,1
M035477_Finland,1,2
M035478_Chile,2,0
M035478_Paraguay,0,2
M035479_El Salvador,4,0
M035479_Suriname,0,4
M035480_Ecuador,2,0
M035480_Peru,0,2
M035481_Republic of Ireland,1,1
M035481_Estonia,1,1
M035482_Indonesia,1,4
M035482_Iran,4,1
M035483_Haiti,2,1
M035483_Antigua and Barbuda,1,2
M035484_Guinea,1,1
M035484_Burkina Faso,1,1
M035485_Venezuela,1,0
M035485_Bolivia,0,1
M035486_Greece,1,3
M035486_Romania,3,1
M035487_Ghana,2,1
M035487_Gabon,1,2
M035488_Germany,3,0
M035488_Netherlands,0,3
M035489_Grenada,1,4
M035489_Guatemala,4,1
M035490_France,0,0
M035490_Belgium,0,0
M035491_England,1,0
M035491_Sweden,0,1
M035492_India,3,2
M035492_Malaysia,2,3
M035493_Ethiopia,5,0
M035493_Somalia,0,5
W004565_Macedonia,2,6
W004565_Bosnia and Herzegovina,6,2
W004566_Greece,0,4
W004566_Russia,4,0
W004567_Germany,17,0
W004567_Kazakhstan,0,17
W004568_Belgium,5,0
W004568_Bulgaria,0,5
W004569_Northern Ireland,3,1
W004569_Norway,1,3
W004570_Slovakia,3,0
W004570_Belarus,0,3
W004571_Serbia,4,2
W004571_Croatia,2,4
W004572_Slovenia,0,2
W004572_Netherlands,2,0
W004573_Portugal,0,1
W004573_Austria,1,0
W004574_Poland,0,5
W004574_Italy,5,0
W004575_Israel,0,2
W004575_Wales,2,0
W004576_Romania,0,4
W004576_Spain,4,0
W004577_Czech Republic,5,0
W004577_Armenia,0,5
M035494_American Samoa,2,1
M035494_Tonga,1,2
M035495_Maldives,3,0
M035495_Seychelles,0,3
M035496_Samoa,3,2
M035496_Cook Islands,2,3
W004578_England,2,0
W004578_Serbia,0,2
W004579_Denmark,11,0
W004579_Armenia,0,11
W004580_Bulgaria,0,1
W004580_Belgium,1,0
W004581_Turkey,1,2
W004581_Romania,2,1
W004582_Italy,2,0
W004582_Greece,0,2
W004583_Macedonia,0,3
W004583_Poland,3,0
W004584_Hungary,2,2
W004584_Northern Ireland,2,2
M035497_Samoa,1,1
M035497_Tonga,1,1
M035498_Maldives,2,1
M035498_Seychelles,1,2
M035499_American Samoa,1,1
M035499_Cook Islands,1,1
W004585_Netherlands,2,0
W004585_Croatia,0,2
W004586_Ukraine,0,1
W004586_Belarus,1,0
W004587_Spain,2,2
W004587_Germany,2,2
W004588_Switzerland,8,1
W004588_Kazakhstan,1,8
M035500_Uganda,2,1
M035500_Zanzibar,1,2
M035501_Burundi,4,1
M035501_Somalia,1,4
M035502_Tonga,2,1
M035502_Cook Islands,1,2
M035503_Tanzania,0,1
M035503_Rwanda,1,0
M035504_Samoa,1,0
M035504_American Samoa,0,1
M035505_Zanzibar,0,0
M035505_Burundi,0,0
M035506_Zimbabwe,2,0
M035506_Djibouti,0,2
M035507_Somalia,0,4
M035507_Uganda,4,0
M035508_Sudan,1,1
M035508_Ethiopia,1,1
M035509_Kenya,0,2
M035509_Malawi,2,0
M035510_India,0,5
M035510_Zambia,5,0
M035511_Rwanda,2,0
M035511_Zimbabwe,0,2
M035512_Tanzania,3,0
M035512_Djibouti,0,3
M035513_Ethiopia,0,2
M035513_Kenya,2,0
M035514_Malawi,0,0
M035514_Sudan,0,0
M035515_Somalia,0,3
M035515_Zanzibar,3,0
M035516_Burundi,1,0
M035516_Uganda,0,1
M035517_Rwanda,5,2
M035517_Djibouti,2,5
M035518_Maldives,1,1
M035518_Nepal,1,1
M035519_Ethiopia,1,1
M035519_Malawi,1,1
M035520_Curaçao,1,3
M035520_Bonaire,3,1
M035521_Bangladesh,0,0
M035521_Pakistan,0,0
M035522_Suriname,0,0
M035522_Aruba,0,0
M035523_Tanzania,1,2
M035523_Zimbabwe,2,1
M035524_Sri Lanka,3,0
M035524_Bhutan,0,3
M035525_India,1,1
M035525_Afghanistan,1,1
M035526_Kenya,0,1
M035526_Sudan,1,0
M035527_Suriname,2,0
M035527_Curaçao,0,2
M035528_Bangladesh,0,1
M035528_Nepal,1,0
M035529_Bonaire,2,2
M035529_Aruba,2,2
M035530_Maldives,0,0
M035530_Pakistan,0,0
M035531_Chagos Islands,6,1
M035531_Raetia,1,6
M035532_India,5,0
M035532_Bhutan,0,5
M035533_Burundi,0,2
M035533_Sudan,2,0
M035534_Sri Lanka,1,3
M035534_Afghanistan,3,1
M035535_Rwanda,2,1
M035535_Zanzibar,1,2
M035536_Bahrain,0,1
M035536_Palestine,1,0
M035537_Maldives,3,1
M035537_Bangladesh,1,3
M035538_Pakistan,1,1
M035538_Nepal,1,1
M035539_Tanzania,1,0
M035539_Malawi,0,1
M035540_Uganda,1,0
M035540_Zimbabwe,0,1
M035541_Bhutan,1,8
M035541_Afghanistan,8,1
M035542_India,3,0
M035542_Sri Lanka,0,3
M035543_Sudan,1,2
M035543_Rwanda,2,1
M035544_Tanzania,1,3
M035544_Uganda,3,1
W004589_Denmark,4,0
W004589_Chile,0,4
W004590_Brazil,5,1
W004590_Italy,1,5
M035545_Afghanistan,1,0
M035545_Nepal,0,1
M035546_India,3,1
M035546_Maldives,1,3
M035547_Tanzania,0,1
M035547_Sudan,1,0
M035548_Rwanda,2,2
M035548_Uganda,2,2
M035549_Cuba,1,1
M035549_Costa Rica,1,1
M035550_India,4,0
M035550_Afghanistan,0,4
W004591_Brazil,4,0
W004591_Chile,0,4
W004592_Denmark,2,2
W004592_Italy,2,2
M035551_Angola,1,1
M035551_Cameroon,1,1
W004593_Brazil,0,1
W004593_Denmark,1,0
W004594_Chile,0,6
W004594_Italy,6,0
M035552_Angola,1,0
M035552_Zambia,0,1
M035553_Chile,3,2
M035553_Paraguay,2,3
M035554_Venezuela,0,2
M035554_Costa Rica,2,0
M035555_Angola,0,0
M035555_Namibia,0,0
M035556_Basque Country,0,2
M035556_Tunisia,2,0
M035557_Occitania,2,0
M035557_Cilento,0,2
M035558_Catalonia,0,0
M035558_Tunisia,0,0
M035559_Equatorial Guinea,0,0
M035559_South Africa,0,0
M035560_Botswana,0,0
M035560_Zimbabwe,0,0
M035561_Tunisia,3,0
M035561_Sudan,0,3
M035562_Gabon,0,0
M035562_Burkina Faso,0,0
M035563_Nigeria,0,0
M035563_Angola,0,0
M035564_Senegal,1,0
M035564_Sudan,0,1
M035565_Tunisia,0,2
M035565_Ivory Coast,2,0
M035566_Angola,3,1
M035566_Sierra Leone,1,3
M035567_Zambia,0,0
M035567_Namibia,0,0
M035568_Gozo,17,1
M035568_Raetia,1,17
W004595_Uganda,1,1
W004595_DR Congo,1,1
W004596_Botswana,0,1
W004596_Zimbabwe,1,0
W004597_Morocco,2,0
W004597_Tunisia,0,2
W004598_Zambia,7,0
W004598_Malawi,0,7
W004599_Ivory Coast,5,1
W004599_Guinea,1,5
W004600_Namibia,0,2
W004600_Tanzania,2,0
W004601_Egypt,4,2
W004601_Ethiopia,2,4
M035569_São Tomé and Príncipe,1,0
M035569_Lesotho,0,1
M035570_Oman,2,2
M035570_DR Congo,2,2
W004602_Mali,0,3
W004602_Ghana,3,0
M035571_Gabon,0,0
M035571_Sudan,0,0
M035572_Ivory Coast,1,0
M035572_Libya,0,1
M035573_Kuwait,1,0
M035573_Uzbekistan,0,1
M035574_Thailand,0,1
M035574_Norway,1,0
M035575_Bahrain,0,2
M035575_Sweden,2,0
W004603_Costa Rica,2,0
W004603_Cuba,0,2
W004604_Canada,6,0
W004604_Haiti,0,6
W004605_Mexico,5,0
W004605_Guatemala,0,5
W004606_Dominican Republic,0,14
W004606_United States,14,0
M035576_Senegal,1,2
M035576_Zambia,2,1
M035577_United States,1,0
M035577_Venezuela,0,1
M035578_Equatorial Guinea,1,0
M035578_Libya,0,1
W004607_Haiti,0,2
W004607_Costa Rica,2,0
W004608_Canada,2,0
W004608_Cuba,0,2
M035579_Lebanon,1,0
M035579_Iraq,0,1
M035580_Burkina Faso,1,2
M035580_Angola,2,1
M035581_Ivory Coast,1,0
M035581_Sudan,0,1
M035582_Trinidad and Tobago,2,3
M035582_Finland,3,2
M035583_Lesotho,0,0
M035583_São Tomé and Príncipe,0,0
W004609_Mexico,7,0
W004609_Dominican Republic,0,7
W004610_United States,13,0
W004610_Guatemala,0,13
M035584_Gabon,2,0
M035584_Niger,0,2
M035585_Morocco,1,2
M035585_Tunisia,2,1
W004611_Canada,5,1
W004611_Costa Rica,1,5
W004612_Cuba,0,3
W004612_Haiti,3,0
M035586_Ghana,1,0
M035586_Botswana,0,1
M035587_Mali,1,0
M035587_Guinea,0,1
W004613_Guatemala,6,0
W004613_Dominican Republic,0,6
W004614_United States,4,0
W004614_Mexico,0,4
M035588_Panama,0,1
M035588_United States,1,0
M035589_Equatorial Guinea,2,1
M035589_Senegal,1,2
M035590_Libya,2,2
M035590_Zambia,2,2
M035591_Mexico,3,1
M035591_Venezuela,1,3
M035592_Sudan,2,2
M035592_Angola,2,2
M035593_Ivory Coast,2,0
M035593_Burkina Faso,0,2
M035594_Niger,1,2
M035594_Tunisia,2,1
M035595_Gabon,3,2
M035595_Morocco,2,3
M035596_Romania,4,0
M035596_Turkmenistan,0,4
W004615_United States,3,0
W004615_Costa Rica,0,3
W004616_Canada,3,1
W004616_Mexico,1,3
M035597_Botswana,1,6
M035597_Guinea,6,1
M035598_Ghana,2,0
M035598_Mali,0,2
W004617_DR Congo,4,0
W004617_Uganda,0,4
W004618_Tunisia,2,0
W004618_Morocco,0,2
M035599_Equatorial Guinea,0,1
M035599_Zambia,1,0
M035600_Libya,2,1
M035600_Senegal,1,2
M035601_United Arab Emirates,1,0
M035601_Uzbekistan,0,1
W004619_Ethiopia,4,0
W004619_Egypt,0,4
W004620_Tanzania,5,2
W004620_Namibia,2,5
W004621_Guinea,0,5
W004621_Ivory Coast,5,0
W004622_Malawi,4,2
W004622_Zambia,2,4
W004623_Zimbabwe,2,1
W004623_Botswana,1,2
W004624_Ghana,5,0
W004624_Mali,0,5
W004625_Canada,0,4
W004625_United States,4,0
M035602_Ivory Coast,2,0
M035602_Angola,0,2
M035603_Sudan,2,1
M035603_Burkina Faso,1,2
M035604_Niger,0,1
M035604_Morocco,1,0
M035605_Gabon,1,0
M035605_Tunisia,0,1
M035606_Ghana,1,1
M035606_Guinea,1,1
M035607_Botswana,1,2
M035607_Mali,2,1
M035608_Equatorial Guinea,0,3
M035608_Ivory Coast,3,0
M035609_Zambia,3,0
M035609_Sudan,0,3
M035610_Ghana,2,1
M035610_Tunisia,1,2
M035611_Gabon,1,1
M035611_Mali,1,1
M035612_Mali,0,1
M035612_Ivory Coast,1,0
M035613_Zambia,1,0
M035613_Ghana,0,1
M035614_Ghana,0,2
M035614_Mali,2,0
M035615_Zambia,0,0
M035615_Ivory Coast,0,0
W004626_United States,2,1
W004626_New Zealand,1,2
M035616_Paraguay,2,0
M035616_Chile,0,2
M035617_Liberia,0,2
M035617_Nigeria,2,0
W004627_Greece,2,3
W004627_Bosnia and Herzegovina,3,2
W004628_Turkey,0,5
W004628_Germany,5,0
W004629_Belgium,2,2
W004629_Northern Ireland,2,2
W004630_Portugal,6,0
W004630_Armenia,0,6
W004631_China PR,1,0
W004631_Mexico,0,1
W004632_South Korea,0,1
W004632_North Korea,1,0
M035618_North Korea,1,1
M035618_Kuwait,1,1
W004633_China PR,0,0
W004633_South Korea,0,0
W004634_Mexico,0,1
W004634_North Korea,1,0
W004635_Mexico,2,3
W004635_South Korea,3,2
W004636_China PR,0,0
W004636_North Korea,0,0
M035619_Grenada,1,2
M035619_Guyana,2,1
M035620_Jamaica,1,0
M035620_Cuba,0,1
M035621_Paraguay,2,1
M035621_Guatemala,1,2
M035622_China PR,2,0
M035622_Kuwait,0,2
M035623_Iran,2,2
M035623_Jordan,2,2
M035624_Tanzania,0,0
M035624_DR Congo,0,0
M035625_Oman,5,1
M035625_India,1,5
M035626_United Arab Emirates,3,0
M035626_Palestine,0,3
M035627_Thailand,3,0
M035627_Maldives,0,3
M035628_Singapore,2,2
M035628_Azerbaijan,2,2
M035629_Nicaragua,1,0
M035629_Puerto Rico,0,1
M035630_Japan,3,1
M035630_Iceland,1,3
M035631_Jamaica,3,0
M035631_Cuba,0,3
M035632_South Korea,4,2
M035632_Uzbekistan,2,4
M035633_Nicaragua,4,1
M035633_Puerto Rico,1,4
M035634_India,0,3
M035634_Azerbaijan,3,0
M035635_Egypt,5,0
M035635_Kenya,0,5
M035636_Armenia,0,2
M035636_Serbia,2,0
M035637_Bosnia and Herzegovina,1,2
M035637_Brazil,2,1
W004637_New Zealand,2,0
W004637_Northern Ireland,0,2
W004638_South Korea,2,1
W004638_South Africa,1,2
W004639_Canada,5,1
W004639_Scotland,1,5
W004640_Netherlands,2,1
W004640_Italy,1,2
W004641_England,3,1
W004641_Finland,1,3
W004642_France,3,0
W004642_Switzerland,0,3
M035638_Greece,1,1
M035638_Belgium,1,1
M035639_Israel,2,3
M035639_Ukraine,3,2
M035640_Armenia,3,1
M035640_Canada,1,3
M035641_Wales,0,1
M035641_Costa Rica,1,0
M035642_United Arab Emirates,4,2
M035642_Lebanon,2,4
M035643_Turkey,1,2
M035643_Slovakia,2,1
M035644_Tunisia,1,1
M035644_Peru,1,1
M035645_Tajikistan,1,1
M035645_North Korea,1,1
M035646_Switzerland,1,3
M035646_Argentina,3,1
M035647_Ethiopia,0,0
M035647_Benin,0,0
M035648_Spain,5,0
M035648_Venezuela,0,5
M035649_Slovenia,1,1
M035649_Scotland,1,1
M035650_Romania,1,1
M035650_Uruguay,1,1
M035651_Poland,0,0
M035651_Portugal,0,0
M035652_Philippines,1,1
M035652_Malaysia,1,1
M035653_Paraguay,1,0
M035653_Panama,0,1
M035654_Palestine,2,0
M035654_Azerbaijan,0,2
M035655_South Africa,0,0
M035655_Senegal,0,0
M035656_Rwanda,0,0
M035656_Nigeria,0,0
M035657_Congo,3,1
M035657_Uganda,1,3
M035658_Burundi,2,1
M035658_Zimbabwe,1,2
M035659_Liberia,1,0
M035659_Namibia,0,1
M035660_Madagascar,0,4
M035660_Cape Verde,4,0
M035661_Tanzania,1,1
M035661_Mozambique,1,1
M035662_Antigua and Barbuda,0,4
M035662_Trinidad and Tobago,4,0
M035663_Chad,3,2
M035663_Malawi,2,3
M035664_Guinea-Bissau,0,1
M035664_Cameroon,1,0
M035665_São Tomé and Príncipe,2,1
M035665_Sierra Leone,1,2
M035666_Kenya,2,1
M035666_Togo,1,2
M035667_Gambia,1,2
M035667_Algeria,2,1
M035668_Oman,2,0
M035668_Thailand,0,2
M035669_Northern Ireland,0,3
M035669_Norway,3,0
M035670_Seychelles,0,4
M035670_DR Congo,4,0
M035671_Morocco,2,0
M035671_Burkina Faso,0,2
M035672_Chile,1,1
M035672_Ghana,1,1
M035673_Bolivia,1,0
M035673_Cuba,0,1
M035674_Bahrain,10,0
M035674_Indonesia,0,10
M035675_Austria,3,1
M035675_Finland,1,3
M035676_Australia,4,2
M035676_Saudi Arabia,2,4
M035677_Croatia,1,3
M035677_Sweden,3,1
M035678_Cyprus,0,0
M035678_Serbia,0,0
M035679_Denmark,0,2
M035679_Russia,2,0
M035680_Ecuador,2,0
M035680_Honduras,0,2
M035681_Egypt,1,0
M035681_Niger,0,1
M035682_El Salvador,0,2
M035682_Estonia,2,0
M035683_England,2,3
M035683_Netherlands,3,2
M035684_Georgia,2,1
M035684_Albania,1,2
M035685_China PR,3,1
M035685_Jordan,1,3
M035686_Guyana,0,2
M035686_Guatemala,2,0
M035687_Germany,1,2
M035687_France,2,1
M035688_Hungary,1,1
M035688_Bulgaria,1,1
M035689_Montenegro,2,1
M035689_Iceland,1,2
M035690_Moldova,0,0
M035690_Belarus,0,0
M035691_Mexico,0,2
M035691_Colombia,2,0
M035692_Malta,2,1
M035692_Liechtenstein,1,2
M035693_Luxembourg,2,1
M035693_North Macedonia,1,2
M035694_Hong Kong,5,1
M035694_Taiwan,1,5
M035695_South Korea,2,0
M035695_Kuwait,0,2
M035696_Latvia,0,0
M035696_Kazakhstan,0,0
M035697_Ivory Coast,0,0
M035697_Guinea,0,0
M035698_Italy,0,1
M035698_United States,1,0
M035699_Republic of Ireland,1,1
M035699_Czech Republic,1,1
M035700_Iraq,7,1
M035700_Singapore,1,7
M035701_Iran,2,2
M035701_Qatar,2,2
M035702_Japan,0,1
M035702_Uzbekistan,1,0
M035703_New Zealand,2,3
M035703_Jamaica,3,2
W004643_Portugal,0,1
W004643_Wales,1,0
W004644_Republic of Ireland,0,1
W004644_Hungary,1,0
W004645_United States,5,0
W004645_Denmark,0,5
W004646_Japan,2,1
W004646_Norway,1,2
W004647_Sweden,1,0
W004647_China PR,0,1
W004648_Germany,1,0
W004648_Iceland,0,1
W004649_Italy,1,2
W004649_Canada,2,1
W004650_Scotland,2,1
W004650_Netherlands,1,2
W004651_Finland,1,2
W004651_France,2,1
W004652_Switzerland,0,1
W004652_England,1,0
W004653_South Africa,0,0
W004653_New Zealand,0,0
W004654_Northern Ireland,0,1
W004654_South Korea,1,0
W004655_Papua New Guinea,7,2
W004655_Samoa,2,7
W004656_Tonga,5,2
W004656_Vanuatu,2,5
M035704_Egypt,0,0
M035704_DR Congo,0,0
W004657_Wales,0,0
W004657_Republic of Ireland,0,0
W004658_Portugal,4,0
W004658_Hungary,0,4
W004659_United States,2,1
W004659_Norway,1,2
W004660_Denmark,0,2
W004660_Japan,2,0
W004661_Germany,1,0
W004661_China PR,0,1
W004662_Iceland,1,4
W004662_Sweden,4,1
M035705_Martinique,1,2
M035705_Guadeloupe,2,1
M035706_Saint Kitts and Nevis,1,0
M035706_Antigua and Barbuda,0,1
W004663_Tonga,0,2
W004663_Papua New Guinea,2,0
W004664_Samoa,4,3
W004664_Vanuatu,3,4
W004665_New Zealand,1,1
W004665_South Korea,1,1
W004666_Northern Ireland,0,2
W004666_South Africa,2,0
W004667_Italy,2,1
W004667_Scotland,1,2
W004668_Finland,3,1
W004668_Switzerland,1,3
W004669_England,0,3
W004669_France,3,0
W004670_Netherlands,0,1
W004670_Canada,1,0
W004671_Sweden,0,4
W004671_Germany,4,0
W004672_China PR,0,1
W004672_Iceland,1,0
W004673_Norway,0,1
W004673_Denmark,1,0
W004674_Japan,1,0
W004674_United States,0,1
W004675_Hungary,1,2
W004675_Wales,2,1
W004676_Vanuatu,1,11
W004676_Papua New Guinea,11,1
W004677_Portugal,2,1
W004677_Republic of Ireland,1,2
W004678_Tonga,6,1
W004678_Samoa,1,6
W004679_France,2,0
W004679_Canada,0,2
W004680_South Korea,1,1
W004680_Finland,1,1
W004681_New Zealand,2,2
W004681_Netherlands,2,2
W004682_Scotland,2,0
W004682_South Africa,0,2
W004683_England,1,3
W004683_Italy,3,1
W004684_Switzerland,5,0
W004684_Northern Ireland,0,5
W004685_Hungary,1,2
W004685_Republic of Ireland,2,1
W004686_Portugal,0,1
W004686_China PR,1,0
W004687_Wales,0,3
W004687_Norway,3,0
W004688_Iceland,1,3
W004688_Denmark,3,1
W004689_Sweden,0,4
W004689_United States,4,0
W004690_Tonga,0,2
W004690_Papua New Guinea,2,0
W004691_Samoa,0,2
W004691_Vanuatu,2,0
W004692_Germany,4,3
W004692_Japan,3,4
M035707_Turkmenistan,3,1
M035707_Maldives,1,3
M035708_Nepal,0,2
M035708_Palestine,2,0
M035709_India,0,2
M035709_Tajikistan,2,0
M035710_North Korea,2,0
M035710_Philippines,0,2
M035711_Nepal,0,1
M035711_Maldives,1,0
M035712_Palestine,0,0
M035712_Turkmenistan,0,0
M035713_Philippines,2,0
M035713_India,0,2
M035714_Tajikistan,0,2
M035714_North Korea,2,0
M035715_Nepal,0,3
M035715_Turkmenistan,3,0
M035716_Maldives,0,2
M035716_Palestine,2,0
M035717_North Korea,4,0
M035717_India,0,4
M035718_Tajikistan,1,2
M035718_Philippines,2,1
M035719_North Korea,2,0
M035719_Palestine,0,2
M035720_Turkmenistan,2,1
M035720_Philippines,1,2
M035721_Philippines,4,3
M035721_Palestine,3,4
M035722_Turkmenistan,1,2
M035722_North Korea,2,1
M035723_Chile,3,1
M035723_Peru,1,3
M035724_Jamaica,0,0
M035724_Costa Rica,0,0
M035725_French Guiana,1,0
M035725_Guyana,0,1
M035726_French Guiana,0,2
M035726_Guyana,2,0
M035727_Alderney,0,7
M035727_Guernsey,7,0
M035728_Egypt,2,1
M035728_Uganda,1,2
M035729_Occitania,3,2
M035729_Sápmi,2,3
M035730_Egypt,4,0
M035730_Chad,0,4
W004693_Greece,1,1
W004693_Poland,1,1
W004694_Russia,8,0
W004694_Macedonia,0,8
W004695_Portugal,2,5
W004695_Czech Republic,5,2
W004696_Italy,4,0
W004696_Bosnia and Herzegovina,0,4
W004697_Romania,3,0
W004697_Kazakhstan,0,3
W004698_Germany,5,0
W004698_Spain,0,5
W004699_Switzerland,5,0
W004699_Turkey,0,5
W004700_Bulgaria,0,3
W004700_Norway,3,0
W004701_France,2,0
W004701_Scotland,0,2
W004702_Slovakia,0,1
W004702_Finland,1,0
W004703_Croatia,0,6
W004703_England,6,0
W004704_New Zealand,8,0
W004704_Papua New Guinea,0,8
W004705_Japan,1,1
W004705_United States,1,1
W004706_Armenia,2,4
W004706_Austria,4,2
W004707_Brazil,0,3
W004707_United States,3,0
W004708_France,4,0
W004708_Wales,0,4
W004709_Czech Republic,0,2
W004709_Denmark,2,0
W004710_Greece,2,2
W004710_Macedonia,2,2
W004711_Hungary,0,5
W004711_Norway,5,0
W004712_Belgium,1,0
W004712_Iceland,0,1
W004713_Papua New Guinea,0,7
W004713_New Zealand,7,0
W004714_Russia,0,2
W004714_Italy,2,0
W004715_Spain,13,0
W004715_Kazakhstan,0,13
W004716_Switzerland,0,6
W004716_Germany,6,0
W004717_Scotland,2,1
W004717_Republic of Ireland,1,2
W004718_Japan,4,1
W004718_Brazil,1,4
W004719_Ukraine,5,0
W004719_Estonia,0,5
W004720_Netherlands,3,1
W004720_Slovenia,1,3
W004721_Finland,2,0
W004721_Slovakia,0,2
W004722_Austria,1,0
W004722_Portugal,0,1
M035731_Guadeloupe,0,1
M035731_Martinique,1,0
M035732_Costa Rica,1,1
M035732_Honduras,1,1
M035733_Peru,0,3
M035733_Chile,3,0
M035734_Egypt,3,2
M035734_Nigeria,2,3
M035735_Egypt,3,0
M035735_Mauritania,0,3
M035736_Egypt,0,0
M035736_Iraq,0,0
M035737_Iran,2,0
M035737_Mauritania,0,2
M035738_Guatemala,0,1
M035738_Paraguay,1,0
W004723_Northern Ireland,0,1
W004723_Hungary,1,0
M035739_Malaysia,6,0
M035739_Sri Lanka,0,6
M035740_Martinique,2,2
M035740_Guyana,2,2
M035741_Iran,3,0
M035741_Mozambique,0,3
M035742_Guadeloupe,1,2
M035742_Guyana,2,1
M035743_Sealand,1,3
M035743_Chagos Islands,3,1
M035744_Jersey,0,2
M035744_Guernsey,2,0
M035745_Lebanon,1,4
M035745_Egypt,4,1
M035746_Angola,0,0
M035746_Zambia,0,0
M035747_Jamaica,1,0
M035747_Guyana,0,1
M035748_Lebanon,1,2
M035748_Jordan,2,1
W004724_Northern Ireland,4,1
W004724_Bulgaria,1,4
M035749_Egypt,2,1
M035749_Cameroon,1,2
M035750_Panama,2,0
M035750_Guyana,0,2
M035751_Albania,2,1
M035751_Qatar,1,2
M035752_Egypt,3,0
M035752_Togo,0,3
M035753_Latvia,0,1
M035753_Poland,1,0
M035754_El Salvador,2,2
M035754_New Zealand,2,2
M035755_Iraq,1,0
M035755_Sierra Leone,0,1
M035756_Botswana,3,0
M035756_Lesotho,0,3
M035757_Libya,2,0
M035757_Rwanda,0,2
M035758_Peru,1,0
M035758_Nigeria,0,1
M035759_Venezuela,4,0
M035759_Moldova,0,4
M035760_Japan,2,0
M035760_Azerbaijan,0,2
M035761_Georgia,1,3
M035761_Turkey,3,1
M035762_Belgium,2,2
M035762_Montenegro,2,2
M035763_Costa Rica,3,2
M035763_Guatemala,2,3
M035764_Croatia,3,1
M035764_Estonia,1,3
M035765_Morocco,0,1
M035765_Senegal,1,0
M035766_Russia,1,1
M035766_Uruguay,1,1
M035767_Portugal,0,0
M035767_North Macedonia,0,0
M035768_Spain,2,0
M035768_Serbia,0,2
M035769_Switzerland,5,3
M035769_Germany,3,5
M035770_United States,5,1
M035770_Scotland,1,5
M035771_Poland,1,0
M035771_Slovakia,0,1
M035772_Tanzania,0,0
M035772_Malawi,0,0
M035773_Norway,0,1
M035773_England,1,0
M035774_Finland,3,2
M035774_Turkey,2,3
M035775_Mozambique,0,0
M035775_Namibia,0,0
M035776_Guinea,1,2
M035776_Cameroon,2,1
M035777_Denmark,1,3
M035777_Brazil,3,1
M035778_Czech Republic,2,1
M035778_Israel,1,2
M035779_Burkina Faso,2,2
M035779_Benin,2,2
M035780_Algeria,3,0
M035780_Niger,0,3
M035781_Netherlands,1,2
M035781_Bulgaria,2,1
M035782_El Salvador,2,0
M035782_Moldova,0,2
M035783_Greece,1,1
M035783_Slovenia,1,1
M035784_Honduras,0,1
M035784_New Zealand,1,0
M035785_Republic of Ireland,1,0
M035785_Bosnia and Herzegovina,0,1
M035786_Jordan,4,0
M035786_Sierra Leone,0,4
W004725_Ivory Coast,7,0
W004725_Mozambique,0,7
W004726_Zambia,1,4
W004726_South Africa,4,1
W004727_Morocco,0,0
W004727_Senegal,0,0
W004728_Ghana,1,1
W004728_Cameroon,1,1
M035787_France,3,2
M035787_Iceland,2,3
M035788_Jamaica,0,1
M035788_Panama,1,0
M035789_Mexico,2,0
M035789_Wales,0,2
M035790_Albania,1,0
M035790_Iran,0,1
M035791_Tunisia,5,1
M035791_Rwanda,1,5
M035792_Chad,0,1
M035792_Libya,1,0
M035793_Oman,1,1
M035793_Lebanon,1,1
W004729_Zimbabwe,0,2
W004729_Nigeria,2,0
W004730_Ethiopia,2,1
W004730_Tanzania,1,2
M035794_Ukraine,4,0
M035794_Estonia,0,4
M035795_Iraq,1,1
M035795_Botswana,1,1
M035796_Qatar,0,0
M035796_Palestine,0,0
W004731_United States,4,1
W004731_China PR,1,4
M035797_Angola,0,0
M035797_North Macedonia,0,0
M035798_Bulgaria,0,2
M035798_Turkey,2,0
M035799_Lithuania,0,0
M035799_Russia,0,0
M035800_United States,1,4
M035800_Brazil,4,1
M035801_Azerbaijan,0,0
M035801_Andorra,0,0
M035802_Chad,1,1
M035802_Rwanda,1,1
M035803_Netherlands,2,0
M035803_Slovakia,0,2
M035804_Spain,4,1
M035804_South Korea,1,4
M035805_Sweden,3,2
M035805_Iceland,2,3
M035806_Switzerland,0,1
M035806_Romania,1,0
M035807_Mexico,2,1
M035807_Bosnia and Herzegovina,1,2
M035808_Germany,2,0
M035808_Israel,0,2
M035809_Armenia,0,1
M035809_Greece,1,0
M035810_France,2,0
M035810_Serbia,0,2
W004732_Germany,5,0
W004732_Romania,0,5
M035811_Latvia,5,0
M035811_Lithuania,0,5
M035812_Vanuatu,2,5
M035812_New Caledonia,5,2
M035813_Samoa,1,10
M035813_Tahiti,10,1
M035814_Puerto Rico,3,1
M035814_Nicaragua,1,3
M035815_Panama,2,1
M035815_Jamaica,1,2
M035816_Malaysia,0,0
M035816_Philippines,0,0
M035817_Kazakhstan,5,2
M035817_Kyrgyzstan,2,5
M035818_Guatemala,1,0
M035818_Costa Rica,0,1
M035819_Hong Kong,1,0
M035819_Singapore,0,1
M035820_Ghana,7,0
M035820_Lesotho,0,7
M035821_Estonia,1,2
M035821_Finland,2,1
M035822_Egypt,2,0
M035822_Mozambique,0,2
M035823_Czech Republic,1,2
M035823_Hungary,2,1
M035824_Austria,3,2
M035824_Ukraine,2,3
M035825_Italy,0,3
M035825_Russia,3,0
M035826_Netherlands,6,0
M035826_Northern Ireland,0,6
M035827_Norway,1,1
M035827_Croatia,1,1
M035828_Poland,4,0
M035828_Andorra,0,4
M035829_Portugal,1,3
M035829_Turkey,3,1
M035830_Senegal,3,1
M035830_Liberia,1,3
M035831_Sudan,0,3
M035831_Zambia,3,0
M035832_Solomon Islands,1,0
M035832_Papua New Guinea,0,1
M035833_Tunisia,3,1
M035833_Equatorial Guinea,1,3
M035834_Uruguay,1,1
M035834_Venezuela,1,1
M035835_Luxembourg,0,2
M035835_Malta,2,0
M035836_Sierra Leone,2,1
M035836_Cape Verde,1,2
M035837_Kenya,0,0
M035837_Malawi,0,0
M035838_Argentina,4,0
M035838_Ecuador,0,4
M035839_Gambia,1,1
M035839_Morocco,1,1
M035840_Ivory Coast,2,0
M035840_Tanzania,0,2
M035841_Bolivia,0,2
M035841_Chile,2,0
M035842_Burkina Faso,0,3
M035842_Congo,3,0
M035843_Cameroon,1,0
M035843_DR Congo,0,1
M035844_Algeria,4,0
M035844_Rwanda,0,4
M035845_Denmark,2,0
M035845_Australia,0,2
M035846_El Salvador,0,3
M035846_Honduras,3,0
M035847_England,1,0
M035847_Belgium,0,1
M035848_Fiji,0,1
M035848_New Zealand,1,0
M035849_Central African Republic,2,0
M035849_Botswana,0,2
M035850_Peru,0,1
M035850_Colombia,1,0
M035851_Zimbabwe,0,1
M035851_Guinea,1,0
M035852_Vanuatu,5,0
M035852_Samoa,0,5
M035853_Uzbekistan,0,1
M035853_Iran,1,0
M035854_Togo,1,1
M035854_Libya,1,1
M035855_Tahiti,4,3
M035855_New Caledonia,3,4
M035856_Spain,1,0
M035856_China PR,0,1
M035857_South Africa,1,1
M035857_Ethiopia,1,1
M035858_Puerto Rico,1,1
M035858_Nicaragua,1,1
M035859_Nigeria,1,0
M035859_Namibia,0,1
M035860_Angola,1,1
M035860_Uganda,1,1
M035861_Mexico,2,0
M035861_Brazil,0,2
M035862_Lebanon,0,1
M035862_Qatar,1,0
M035863_Jordan,1,1
M035863_Iraq,1,1
M035864_Japan,3,0
M035864_Oman,0,3
M035865_Finland,1,1
M035865_Latvia,1,1
M035866_Estonia,1,0
M035866_Lithuania,0,1
M035867_Canada,0,0
M035867_United States,0,0
M035868_Benin,1,0
M035868_Mali,0,1
M035869_Niger,3,0
M035869_Gabon,0,3
M035870_Northern Cyprus,15,0
M035870_Darfur,0,15
M035871_Zanzibar,6,0
M035871_Raetia,0,6
M035872_Iraqi Kurdistan,6,0
M035872_Western Sahara,0,6
M035873_Hungary,0,0
M035873_Republic of Ireland,0,0
M035874_Papua New Guinea,1,2
M035874_New Zealand,2,1
M035875_Solomon Islands,0,0
M035875_Fiji,0,0
M035876_Darfur,0,18
M035876_Provence,18,0
M035877_Raetia,1,0
M035877_Tamil Eelam,0,1
M035878_Western Sahara,2,6
M035878_Occitania,6,2
M035879_Turkey,2,0
M035879_Ukraine,0,2
M035880_Sweden,2,1
M035880_Serbia,1,2
M035881_Tahiti,4,1
M035881_Vanuatu,1,4
M035882_New Caledonia,9,0
M035882_Samoa,0,9
M035883_France,4,0
M035883_Estonia,0,4
M035884_Austria,0,0
M035884_Romania,0,0
M035885_Armenia,3,0
M035885_Kazakhstan,0,3
M035886_Philippines,2,2
M035886_Indonesia,2,2
M035887_Papua New Guinea,1,1
M035887_Fiji,1,1
M035888_Solomon Islands,1,1
M035888_New Zealand,1,1
M035889_Iraqi Kurdistan,1,0
M035889_Occitania,0,1
M035890_Tamil Eelam,0,3
M035890_Zanzibar,3,0
M035891_Provence,2,1
M035891_Northern Cyprus,1,2
M035892_Occitania,7,0
M035892_Tamil Eelam,0,7
M035893_Western Sahara,5,1
M035893_Darfur,1,5
M035894_Belarus,1,1
M035894_Lithuania,1,1
M035895_Poland,1,1
M035895_Greece,1,1
M035896_Zanzibar,0,2
M035896_Northern Cyprus,2,0
M035897_Iraqi Kurdistan,2,1
M035897_Provence,1,2
M035898_Western Sahara,3,0
M035898_Raetia,0,3
M035899_United States,3,1
M035899_Antigua and Barbuda,1,3
M035900_Solomon Islands,0,1
M035900_Tahiti,1,0
M035901_Singapore,2,2
M035901_Malaysia,2,2
M035902_Russia,4,1
M035902_Czech Republic,1,4
M035903_Qatar,1,4
M035903_South Korea,4,1
M035904_Oman,0,0
M035904_Australia,0,0
M035905_Mexico,3,1
M035905_Guyana,1,3
M035906_Bahrain,1,1
M035906_Kuwait,1,1
M035907_China PR,3,0
M035907_Vietnam,0,3
M035908_Costa Rica,2,2
M035908_El Salvador,2,2
M035909_Cuba,0,1
M035909_Canada,1,0
M035910_New Zealand,0,2
M035910_New Caledonia,2,0
M035911_Jamaica,2,1
M035911_Guatemala,1,2
M035912_Japan,6,0
M035912_Jordan,0,6
M035913_Lebanon,1,1
M035913_Uzbekistan,1,1
M035914_Honduras,0,2
M035914_Panama,2,0
W004733_Estonia,3,0
W004733_Lithuania,0,3
M035915_Iraqi Kurdistan,2,1
M035915_Northern Cyprus,1,2
M035916_Provence,2,7
M035916_Zanzibar,7,2
M035917_Occitania,3,1
M035917_Western Sahara,1,3
M035918_Tamil Eelam,4,0
M035918_Raetia,0,4
M035919_Zambia,1,0
M035919_Ghana,0,1
M035920_Venezuela,0,2
M035920_Chile,2,0
M035921_Netherlands,0,1
M035921_Denmark,1,0
M035922_Namibia,1,0
M035922_Kenya,0,1
M035923_Morocco,2,2
M035923_Ivory Coast,2,2
M035924_Uganda,1,1
M035924_Senegal,1,1
M035925_Germany,1,0
M035925_Portugal,0,1
M035926_Bolivia,3,1
M035926_Paraguay,1,3
M035927_Malawi,1,1
M035927_Nigeria,1,1
M035928_Botswana,1,1
M035928_South Africa,1,1
M035929_Brazil,3,4
M035929_Argentina,4,3
M035930_Cape Verde,1,2
M035930_Tunisia,2,1
M035931_Equatorial Guinea,2,2
M035931_Sierra Leone,2,2
M035932_French Guiana,2,1
M035932_Suriname,1,2
M035933_Gabon,1,0
M035933_Burkina Faso,0,1
M035934_Congo,1,0
M035934_Niger,0,1
W004734_Lithuania,1,1
W004734_Latvia,1,1
M035935_Rwanda,1,1
M035935_Benin,1,1
M035936_Monaco,1,2
M035936_Raetia,2,1
M035937_Uruguay,4,2
M035937_Peru,2,4
M035938_Tanzania,2,1
M035938_Gambia,1,2
M035939_Tahiti,1,0
M035939_New Caledonia,0,1
M035940_Spain,1,1
M035940_Italy,1,1
M035941_Solomon Islands,3,4
M035941_New Zealand,4,3
M035942_Mali,2,1
M035942_Algeria,1,2
M035943_Libya,2,1
M035943_Cameroon,1,2
M035944_Liberia,0,0
M035944_Angola,0,0
M035945_Lesotho,0,0
M035945_Sudan,0,0
M035946_Republic of Ireland,1,3
M035946_Croatia,3,1
M035947_Hong Kong,1,2
M035947_Vietnam,2,1
M035948_Guinea,2,3
M035948_Egypt,3,2
M035949_Ethiopia,2,0
M035949_Central African Republic,0,2
M035950_Mozambique,0,0
M035950_Zimbabwe,0,0
M035951_Ecuador,1,0
M035951_Colombia,0,1
M035952_DR Congo,2,0
M035952_Togo,0,2
W004735_Estonia,6,0
W004735_Latvia,0,6
M035953_Ukraine,2,1
M035953_Sweden,1,2
M035954_France,1,1
M035954_England,1,1
M035955_Poland,1,1
M035955_Russia,1,1
M035956_Philippines,3,0
M035956_Guam,0,3
M035957_Panama,1,0
M035957_Cuba,0,1
M035958_Malaysia,2,0
M035958_Singapore,0,2
M035959_South Korea,3,0
M035959_Lebanon,0,3
M035960_Iraq,1,1
M035960_Oman,1,1
M035961_Guatemala,1,1
M035961_United States,1,1
M035962_Guyana,0,4
M035962_Costa Rica,4,0
M035963_Greece,1,2
M035963_Czech Republic,2,1
M035964_El Salvador,1,2
M035964_Mexico,2,1
M035965_Canada,0,0
M035965_Honduras,0,0
M035966_Bahrain,0,1
M035966_Kuwait,1,0
M035967_Australia,1,1
M035967_Japan,1,1
M035968_Antigua and Barbuda,0,0
M035968_Jamaica,0,0
M035969_Iran,0,0
M035969_Qatar,0,0
M035970_Denmark,2,3
M035970_Portugal,3,2
M035971_Netherlands,1,2
M035971_Germany,2,1
M035972_Italy,1,1
M035972_Croatia,1,1
M035973_Spain,4,0
M035973_Republic of Ireland,0,4
M035974_Egypt,2,3
M035974_Central African Republic,3,2
M035975_Algeria,4,1
M035975_Gambia,1,4
M035976_Ukraine,0,2
M035976_France,2,0
M035977_South Africa,3,0
M035977_Gabon,0,3
M035978_Sweden,2,3
M035978_England,3,2
M035979_Greece,1,0
M035979_Russia,0,1
M035980_Cape Verde,3,1
M035980_Madagascar,1,3
M035981_Poland,0,1
M035981_Czech Republic,1,0
M035982_Nigeria,2,0
M035982_Rwanda,0,2
M035983_Uganda,4,0
M035983_Congo,0,4
M035984_Sierra Leone,4,2
M035984_São Tomé and Príncipe,2,4
M035985_Cameroon,1,0
M035985_Guinea-Bissau,0,1
M035986_Malawi,2,0
M035986_Chad,0,2
M035987_Namibia,0,0
M035987_Liberia,0,0
W004736_Mozambique,0,5
W004736_Ivory Coast,5,0
W004737_Czech Republic,2,3
W004737_Austria,3,2
W004738_Croatia,1,4
W004738_Serbia,4,1
W004739_Ukraine,1,2
W004739_Finland,2,1
W004740_Estonia,2,4
W004740_Belarus,4,2
W004741_Republic of Ireland,0,1
W004741_Wales,1,0
W004742_Scotland,8,0
W004742_Israel,0,8
W004743_Switzerland,4,3
W004743_Spain,3,4
W004744_Bosnia and Herzegovina,0,2
W004744_Poland,2,0
W004745_Russia,4,0
W004745_Greece,0,4
W004746_Italy,9,0
W004746_Macedonia,0,9
W004747_Nigeria,4,0
W004747_Zimbabwe,0,4
W004748_Senegal,0,0
W004748_Morocco,0,0
W004749_Sweden,1,3
W004749_United States,3,1
W004750_Tanzania,0,1
W004750_Ethiopia,1,0
W004751_Norway,11,0
W004751_Bulgaria,0,11
W004752_Iceland,3,0
W004752_Hungary,0,3
W004753_South Africa,2,1
W004753_Zambia,1,2
M035988_Mozambique,1,1
M035988_Tanzania,1,1
M035989_DR Congo,3,0
M035989_Seychelles,0,3
M035990_Togo,1,0
M035990_Kenya,0,1
M035991_Benin,1,1
M035991_Ethiopia,1,1
M035992_Zimbabwe,1,0
M035992_Burundi,0,1
M035993_Portugal,2,1
M035993_Netherlands,1,2
M035994_Denmark,1,2
M035994_Germany,2,1
W004754_Cameroon,1,1
W004754_Ghana,1,1
W004755_England,1,0
W004755_Netherlands,0,1
M035995_Italy,2,0
M035995_Republic of Ireland,0,2
M035996_Saudi Arabia,4,0
M035996_Morocco,0,4
M035997_Yemen,1,2
M035997_Palestine,2,1
M035998_Croatia,0,1
M035998_Spain,1,0
W004756_Japan,1,4
W004756_United States,4,1
M035999_Sweden,2,0
M035999_France,0,2
M036000_Ukraine,0,1
M036000_England,1,0
W004757_Poland,4,0
W004757_Macedonia,0,4
W004758_Norway,2,0
W004758_Northern Ireland,0,2
W004759_Wales,5,0
W004759_Israel,0,5
W004760_Finland,4,0
W004760_Belarus,0,4
W004761_Slovakia,0,2
W004761_Ukraine,2,0
W004762_Denmark,1,0
W004762_Czech Republic,0,1
W004763_Hungary,1,3
W004763_Belgium,3,1
W004764_Serbia,0,4
W004764_Netherlands,4,0
M036001_Czech Republic,0,1
M036001_Portugal,1,0
W004765_Spain,4,0
W004765_Turkey,0,4
W004766_Romania,4,2
W004766_Switzerland,2,4
W004767_Republic of Ireland,0,1
W004767_Scotland,1,0
W004768_Slovenia,0,4
W004768_England,4,0
W004769_Bosnia and Herzegovina,0,1
W004769_Russia,1,0
W004770_Bulgaria,0,10
W004770_Iceland,10,0
M036002_Saudi Arabia,4,0
M036002_Kuwait,0,4
M036003_Germany,4,2
M036003_Greece,2,4
M036004_Spain,2,0
M036004_France,0,2
M036005_Libya,3,1
M036005_Yemen,1,3
M036006_England,0,0
M036006_Italy,0,0
M036007_Iraq,1,0
M036007_Lebanon,0,1
M036008_Kuwait,2,0
M036008_Palestine,0,2
M036009_Bahrain,0,2
M036009_Yemen,2,0
M036010_Lebanon,0,2
M036010_Sudan,2,0
M036011_Portugal,0,0
M036011_Spain,0,0
M036012_Germany,1,2
M036012_Italy,2,1
M036013_Saudi Arabia,2,2
M036013_Palestine,2,2
M036014_Libya,2,1
M036014_Bahrain,1,2
M036015_Central African Republic,1,1
M036015_Egypt,1,1
M036016_Sudan,1,1
M036016_Iraq,1,1
W004771_United States,2,1
W004771_Canada,1,2
M036017_Spain,4,0
M036017_Italy,0,4
M036018_Saudi Arabia,0,2
M036018_Libya,2,0
M036019_Saudi Arabia,0,1
M036019_Iraq,1,0
M036020_Malawi,1,0
M036020_Zambia,0,1
M036021_British Virgin Islands,1,0
M036021_Anguilla,0,1
M036022_South Sudan,2,2
M036022_Uganda,2,2
M036023_Kenya,3,1
M036023_Botswana,1,3
M036024_Suriname,8,0
M036024_Bonaire,0,8
M036025_Aruba,3,2
M036025_Curaçao,2,3
M036026_Bonaire,2,9
M036026_Curaçao,9,2
M036027_Aruba,1,0
M036027_Suriname,0,1
M036028_Botswana,1,0
M036028_Zimbabwe,0,1
M036029_Zimbabwe,5,3
M036029_Lesotho,3,5
W004772_Guam,6,0
W004772_Northern Mariana Islands,0,6
M036030_Botswana,0,0
M036030_Lesotho,0,0
M036031_Guam,3,1
M036031_Northern Mariana Islands,1,3
W004773_Northern Mariana Islands,0,11
W004773_Hong Kong,11,0
M036032_Northern Mariana Islands,1,5
M036032_Macau,5,1
W004774_Guam,3,4
W004774_Hong Kong,4,3
M036033_Guam,3,0
M036033_Macau,0,3
W004775_United States,4,2
W004775_France,2,4
W004776_Sweden,4,1
W004776_South Africa,1,4
W004777_Japan,2,1
W004777_Canada,1,2
W004778_Cameroon,0,5
W004778_Brazil,5,0
W004779_Colombia,0,2
W004779_North Korea,2,0
W004780_Great Britain,1,0
W004780_New Zealand,0,1
W004781_France,5,0
W004781_North Korea,0,5
W004782_United States,3,0
W004782_Colombia,0,3
W004783_Japan,0,0
W004783_Sweden,0,0
W004784_Great Britain,3,0
W004784_Cameroon,0,3
W004785_Canada,3,0
W004785_South Africa,0,3
W004786_New Zealand,0,1
W004786_Brazil,1,0
W004787_United States,1,0
W004787_North Korea,0,1
W004788_New Zealand,3,1
W004788_Cameroon,1,3
W004789_Great Britain,1,0
W004789_Brazil,0,1
W004790_Japan,0,0
W004790_South Africa,0,0
W004791_Canada,2,2
W004791_Sweden,2,2
W004792_France,1,0
W004792_Colombia,0,1
W004793_Sweden,1,2
W004793_France,2,1
W004794_United States,2,0
W004794_New Zealand,0,2
W004795_Great Britain,0,2
W004795_Canada,2,0
W004796_Brazil,0,2
W004796_Japan,2,0
W004797_Canada,3,4
W004797_United States,4,3
W004798_France,1,2
W004798_Japan,2,1
M036034_Zambia,2,1
M036034_Zimbabwe,1,2
W004799_United States,2,1
W004799_Japan,1,2
W004800_Canada,1,0
W004800_France,0,1
M036035_El Salvador,1,0
M036035_Guatemala,0,1
M036036_Jordan,0,1
M036036_Uzbekistan,1,0
M036037_San Marino,2,3
M036037_Malta,3,2
M036038_Burkina Faso,3,0
M036038_Togo,0,3
M036039_Liechtenstein,1,0
M036039_Andorra,0,1
M036040_Oman,1,1
M036040_Egypt,1,1
M036041_Northern Ireland,3,3
M036041_Finland,3,3
M036042_Iran,2,2
M036042_Tunisia,2,2
M036043_Japan,1,1
M036043_Venezuela,1,1
M036044_Jordan,2,0
M036044_Uzbekistan,0,2
M036045_South Korea,2,1
M036045_Zambia,1,2
M036046_Luxembourg,1,2
M036046_Georgia,2,1
M036047_North Macedonia,1,0
M036047_Lithuania,0,1
M036048_Mexico,0,1
M036048_United States,1,0
M036049_Morocco,1,2
M036049_Guinea,2,1
M036050_Niger,0,0
M036050_Nigeria,0,0
M036051_Iceland,2,0
M036051_Faroe Islands,0,2
M036052_Norway,2,3
M036052_Greece,3,2
M036053_Puerto Rico,1,2
M036053_Spain,2,1
M036054_Russia,1,1
M036054_Ivory Coast,1,1
M036055_Scotland,3,1
M036055_Australia,1,3
M036056_Serbia,0,0
M036056_Republic of Ireland,0,0
M036057_Singapore,2,0
M036057_Hong Kong,0,2
M036058_Slovenia,4,3
M036058_Romania,3,4
M036059_Sweden,0,3
M036059_Brazil,3,0
M036060_Ukraine,0,0
M036060_Czech Republic,0,0
M036061_Wales,0,2
M036061_Bosnia and Herzegovina,2,0
M036062_Portugal,2,0
M036062_Panama,0,2
M036063_Hungary,1,1
M036063_Israel,1,1
M036064_Montenegro,2,0
M036064_Latvia,0,2
M036065_Austria,2,0
M036065_Turkey,0,2
M036066_Albania,0,0
M036066_Moldova,0,0
M036067_Angola,2,0
M036067_Mozambique,0,2
M036068_Armenia,1,2
M036068_Belarus,2,1
M036069_Guatemala,3,3
M036069_Paraguay,3,3
M036070_Azerbaijan,3,0
M036070_Bahrain,0,3
M036071_Belgium,4,2
M036071_Netherlands,2,4
M036072_Botswana,3,3
M036072_Tanzania,3,3
M036073_Bulgaria,1,0
M036073_Cyprus,0,1
M036074_Canada,2,0
M036074_Trinidad and Tobago,0,2
M036075_China PR,1,1
M036075_Ghana,1,1
M036076_Bolivia,2,0
M036076_Guyana,0,2
M036077_Germany,1,3
M036077_Argentina,3,1
M036078_Croatia,2,4
M036078_Switzerland,4,2
M036079_Denmark,1,3
M036079_Slovakia,3,1
M036080_Ecuador,3,0
M036080_Chile,0,3
M036081_El Salvador,0,2
M036081_Jamaica,2,0
M036082_England,2,1
M036082_Italy,1,2
M036083_Equatorial Guinea,1,0
M036083_Liberia,0,1
M036084_Estonia,1,0
M036084_Poland,0,1
M036085_France,0,0
M036085_Uruguay,0,0
M036086_Costa Rica,0,1
M036086_Peru,1,0
M036087_India,2,1
M036087_Syria,1,2
M036088_Maldives,2,1
M036088_Nepal,1,2
M036089_Syria,2,2
M036089_Cameroon,2,2
M036090_Alderney,1,1
M036090_Sealand,1,1
M036091_India,3,0
M036091_Maldives,0,3
W004801_Estonia,0,2
W004801_Slovakia,2,0
M036092_Botswana,0,0
M036092_Uganda,0,0
M036093_Libya,3,0
M036093_Sudan,0,3
M036094_Nepal,0,5
M036094_Cameroon,5,0
M036095_Maldives,2,1
M036095_Syria,1,2
M036096_India,0,0
M036096_Nepal,0,0
M036097_Cameroon,3,1
M036097_Maldives,1,3
M036098_Syria,2,0
M036098_Nepal,0,2
M036099_India,0,1
M036099_Cameroon,1,0
M036100_India,2,2
M036100_Cameroon,2,2
W004802_United States,8,0
W004802_Costa Rica,0,8
M036101_Liberia,1,0
M036101_Malawi,0,1
M036102_Jordan,0,0
M036102_Iran,0,0
M036103_Cambodia,0,0
M036103_Philippines,0,0
M036104_Montserrat,1,7
M036104_Suriname,7,1
M036105_Martinique,16,0
M036105_British Virgin Islands,0,16
M036106_Sweden,1,0
M036106_China PR,0,1
M036107_Lebanon,0,3
M036107_Australia,3,0
M036108_Japan,1,0
M036108_United Arab Emirates,0,1
M036109_Qatar,1,2
M036109_Tajikistan,2,1
M036110_Iceland,2,0
M036110_Norway,0,2
M036111_Germany,3,0
M036111_Faroe Islands,0,3
M036112_Lithuania,1,1
M036112_Slovakia,1,1
M036113_Liechtenstein,1,8
M036113_Bosnia and Herzegovina,8,1
M036114_Latvia,1,2
M036114_Greece,2,1
M036115_Kazakhstan,1,2
M036115_Republic of Ireland,2,1
M036116_Jamaica,2,1
M036116_United States,1,2
M036117_Haiti,7,0
M036117_Saint Martin,0,7
M036118_Guatemala,3,1
M036118_Antigua and Barbuda,1,3
M036119_Georgia,1,0
M036119_Belarus,0,1
M036120_Finland,0,1
M036120_France,1,0
M036121_Estonia,0,2
M036121_Romania,2,0
M036122_El Salvador,2,2
M036122_Guyana,2,2
M036123_Ecuador,1,0
M036123_Bolivia,0,1
M036124_Cuba,0,3
M036124_Honduras,3,0
M036125_Croatia,1,0
M036125_North Macedonia,0,1
M036126_Costa Rica,0,2
M036126_Mexico,2,0
M036127_Colombia,4,0
M036127_Uruguay,0,4
M036128_Albania,3,1
M036128_Cyprus,1,3
M036129_Andorra,0,5
M036129_Hungary,5,0
M036130_Argentina,3,1
M036130_Paraguay,1,3
M036131_Azerbaijan,1,1
M036131_Israel,1,1
M036132_Canada,1,0
M036132_Panama,0,1
M036133_Bermuda,1,2
M036133_Puerto Rico,2,1
M036134_Brazil,1,0
M036134_South Africa,0,1
M036135_Luxembourg,1,2
M036135_Portugal,2,1
M036136_British Virgin Islands,0,4
M036136_Suriname,4,0
M036137_Malta,0,1
M036137_Armenia,1,0
M036138_Moldova,0,5
M036138_England,5,0
M036139_Martinique,5,0
M036139_Montserrat,0,5
M036140_Wales,0,2
M036140_Belgium,2,0
M036141_Uzbekistan,3,0
M036141_Kuwait,0,3
M036142_Spain,5,0
M036142_Saudi Arabia,0,5
M036143_Solomon Islands,2,0
M036143_Tahiti,0,2
M036144_Slovenia,0,2
M036144_Switzerland,2,0
M036145_Bulgaria,2,2
M036145_Italy,2,2
M036146_Russia,2,0
M036146_Northern Ireland,0,2
M036147_Peru,2,1
M036147_Venezuela,1,2
M036148_New Caledonia,0,2
M036148_New Zealand,2,0
M036149_Netherlands,2,0
M036149_Turkey,0,2
M036150_Montenegro,2,2
M036150_Poland,2,2
M036151_Singapore,0,2
M036151_Philippines,2,0
W004803_Sri Lanka,4,0
W004803_Bhutan,0,4
W004804_India,3,0
W004804_Bangladesh,0,3
M036152_Mali,3,0
M036152_Botswana,0,3
M036153_Ghana,2,0
M036153_Malawi,0,2
M036154_Liberia,2,2
M036154_Nigeria,2,2
M036155_Zambia,1,0
M036155_Uganda,0,1
M036156_Cape Verde,2,0
M036156_Cameroon,0,2
M036157_Sierra Leone,2,2
M036157_Tunisia,2,2
M036158_Gabon,1,1
M036158_Togo,1,1
M036159_Ivory Coast,4,2
M036159_Senegal,2,4
M036160_Central African Republic,1,0
M036160_Burkina Faso,0,1
M036161_Saint Barthélemy,1,8
M036161_Guadeloupe,8,1
M036162_Scotland,0,0
M036162_Serbia,0,0
M036163_Sudan,5,3
M036163_Ethiopia,3,5
M036164_Denmark,0,0
M036164_Czech Republic,0,0
W004805_Nepal,8,0
W004805_Pakistan,0,8
W004806_Maldives,1,1
W004806_Afghanistan,1,1
M036165_Libya,0,1
M036165_Algeria,1,0
M036166_DR Congo,4,0
M036166_Equatorial Guinea,0,4
M036167_Guinea,1,0
M036167_Niger,0,1
M036168_Mozambique,2,0
M036168_Morocco,0,2
M036169_Zimbabwe,3,1
M036169_Angola,1,3
M036170_Puerto Rico,9,0
M036170_Saint Martin,0,9
M036171_Haiti,3,1
M036171_Bermuda,1,3
M036172_British Virgin Islands,0,7
M036172_Montserrat,7,0
M036173_Martinique,2,2
M036173_Suriname,2,2
W004807_Sri Lanka,0,5
W004807_India,5,0
W004808_Bangladesh,1,0
W004808_Bhutan,0,1
M036174_Brazil,8,0
M036174_China PR,0,8
M036175_Indonesia,0,2
M036175_North Korea,2,0
M036176_Laos,2,1
M036176_Philippines,1,2
W004809_Pakistan,0,4
W004809_Afghanistan,4,0
W004810_Nepal,5,0
W004810_Maldives,0,5
M036177_France,3,1
M036177_Belarus,1,3
M036178_Bosnia and Herzegovina,4,1
M036178_Latvia,1,4
M036179_England,1,1
M036179_Ukraine,1,1
M036180_Gabon,1,0
M036180_Saudi Arabia,0,1
M036181_Myanmar,1,1
M036181_Singapore,1,1
M036182_Antigua and Barbuda,0,1
M036182_Guatemala,1,0
M036183_Hungary,1,4
M036183_Netherlands,4,1
M036184_Belgium,1,1
M036184_Croatia,1,1
M036185_Austria,1,2
M036185_Germany,2,1
M036186_Czech Republic,0,1
M036186_Finland,1,0
M036187_Honduras,1,0
M036187_Cuba,0,1
M036188_Haiti,2,1
M036188_Puerto Rico,1,2
M036189_Guyana,2,3
M036189_El Salvador,3,2
M036190_Republic of Ireland,4,1
M036190_Oman,1,4
M036191_Cyprus,1,0
M036191_Iceland,0,1
M036192_Chile,1,3
M036192_Colombia,3,1
M036193_Israel,0,4
M036193_Russia,4,0
M036194_Uzbekistan,2,2
M036194_South Korea,2,2
M036195_United States,1,0
M036195_Jamaica,0,1
M036196_Uruguay,1,1
M036196_Ecuador,1,1
M036197_United Arab Emirates,3,0
M036197_Kuwait,0,3
M036198_Turkey,3,0
M036198_Estonia,0,3
M036199_Tahiti,0,4
M036199_New Caledonia,4,0
M036200_Switzerland,2,0
M036200_Albania,0,2
M036201_Sweden,2,0
M036201_Kazakhstan,0,2
M036202_Saint Martin,0,8
M036202_Bermuda,8,0
M036203_South Africa,2,0
M036203_Mozambique,0,2
M036204_Slovakia,2,0
M036204_Liechtenstein,0,2
M036205_Serbia,6,1
M036205_Wales,1,6
M036206_Scotland,1,1
M036206_North Macedonia,1,1
M036207_San Marino,0,6
M036207_Montenegro,6,0
M036208_Romania,4,0
M036208_Andorra,0,4
M036209_Portugal,3,0
M036209_Azerbaijan,0,3
M036210_Poland,2,0
M036210_Moldova,0,2
M036211_Bulgaria,1,0
M036211_Armenia,0,1
M036212_Italy,2,0
M036212_Malta,0,2
M036213_Japan,1,0
M036213_Iraq,0,1
M036214_Jordan,2,1
M036214_Australia,1,2
M036215_Lebanon,1,0
M036215_Iran,0,1
M036216_Liberia,2,0
M036216_Ghana,0,2
M036217_Greece,2,0
M036217_Lithuania,0,2
M036218_Malaysia,0,2
M036218_Vietnam,2,0
M036219_New Zealand,6,1
M036219_Solomon Islands,1,6
M036220_Northern Ireland,1,1
M036220_Luxembourg,1,1
M036221_Norway,2,1
M036221_Slovenia,1,2
M036222_Panama,2,0
M036222_Canada,0,2
M036223_Paraguay,0,2
M036223_Venezuela,2,0
M036224_Peru,1,1
M036224_Argentina,1,1
M036225_Mexico,1,0
M036225_Costa Rica,0,1
M036226_Georgia,0,1
M036226_Spain,1,0
W004811_Sri Lanka,2,1
W004811_Bangladesh,1,2
W004812_Bhutan,0,11
W004812_India,11,0
M036227_Thailand,2,1
M036227_Laos,1,2
W004813_Maldives,0,3
W004813_Pakistan,3,0
W004814_Nepal,7,1
W004814_Afghanistan,1,7
W004815_Vietnam,10,0
W004815_Singapore,0,10
W004816_Myanmar,3,0
W004816_Philippines,0,3
W004817_India,11,0
W004817_Afghanistan,0,11
W004818_Sri Lanka,0,3
W004818_Nepal,3,0
W004819_Thailand,4,0
W004819_Malaysia,0,4
W004820_Bosnia and Herzegovina,1,1
W004820_Greece,1,1
W004821_Kazakhstan,0,7
W004821_Germany,7,0
W004822_Turkey,1,3
W004822_Switzerland,3,1
W004823_Norway,3,2
W004823_Belgium,2,3
W004824_Iceland,2,0
W004824_Northern Ireland,0,2
W004825_Wales,1,2
W004825_Scotland,2,1
W004826_France,4,0
W004826_Republic of Ireland,0,4
W004827_Estonia,0,5
W004827_Finland,5,0
W004828_Belarus,0,5
W004828_Ukraine,5,0
W004829_Slovenia,1,0
W004829_Croatia,0,1
W004830_Austria,3,1
W004830_Denmark,1,3
W004831_Vietnam,4,2
W004831_Philippines,2,4
W004832_Singapore,0,11
W004832_Myanmar,11,0
W004833_Macedonia,0,6
W004833_Russia,6,0
M036228_French Guiana,1,2
M036228_Haiti,2,1
W004834_Malaysia,2,3
W004834_Laos,3,2
W004835_India,3,1
W004835_Nepal,1,3
W004836_Italy,1,0
W004836_Poland,0,1
W004837_United States,2,1
W004837_Australia,1,2
W004838_Vietnam,2,1
W004838_Myanmar,1,2
W004839_Philippines,7,2
W004839_Singapore,2,7
W004840_Thailand,3,0
W004840_Laos,0,3
M036229_Brazil,2,1
M036229_Argentina,1,2
W004841_Denmark,2,0
W004841_Portugal,0,2
W004842_Armenia,0,2
W004842_Czech Republic,2,0
W004843_England,3,0
W004843_Croatia,0,3
W004844_Serbia,3,0
W004844_Slovenia,0,3
W004845_Finland,0,1
W004845_Ukraine,1,0
W004846_Belarus,1,0
W004846_Slovakia,0,1
W004847_Scotland,0,5
W004847_France,5,0
W004848_Bosnia and Herzegovina,1,0
W004848_Macedonia,0,1
W004849_Norway,2,1
W004849_Iceland,1,2
W004850_Northern Ireland,0,2
W004850_Belgium,2,0
W004851_Hungary,9,0
W004851_Bulgaria,0,9
W004852_Spain,0,0
W004852_Romania,0,0
W004853_Germany,10,0
W004853_Turkey,0,10
W004854_Kazakhstan,1,0
W004854_Switzerland,0,1
W004855_Russia,1,1
W004855_Poland,1,1
W004856_Greece,0,0
W004856_Italy,0,0
W004857_Israel,0,2
W004857_Republic of Ireland,2,0
M036230_Nepal,1,1
M036230_Bangladesh,1,1
W004858_Vietnam,7,0
W004858_Laos,0,7
W004859_Thailand,0,1
W004859_Myanmar,1,0
W004860_United States,6,2
W004860_Australia,2,6
M036231_Guadeloupe,13,0
M036231_Saint Pierre and Miquelon,0,13
M036232_Réunion,2,0
M036232_French Guiana,0,2
M036233_Tahiti,1,3
M036233_Mayotte,3,1
M036234_Martinique,2,0
M036234_New Caledonia,0,2
W004861_Vietnam,0,0
W004861_Myanmar,0,0
W004862_Laos,1,14
W004862_Thailand,14,1
M036235_Aruba,2,2
M036235_Dominican Republic,2,2
M036236_Barbados,1,0
M036236_Dominica,0,1
M036237_New Caledonia,0,2
M036237_Mayotte,2,0
M036238_Réunion,10,0
M036238_Saint Pierre and Miquelon,0,10
M036239_Guadeloupe,4,2
M036239_French Guiana,2,4
M036240_Martinique,2,3
M036240_Tahiti,3,2
M036241_Abkhazia,1,1
M036241_Artsakh,1,1
M036242_Dominica,3,2
M036242_Aruba,2,3
M036243_Philippines,1,0
M036243_Guam,0,1
M036244_Barbados,0,1
M036244_Dominican Republic,1,0
M036245_Réunion,2,1
M036245_Guadeloupe,1,2
M036246_French Guiana,11,1
M036246_Saint Pierre and Miquelon,1,11
M036247_New Caledonia,0,1
M036247_Tahiti,1,0
M036248_Martinique,3,0
M036248_Mayotte,0,3
M036249_Dominican Republic,2,1
M036249_Dominica,1,2
M036250_Barbados,2,1
M036250_Aruba,1,2
M036251_Philippines,5,0
M036251_Macau,0,5
M036252_French Guiana,2,1
M036252_Tahiti,1,2
M036253_Saint Pierre and Miquelon,1,16
M036253_New Caledonia,16,1
M036254_Oman,2,1
M036254_Yemen,1,2
M036255_Guadeloupe,1,0
M036255_Mayotte,0,1
M036256_Macau,0,3
M036256_Guam,3,0
M036257_Philippines,3,1
M036257_Taiwan,1,3
M036258_Réunion,2,2
M036258_Martinique,2,2
M036259_Cambodia,1,5
M036259_Timor-Leste,5,1
M036260_Myanmar,1,0
M036260_Brunei,0,1
M036261_Myanmar,2,1
M036261_Timor-Leste,1,2
M036262_Laos,1,0
M036262_Cambodia,0,1
M036263_Cambodia,2,3
M036263_Brunei,3,2
M036264_Timor-Leste,3,1
M036264_Laos,1,3
M036265_French Guiana,1,4
M036265_Trinidad and Tobago,4,1
M036266_Kuwait,1,1
M036266_Syria,1,1
M036267_Brazil,6,0
M036267_Iraq,0,6
M036268_Brunei,1,3
M036268_Laos,3,1
M036269_Myanmar,3,0
M036269_Cambodia,0,3
M036270_Panama,0,0
M036270_Honduras,0,0
M036271_Netherlands,3,0
M036271_Andorra,0,3
M036272_Moldova,0,0
M036272_Ukraine,0,0
M036273_North Macedonia,1,2
M036273_Croatia,2,1
M036274_Poland,1,0
M036274_South Africa,0,1
M036275_Liechtenstein,0,2
M036275_Lithuania,2,0
M036276_Lesotho,2,1
M036276_Eswatini,1,2
M036277_Kazakhstan,0,0
M036277_Austria,0,0
M036278_Luxembourg,0,6
M036278_Israel,6,0
M036279_Russia,1,0
M036279_Portugal,0,1
M036280_Guyana,0,5
M036280_Mexico,5,0
M036281_Slovakia,2,1
M036281_Latvia,1,2
M036282_Slovenia,2,1
M036282_Cyprus,1,2
M036283_Solomon Islands,2,6
M036283_New Caledonia,6,2
M036284_Switzerland,1,1
M036284_Norway,1,1
M036285_Tahiti,0,2
M036285_New Zealand,2,0
M036286_Turkey,0,1
M036286_Romania,1,0
M036287_United Arab Emirates,2,2
M036287_Uzbekistan,2,2
M036288_Wales,2,1
M036288_Scotland,1,2
M036289_Republic of Ireland,1,6
M036289_Germany,6,1
M036290_Serbia,0,3
M036290_Belgium,3,0
M036291_Guatemala,2,1
M036291_Jamaica,1,2
M036292_Estonia,0,1
M036292_Hungary,1,0
M036293_Canada,3,0
M036293_Cuba,0,3
M036294_Albania,1,2
M036294_Iceland,2,1
M036295_Antigua and Barbuda,1,2
M036295_United States,2,1
M036296_Argentina,3,0
M036296_Uruguay,0,3
M036297_Armenia,1,3
M036297_Italy,3,1
M036298_Bahrain,0,0
M036298_Philippines,0,0
M036299_Belarus,0,4
M036299_Spain,4,0
M036300_Bolivia,1,1
M036300_Peru,1,1
M036301_Bulgaria,1,1
M036301_Denmark,1,1
M036302_Colombia,2,0
M036302_Paraguay,0,2
M036303_Greece,0,0
M036303_Bosnia and Herzegovina,0,0
M036304_Ecuador,3,1
M036304_Chile,1,3
M036305_Egypt,3,0
M036305_Congo,0,3
M036306_El Salvador,0,1
M036306_Costa Rica,1,0
M036307_England,5,0
M036307_San Marino,0,5
M036308_Faroe Islands,1,2
M036308_Sweden,2,1
M036309_Finland,1,1
M036309_Georgia,1,1
M036310_France,0,1
M036310_Japan,1,0
M036311_French Guiana,4,1
M036311_Anguilla,1,4
M036312_Czech Republic,3,1
M036312_Malta,1,3
M036313_Nigeria,6,1
M036313_Liberia,1,6
M036314_Senegal,0,2
M036314_Ivory Coast,2,0
M036315_Tunisia,0,0
M036315_Sierra Leone,0,0
M036316_Morocco,4,0
M036316_Mozambique,0,4
M036317_Uganda,1,0
M036317_Zambia,0,1
M036318_Malawi,0,1
M036318_Ghana,1,0
M036319_Myanmar,0,0
M036319_Laos,0,0
M036320_Namibia,0,0
M036320_Rwanda,0,0
M036321_Brunei,2,1
M036321_Timor-Leste,1,2
M036322_Botswana,1,4
M036322_Mali,4,1
M036323_Burkina Faso,3,1
M036323_Central African Republic,1,3
M036324_Togo,2,1
M036324_Gabon,1,2
M036325_Equatorial Guinea,2,1
M036325_DR Congo,1,2
M036326_Algeria,2,0
M036326_Libya,0,2
M036327_Ethiopia,2,0
M036327_Sudan,0,2
M036328_Niger,2,0
M036328_Guinea,0,2
M036329_Cameroon,2,1
M036329_Cape Verde,1,2
M036330_Trinidad and Tobago,10,0
M036330_Anguilla,0,10
M036331_Saint Kitts and Nevis,0,3
M036331_French Guiana,3,0
M036332_Saudi Arabia,3,2
M036332_Congo,2,3
M036333_Lesotho,0,1
M036333_Eswatini,1,0
M036334_Angola,2,0
M036334_Zimbabwe,0,2
M036335_Cyprus,1,3
M036335_Norway,3,1
M036336_Egypt,0,1
M036336_Tunisia,1,0
M036337_Czech Republic,0,0
M036337_Bulgaria,0,0
M036338_Iraq,1,2
M036338_Australia,2,1
M036339_Hungary,3,1
M036339_Turkey,1,3
M036340_Honduras,8,1
M036340_Canada,1,8
M036341_Hong Kong,0,3
M036341_Malaysia,3,0
M036342_Cuba,1,1
M036342_Panama,1,1
M036343_Germany,4,4
M036343_Sweden,4,4
M036344_Croatia,2,0
M036344_Wales,0,2
M036345_Israel,3,0
M036345_Luxembourg,0,3
M036346_Colombia,3,0
M036346_Cameroon,0,3
M036347_Chile,1,2
M036347_Argentina,2,1
M036348_Bosnia and Herzegovina,3,0
M036348_Lithuania,0,3
M036349_Bolivia,4,1
M036349_Uruguay,1,4
M036350_Belgium,2,0
M036350_Scotland,0,2
M036351_Belarus,2,0
M036351_Georgia,0,2
M036352_Austria,4,0
M036352_Kazakhstan,0,4
M036353_Andorra,0,1
M036353_Estonia,1,0
M036354_Albania,1,0
M036354_Slovenia,0,1
M036355_Iceland,0,2
M036355_Switzerland,2,0
M036356_Costa Rica,7,0
M036356_Guyana,0,7
M036357_Iran,1,0
M036357_South Korea,0,1
M036358_Faroe Islands,1,4
M036358_Republic of Ireland,4,1
M036359_Slovakia,0,1
M036359_Greece,1,0
M036360_Latvia,2,0
M036360_Liechtenstein,0,2
M036361_Lebanon,2,1
M036361_Yemen,1,2
M036362_North Macedonia,1,0
M036362_Serbia,0,1
M036363_Mexico,2,0
M036363_El Salvador,0,2
M036364_New Caledonia,5,0
M036364_Solomon Islands,0,5
M036365_New Zealand,3,0
M036365_Tahiti,0,3
M036366_Oman,2,1
M036366_Jordan,1,2
M036367_Paraguay,1,0
M036367_Peru,0,1
M036368_Portugal,1,1
M036368_Northern Ireland,1,1
M036369_Kuwait,2,1
M036369_Philippines,1,2
M036370_Qatar,0,1
M036370_Uzbekistan,1,0
M036371_Russia,1,0
M036371_Azerbaijan,0,1
M036372_San Marino,0,2
M036372_Moldova,2,0
M036373_Singapore,2,0
M036373_India,0,2
M036374_Spain,1,1
M036374_France,1,1
M036375_Ukraine,0,1
M036375_Montenegro,1,0
M036376_United Arab Emirates,6,2
M036376_Bahrain,2,6
M036377_United States,3,1
M036377_Guatemala,1,3
M036378_Venezuela,1,1
M036378_Ecuador,1,1
M036379_Vietnam,0,0
M036379_Indonesia,0,0
M036380_Romania,1,4
M036380_Netherlands,4,1
M036381_Kenya,1,2
M036381_South Africa,2,1
M036382_Japan,0,4
M036382_Brazil,4,0
M036383_Jamaica,4,1
M036383_Antigua and Barbuda,1,4
M036384_Italy,3,1
M036384_Denmark,1,3
M036385_Poland,1,1
M036385_England,1,1
W004863_Scotland,1,1
W004863_Spain,1,1
W004864_Ukraine,2,3
W004864_Iceland,3,2
M036386_Artsakh,3,0
M036386_Abkhazia,0,3
M036387_Saint Lucia,5,1
M036387_Curaçao,1,5
W004865_Austria,0,2
W004865_Russia,2,0
W004866_United States,1,1
W004866_Germany,1,1
M036388_Curaçao,1,2
M036388_Guyana,2,1
M036389_Martinique,2,1
M036389_Puerto Rico,1,2
M036390_Guadeloupe,0,2
M036390_Dominican Republic,2,0
M036391_Vietnam,0,1
M036391_Turkmenistan,1,0
W004867_Spain,3,2
W004867_Scotland,2,3
W004868_United States,2,2
W004868_Germany,2,2
M036392_Dominican Republic,1,1
M036392_Martinique,1,1
M036393_Guadeloupe,4,1
M036393_Puerto Rico,1,4
M036394_Saint Vincent and the Grenadines,4,0
M036394_Curaçao,0,4
W004869_Iceland,3,2
W004869_Ukraine,2,3
W004870_Russia,1,1
W004870_Austria,1,1
M036395_Vietnam,4,0
M036395_Laos,0,4
M036396_Puerto Rico,1,3
M036396_Dominican Republic,3,1
M036397_Guadeloupe,3,3
M036397_Martinique,3,3
M036398_Laos,2,4
M036398_Turkmenistan,4,2
W004871_Equatorial Guinea,1,0
W004871_South Africa,0,1
W004872_Senegal,0,1
W004872_DR Congo,1,0
W004873_Nigeria,2,1
W004873_Cameroon,1,2
W004874_Ivory Coast,5,0
W004874_Ethiopia,0,5
W004875_Equatorial Guinea,6,0
W004875_DR Congo,0,6
W004876_South Africa,1,0
W004876_Senegal,0,1
W004877_Cameroon,4,1
W004877_Ivory Coast,1,4
W004878_Ethiopia,0,3
W004878_Nigeria,3,0
M036399_Vietnam,1,0
M036399_Malaysia,0,1
W004879_Equatorial Guinea,5,0
W004879_Senegal,0,5
W004880_South Africa,4,1
W004880_DR Congo,1,4
W004881_Nigeria,3,1
W004881_Ivory Coast,1,3
W004882_Cameroon,0,0
W004882_Ethiopia,0,0
M036400_Iran,6,1
M036400_Tajikistan,1,6
M036401_Thailand,2,0
M036401_Malaysia,0,2
W004883_Equatorial Guinea,2,0
W004883_Cameroon,0,2
W004884_Nigeria,0,1
W004884_South Africa,1,0
M036402_Oman,1,2
M036402_Estonia,2,1
M036403_Bahrain,3,0
M036403_Jordan,0,3
M036404_Eswatini,0,0
M036404_Lesotho,0,0
W004885_Equatorial Guinea,4,0
W004885_South Africa,0,4
W004886_Cameroon,1,0
W004886_Nigeria,0,1
M036405_Algeria,0,1
M036405_Bosnia and Herzegovina,1,0
M036406_Andorra,0,2
M036406_Iceland,2,0
M036407_Angola,1,1
M036407_Congo,1,1
M036408_Armenia,4,2
M036408_Lithuania,2,4
M036409_Austria,0,3
M036409_Ivory Coast,3,0
M036410_Bolivia,1,1
M036410_Costa Rica,1,1
M036411_Brazil,1,1
M036411_Colombia,1,1
M036412_Bulgaria,0,1
M036412_Ukraine,1,0
M036413_Cape Verde,0,1
M036413_Ghana,1,0
M036414_Cyprus,0,3
M036414_Finland,3,0
M036415_DR Congo,0,1
M036415_Burkina Faso,1,0
M036416_Cuba,5,0
M036416_Suriname,0,5
M036417_Albania,0,0
M036417_Cameroon,0,0
M036418_Czech Republic,3,0
M036418_Slovakia,0,3
M036419_China PR,1,1
M036419_New Zealand,1,1
M036420_Georgia,0,0
M036420_Egypt,0,0
M036421_Panama,1,5
M036421_Spain,5,1
M036422_Paraguay,3,1
M036422_Guatemala,1,3
M036423_Poland,1,3
M036423_Uruguay,3,1
M036424_Qatar,1,0
M036424_Lebanon,0,1
M036425_Romania,2,1
M036425_Belgium,1,2
M036426_Russia,2,2
M036426_United States,2,2
M036427_Rwanda,2,2
M036427_Namibia,2,2
M036428_Saudi Arabia,0,0
M036428_Argentina,0,0
M036429_Serbia,3,1
M036429_Chile,1,3
M036430_South Africa,0,1
M036430_Zambia,1,0
M036431_Sweden,4,2
M036431_England,2,4
M036432_Tanzania,1,0
M036432_Kenya,0,1
M036433_Thailand,5,0
M036433_Bhutan,0,5
M036434_Tunisia,1,2
M036434_Switzerland,2,1
M036435_Gabon,2,2
M036435_Portugal,2,2
M036436_United Arab Emirates,2,1
M036436_Estonia,1,2
M036437_Venezuela,1,3
M036437_Nigeria,3,1
M036438_Oman,1,2
M036438_Japan,2,1
M036439_Northern Ireland,1,1
M036439_Azerbaijan,1,1
M036440_Turkey,1,1
M036440_Denmark,1,1
M036441_Netherlands,0,0
M036441_Germany,0,0
M036442_Niger,1,1
M036442_Senegal,1,1
M036443_Grenada,1,1
M036443_French Guiana,1,1
M036444_Haiti,1,0
M036444_Guyana,0,1
M036445_Honduras,0,0
M036445_Peru,0,0
M036446_Hungary,0,2
M036446_Norway,2,0
M036447_Iran,0,1
M036447_Uzbekistan,1,0
M036448_Iraq,1,0
M036448_Jordan,0,1
M036449_Republic of Ireland,0,1
M036449_Greece,1,0
M036450_Israel,1,2
M036450_Belarus,2,1
M036451_Indonesia,1,0
M036451_Timor-Leste,0,1
M036452_South Korea,1,2
M036452_Australia,2,1
M036453_Kuwait,1,1
M036453_Bahrain,1,1
M036454_Liechtenstein,0,1
M036454_Malta,1,0
M036455_Luxembourg,1,2
M036455_Scotland,2,1
M036456_North Macedonia,3,2
M036456_Slovenia,2,3
M036457_Malaysia,1,1
M036457_Hong Kong,1,1
M036458_Montenegro,3,0
M036458_San Marino,0,3
M036459_Morocco,0,1
M036459_Togo,1,0
M036460_Italy,1,2
M036460_France,2,1
M036461_Philippines,1,0
M036461_Singapore,0,1
M036462_French Guiana,1,0
M036462_Haiti,0,1
M036463_Trinidad and Tobago,3,0
M036463_Suriname,0,3
M036464_Indonesia,0,0
M036464_Cameroon,0,0
M036465_Palestine,1,1
M036465_Syria,1,1
M036466_Thailand,5,0
M036466_Bangladesh,0,5
M036467_Guyana,4,3
M036467_French Guiana,3,4
M036468_Singapore,4,0
M036468_Pakistan,0,4
M036469_Malaysia,1,1
M036469_Bangladesh,1,1
M036470_Palestine,2,1
M036470_Syria,1,2
W004887_China PR,6,0
W004887_Hong Kong,0,6
W004888_Australia,7,0
W004888_Taiwan,0,7
M036471_Argentina,2,1
M036471_Brazil,1,2
W004889_China PR,2,0
W004889_Taiwan,0,2
W004890_Australia,4,0
W004890_Hong Kong,0,4
M036472_Thailand,2,1
M036472_Philippines,1,2
M036473_Vietnam,1,1
M036473_Myanmar,1,1
M036474_Uganda,1,0
M036474_Kenya,0,1
M036475_Guam,8,0
M036475_Northern Mariana Islands,0,8
M036476_Ethiopia,1,0
M036476_South Sudan,0,1
W004891_Taiwan,2,1
W004891_Hong Kong,1,2
W004892_China PR,2,1
W004892_Australia,1,2
M036477_Malaysia,0,3
M036477_Singapore,3,0
M036478_Indonesia,2,2
M036478_Laos,2,2
M036479_Burundi,5,1
M036479_Somalia,1,5
M036480_Tanzania,2,0
M036480_Sudan,0,2
M036481_Rwanda,2,0
M036481_Malawi,0,2
M036482_Zanzibar,0,0
M036482_Eritrea,0,0
M036483_South Sudan,0,2
M036483_Kenya,2,0
M036484_Thailand,4,0
M036484_Myanmar,0,4
M036485_Uganda,1,0
M036485_Ethiopia,0,1
M036486_Vietnam,0,1
M036486_Philippines,1,0
M036487_Malaysia,4,1
M036487_Laos,1,4
M036488_Indonesia,1,0
M036488_Singapore,0,1
M036489_Somalia,0,1
M036489_Sudan,1,0
M036490_Tanzania,0,1
M036490_Burundi,1,0
M036491_Malawi,3,2
M036491_Eritrea,2,3
M036492_Palestine,0,2
M036492_Bahrain,2,0
M036493_Rwanda,1,2
M036493_Zanzibar,2,1
W004893_United States,5,0
W004893_Republic of Ireland,0,5
M036494_Kenya,3,1
M036494_Ethiopia,1,3
M036495_Philippines,2,0
M036495_Myanmar,0,2
M036496_Thailand,3,1
M036496_Vietnam,1,3
M036497_Uganda,4,0
M036497_South Sudan,0,4
M036498_Hong Kong,2,1
M036498_Guam,1,2
M036499_Taiwan,1,6
M036499_North Korea,6,1
M036500_Malawi,2,0
M036500_Zanzibar,0,2
M036501_Malaysia,2,0
M036501_Indonesia,0,2
M036502_Singapore,4,3
M036502_Laos,3,4
M036503_Somalia,0,7
M036503_Tanzania,7,0
M036504_Sudan,0,1
M036504_Burundi,1,0
M036505_Eritrea,0,2
M036505_Rwanda,2,0
W004894_United States,2,0
W004894_Republic of Ireland,0,2
M036506_Burundi,0,0
M036506_Zanzibar,0,0
M036507_Hong Kong,0,1
M036507_Australia,1,0
M036508_Rwanda,0,2
M036508_Tanzania,2,0
M036509_North Korea,5,0
M036509_Guam,0,5
M036510_Kenya,1,0
M036510_Malawi,0,1
M036511_Uganda,2,0
M036511_Ethiopia,0,2
M036512_North Korea,1,1
M036512_Australia,1,1
M036513_Taiwan,1,1
M036513_Guam,1,1
M036514_Uganda,3,0
M036514_Tanzania,0,3
M036515_Zanzibar,2,2
M036515_Kenya,2,2
M036516_Antigua and Barbuda,1,2
M036516_Dominican Republic,2,1
M036517_Guam,0,9
M036517_Australia,9,0
M036518_Haiti,0,0
M036518_Trinidad and Tobago,0,0
M036519_Hong Kong,2,0
M036519_Taiwan,0,2
M036520_Philippines,0,0
M036520_Singapore,0,0
M036521_Uganda,2,1
M036521_Kenya,1,2
M036522_Tanzania,1,1
M036522_Zanzibar,1,1
M036523_Oman,0,1
M036523_Lebanon,1,0
M036524_Martinique,1,0
M036524_Cuba,0,1
M036525_Kuwait,2,1
M036525_Palestine,1,2
M036526_Jamaica,1,2
M036526_French Guiana,2,1
W004895_United States,2,0
W004895_China PR,0,2
M036527_Malaysia,1,1
M036527_Thailand,1,1
M036528_Iran,0,0
M036528_Saudi Arabia,0,0
M036529_Dominican Republic,1,2
M036529_Haiti,2,1
M036530_Hong Kong,0,4
M036530_North Korea,4,0
M036531_Australia,8,0
M036531_Taiwan,0,8
M036532_Antigua and Barbuda,2,0
M036532_Trinidad and Tobago,0,2
M036533_Bahrain,1,0
M036533_Yemen,0,1
W004896_Brazil,4,0
W004896_Portugal,0,4
W004897_Mexico,0,5
W004897_Denmark,5,0
M036534_Cuba,2,1
M036534_French Guiana,1,2
M036535_Iraq,1,0
M036535_Jordan,0,1
M036536_Jamaica,0,0
M036536_Martinique,0,0
M036537_Trinidad and Tobago,2,1
M036537_Dominican Republic,1,2
M036538_Kuwait,0,2
M036538_Oman,2,0
M036539_Lebanon,0,1
M036539_Palestine,1,0
M036540_Antigua and Barbuda,0,1
M036540_Haiti,1,0
M036541_Yemen,0,1
M036541_Saudi Arabia,1,0
M036542_Singapore,1,0
M036542_Philippines,0,1
M036543_Jamaica,0,1
M036543_Cuba,1,0
M036544_Iran,0,0
M036544_Bahrain,0,0
M036545_French Guiana,1,3
M036545_Martinique,3,1
M036546_Thailand,2,0
M036546_Malaysia,0,2
M036547_Iraq,1,1
M036547_Syria,1,1
W004898_United States,4,0
W004898_China PR,0,4
W004899_Denmark,0,0
W004899_Portugal,0,0
W004900_Brazil,1,2
W004900_Mexico,2,1
M036548_Haiti,0,1
M036548_Cuba,1,0
M036549_Oman,2,1
M036549_Palestine,1,2
M036550_Martinique,1,1
M036550_Trinidad and Tobago,1,1
M036551_North Macedonia,1,4
M036551_Poland,4,1
M036552_Kuwait,2,1
M036552_Lebanon,1,2
M036553_Angola,1,1
M036553_Gambia,1,1
M036554_Iran,2,1
M036554_Yemen,1,2
M036555_Bahrain,1,0
M036555_Saudi Arabia,0,1
M036556_Haiti,1,0
M036556_Martinique,0,1
M036557_Cuba,1,0
M036557_Trinidad and Tobago,0,1
M036558_Syria,2,1
M036558_Jordan,1,2
W004901_United States,4,1
W004901_China PR,1,4
W004902_Brazil,2,1
W004902_Denmark,1,2
W004903_Portugal,1,0
W004903_Mexico,0,1
M036559_Bahrain,1,1
M036559_Syria,1,1
M036560_Oman,0,2
M036560_Iraq,2,0
W004904_Brazil,2,1
W004904_Denmark,1,2
W004905_Italy,3,2
W004905_Chile,2,3
M036561_Singapore,3,1
M036561_Thailand,1,3
M036562_Oman,2,0
M036562_Benin,0,2
W004906_Portugal,0,2
W004906_Mexico,2,0
W004907_Brazil,2,2
W004907_Denmark,2,2
M036563_Oman,1,0
M036563_Bahrain,0,1
M036564_Iraq,0,1
M036564_Syria,1,0
M036565_Thailand,1,0
M036565_Singapore,0,1
M036566_South Africa,3,1
M036566_Malawi,1,3
M036567_Angola,1,0
M036567_Rwanda,0,1
M036568_Tanzania,1,0
M036568_Zambia,0,1
M036569_United Arab Emirates,2,0
M036569_Yemen,0,2
M036570_Bahrain,0,0
M036570_Burkina Faso,0,0
M036571_Qatar,0,2
M036571_Egypt,2,0
M036572_Bahrain,3,0
M036572_Guinea,0,3
M036573_Oman,0,1
M036573_Togo,1,0
M036574_United Arab Emirates,3,1
M036574_Yemen,1,3
M036575_Basque Country,6,1
M036575_Bolivia,1,6
M036576_Ethiopia,1,0
M036576_Niger,0,1
M036577_Iraq,1,2
M036577_Tunisia,2,1
M036578_Catalonia,1,1
M036578_Nigeria,1,1
M036579_Qatar,1,3
M036579_United Arab Emirates,3,1
M036580_Zambia,0,2
M036580_Angola,2,0
M036581_Bahrain,0,0
M036581_Oman,0,0
M036582_Niger,3,1
M036582_Togo,1,3
M036583_Kuwait,2,0
M036583_Yemen,0,2
M036584_Saudi Arabia,0,2
M036584_Iraq,2,0
M036585_Tunisia,1,1
M036585_Ethiopia,1,1
M036586_Bahrain,1,2
M036586_United Arab Emirates,2,1
M036587_Qatar,2,1
M036587_Oman,1,2
M036588_South Africa,0,1
M036588_Norway,1,0
M036589_Zambia,0,0
M036589_Morocco,0,0
M036590_Yemen,0,2
M036590_Saudi Arabia,2,0
M036591_Cape Verde,0,0
M036591_Nigeria,0,0
M036592_Iraq,1,0
M036592_Kuwait,0,1
M036593_Ghana,3,0
M036593_Egypt,0,3
M036594_Panama,3,0
M036594_Guatemala,0,3
M036595_Gabon,1,1
M036595_Tunisia,1,1
M036596_Bahrain,1,0
M036596_Qatar,0,1
M036597_Ethiopia,2,1
M036597_Tanzania,1,2
M036598_United Arab Emirates,2,0
M036598_Oman,0,2
M036599_Iraq,2,0
M036599_Yemen,0,2
M036600_Kuwait,1,0
M036600_Saudi Arabia,0,1
M036601_Namibia,1,2
M036601_Morocco,2,1
M036602_South Africa,0,0
M036602_Algeria,0,0
M036603_Zambia,0,0
M036603_Norway,0,0
W004908_Norway,2,0
W004908_South Korea,0,2
W004909_China PR,0,1
W004909_Canada,1,0
M036604_Togo,2,1
M036604_Niger,1,2
M036605_Panama,2,0
M036605_Guatemala,0,2
M036606_Angola,2,0
M036606_Botswana,0,2
M036607_Ghana,4,2
M036607_Tunisia,2,4
M036608_Ivory Coast,4,2
M036608_Egypt,2,4
W004910_China PR,0,1
W004910_Norway,1,0
W004911_Canada,1,3
W004911_South Korea,3,1
M036609_Bahrain,1,1
M036609_Iraq,1,1
M036610_Lebanon,0,0
M036610_Gabon,0,0
M036611_United Arab Emirates,1,0
M036611_Kuwait,0,1
W004912_China PR,2,0
W004912_South Korea,0,2
W004913_Canada,0,0
W004913_Norway,0,0
M036612_Eswatini,0,3
M036612_Burkina Faso,3,0
M036613_United Arab Emirates,2,1
M036613_Iraq,1,2
M036614_Guatemala,1,1
M036614_Nicaragua,1,1
M036615_Costa Rica,1,0
M036615_Belize,0,1
M036616_Bahrain,1,6
M036616_Kuwait,6,1
M036617_Honduras,1,1
M036617_El Salvador,1,1
M036618_South Africa,0,0
M036618_Cape Verde,0,0
M036619_Angola,0,0
M036619_Morocco,0,0
M036620_Chile,3,0
M036620_Haiti,0,3
M036621_Mali,1,0
M036621_Niger,0,1
M036622_Ghana,2,2
M036622_DR Congo,2,2
M036623_El Salvador,0,0
M036623_Panama,0,0
M036624_Costa Rica,2,0
M036624_Nicaragua,0,2
M036625_Belize,0,0
M036625_Guatemala,0,0
M036626_Zambia,1,1
M036626_Ethiopia,1,1
M036627_Nigeria,1,1
M036627_Burkina Faso,1,1
M036628_Costa Rica,1,1
M036628_Guatemala,1,1
M036629_Nicaragua,1,2
M036629_Belize,2,1
M036630_Panama,1,1
M036630_Honduras,1,1
M036631_Tunisia,1,0
M036631_Algeria,0,1
M036632_Ivory Coast,2,1
M036632_Togo,1,2
M036633_Sweden,1,1
M036633_North Korea,1,1
M036634_Morocco,1,1
M036634_Cape Verde,1,1
M036635_South Africa,2,0
M036635_Angola,0,2
M036636_Thailand,1,3
M036636_Finland,3,1
M036637_Niger,0,0
M036637_DR Congo,0,0
M036638_Ghana,1,0
M036638_Mali,0,1
M036639_Costa Rica,1,0
M036639_El Salvador,0,1
M036640_Burkina Faso,4,0
M036640_Ethiopia,0,4
M036641_Guatemala,1,3
M036641_Panama,3,1
M036642_Zambia,1,1
M036642_Nigeria,1,1
M036643_Honduras,1,0
M036643_Belize,0,1
M036644_Sweden,3,0
M036644_Finland,0,3
M036645_Ivory Coast,3,0
M036645_Tunisia,0,3
M036646_Algeria,0,2
M036646_Togo,2,0
M036647_Thailand,2,2
M036647_North Korea,2,2
M036648_Cape Verde,2,1
M036648_Angola,1,2
M036649_Costa Rica,1,0
M036649_Honduras,0,1
M036650_El Salvador,1,0
M036650_Belize,0,1
M036651_South Africa,2,2
M036651_Morocco,2,2
M036652_DR Congo,1,1
M036652_Mali,1,1
M036653_Niger,0,3
M036653_Ghana,3,0
M036654_Burkina Faso,0,0
M036654_Zambia,0,0
M036655_Ethiopia,0,2
M036655_Nigeria,2,0
M036656_United States,0,0
M036656_Canada,0,0
M036657_Oman,1,0
M036657_China PR,0,1
M036658_Algeria,2,2
M036658_Ivory Coast,2,2
M036659_Togo,1,1
M036659_Tunisia,1,1
M036660_Jordan,5,0
M036660_Indonesia,0,5
M036661_Qatar,1,0
M036661_Lebanon,0,1
M036662_Uzbekistan,0,0
M036662_Azerbaijan,0,0
M036663_Ghana,2,0
M036663_Cape Verde,0,2
M036664_South Africa,1,1
M036664_Mali,1,1
M036665_Burkina Faso,1,0
M036665_Togo,0,1
M036666_Ivory Coast,1,2
M036666_Nigeria,2,1
M036667_Armenia,1,1
M036667_Luxembourg,1,1
M036668_Mexico,0,0
M036668_Jamaica,0,0
M036669_Moldova,1,3
M036669_Kazakhstan,3,1
M036670_Nepal,0,1
M036670_Pakistan,1,0
M036671_Netherlands,1,1
M036671_Italy,1,1
M036672_Norway,0,2
M036672_Ukraine,2,0
M036673_Oman,1,0
M036673_Syria,0,1
M036674_Panama,2,2
M036674_Costa Rica,2,2
M036675_Portugal,2,3
M036675_Ecuador,3,2
M036676_Qatar,2,0
M036676_Malaysia,0,2
M036677_Romania,3,2
M036677_Australia,2,3
M036678_Malta,0,0
M036678_Northern Ireland,0,0
M036679_Turkey,0,2
M036679_Czech Republic,2,0
M036680_Slovenia,0,3
M036680_Bosnia and Herzegovina,3,0
M036681_Spain,3,1
M036681_Uruguay,1,3
M036682_Sweden,2,3
M036682_Argentina,3,2
M036683_Rwanda,2,2
M036683_Uganda,2,2
M036684_Trinidad and Tobago,0,2
M036684_Peru,2,0
M036685_Zimbabwe,2,1
M036685_Botswana,1,2
M036686_Yemen,0,2
M036686_Bahrain,2,0
M036687_Wales,2,1
M036687_Austria,1,2
M036688_Tanzania,1,0
M036688_Cameroon,0,1
M036689_Vietnam,1,2
M036689_United Arab Emirates,2,1
M036690_Uzbekistan,0,0
M036690_Hong Kong,0,0
M036691_Thailand,1,3
M036691_Kuwait,3,1
M036692_Mali,1,4
M036692_Nigeria,4,1
M036693_Albania,1,2
M036693_Georgia,2,1
M036694_North Korea,1,0
M036694_Laos,0,1
M036695_Scotland,1,0
M036695_Estonia,0,1
M036696_Azerbaijan,1,0
M036696_Liechtenstein,0,1
M036697_Belgium,2,1
M036697_Slovakia,1,2
M036698_Burkina Faso,1,1
M036698_Ghana,1,1
M036699_Myanmar,0,1
M036699_Philippines,1,0
M036700_Chile,2,1
M036700_Egypt,1,2
M036701_Croatia,4,0
M036701_South Korea,0,4
M036702_Cyprus,1,3
M036702_Serbia,3,1
M036703_England,2,1
M036703_Brazil,1,2
M036704_France,1,2
M036704_Germany,2,1
M036705_Greece,0,0
M036705_Switzerland,0,0
M036706_Honduras,2,1
M036706_United States,1,2
M036707_Hungary,1,1
M036707_Belarus,1,1
M036708_North Macedonia,3,0
M036708_Denmark,0,3
M036709_Saudi Arabia,2,1
M036709_China PR,1,2
M036710_Iceland,0,2
M036710_Russia,2,0
M036711_Kenya,3,0
M036711_Libya,0,3
M036712_Jordan,4,0
M036712_Singapore,0,4
M036713_Japan,3,0
M036713_Latvia,0,3
M036714_Israel,2,1
M036714_Finland,1,2
M036715_Republic of Ireland,2,0
M036715_Poland,0,2
M036716_Iraq,1,0
M036716_Indonesia,0,1
M036717_Iran,5,0
M036717_Lebanon,0,5
M036718_India,2,4
M036718_Palestine,4,2
M036719_Nepal,0,1
M036719_Pakistan,1,0
M036720_Mali,3,1
M036720_Ghana,1,3
M036721_Nigeria,1,0
M036721_Burkina Faso,0,1
W004914_United States,4,1
W004914_Scotland,1,4
M036722_Maldives,1,1
M036722_Pakistan,1,1
M036723_Provence,6,1
M036723_Monaco,1,6
M036724_Maldives,3,0
M036724_Pakistan,0,3
W004915_United States,3,1
W004915_Scotland,1,3
M036725_Gambia,0,2
M036725_Mauritania,2,0
M036726_Myanmar,5,0
M036726_Guam,0,5
M036727_Afghanistan,1,0
M036727_Sri Lanka,0,1
M036728_Gambia,0,0
M036728_Mauritania,0,0
M036729_India,2,1
M036729_Taiwan,1,2
M036730_Laos,1,1
M036730_Mongolia,1,1
M036731_Nepal,6,0
M036731_Northern Mariana Islands,0,6
M036732_Palestine,1,0
M036732_Bangladesh,0,1
M036733_Nepal,0,2
M036733_Bangladesh,2,0
M036734_Laos,4,2
M036734_Sri Lanka,2,4
M036735_Mongolia,0,1
M036735_Afghanistan,1,0
M036736_Northern Mariana Islands,0,9
M036736_Palestine,9,0
M036737_Guam,0,4
M036737_India,4,0
M036738_Myanmar,1,0
M036738_India,0,1
M036739_Bangladesh,4,0
M036739_Northern Mariana Islands,0,4
M036740_Laos,1,1
M036740_Afghanistan,1,1
M036741_Nepal,0,0
M036741_Palestine,0,0
M036742_Sri Lanka,3,0
M036742_Mongolia,0,3
W004916_Finland,1,1
W004916_Netherlands,1,1
W004917_Norway,2,0
W004917_Japan,0,2
W004918_Denmark,0,0
W004918_Germany,0,0
W004919_United States,3,0
W004919_Iceland,0,3
W004920_Sweden,1,1
W004920_China PR,1,1
W004921_Mexico,1,0
W004921_Hungary,0,1
W004922_Portugal,2,0
W004922_Wales,0,2
W004923_New Zealand,1,0
W004923_Scotland,0,1
W004924_England,4,2
W004924_Italy,2,4
W004925_South Korea,2,0
W004925_South Africa,0,2
W004926_Canada,2,0
W004926_Switzerland,0,2
W004927_El Salvador,1,3
W004927_Nicaragua,3,1
W004928_Costa Rica,14,0
W004928_Belize,0,14
W004929_Panama,2,3
W004929_Guatemala,3,2
W004930_Republic of Ireland,5,1
W004930_Northern Ireland,1,5
M036743_Qatar,3,1
M036743_Egypt,1,3
W004931_Croatia,1,1
W004931_Czech Republic,1,1
W004932_Russia,1,0
W004932_Bosnia and Herzegovina,0,1
M036744_Sealand,2,1
M036744_Alderney,1,2
W004933_Finland,1,2
W004933_Canada,2,1
W004934_Costa Rica,3,0
W004934_Nicaragua,0,3
W004935_Croatia,0,2
W004935_Slovenia,2,0
W004936_Slovakia,1,4
W004936_Bosnia and Herzegovina,4,1
W004937_South Korea,3,0
W004937_Northern Ireland,0,3
W004938_Republic of Ireland,1,0
W004938_South Africa,0,1
W004939_Honduras,2,3
W004939_Panama,3,2
W004940_Switzerland,1,1
W004940_Netherlands,1,1
W004941_Belize,0,9
W004941_El Salvador,9,0
W004942_New Zealand,2,0
W004942_Italy,0,2
W004943_Wales,1,0
W004943_Mexico,0,1
W004944_Portugal,0,2
W004944_Hungary,2,0
W004945_Sweden,6,1
W004945_Iceland,1,6
W004946_United States,5,0
W004946_China PR,0,5
W004947_Norway,0,0
W004947_Denmark,0,0
W004948_Germany,2,1
W004948_Japan,1,2
W004949_Scotland,4,4
W004949_England,4,4
W004950_Russia,1,0
W004950_Slovakia,0,1
W004951_Slovenia,1,5
W004951_Czech Republic,5,1
W004952_Costa Rica,3,1
W004952_El Salvador,1,3
W004953_Nicaragua,2,1
W004953_Belize,1,2
W004954_Guatemala,6,2
W004954_Honduras,2,6
W004955_Russia,0,0
W004955_Czech Republic,0,0
W004956_South Korea,0,0
W004956_Republic of Ireland,0,0
W004957_South Africa,2,1
W004957_Northern Ireland,1,2
W004958_Netherlands,0,1
W004958_Canada,1,0
W004959_Slovenia,1,1
W004959_Bosnia and Herzegovina,1,1
W004960_Italy,1,2
W004960_Scotland,2,1
W004961_Finland,2,3
W004961_Switzerland,3,2
W004962_Portugal,0,3
W004962_Mexico,3,0
W004963_Wales,1,1
W004963_Hungary,1,1
W004964_Sweden,1,1
W004964_United States,1,1
W004965_China PR,1,0
W004965_Iceland,0,1
W004966_Germany,2,0
W004966_Norway,0,2
W004967_Denmark,0,2
W004967_Japan,2,0
W004968_England,3,1
W004968_New Zealand,1,3
W004969_Croatia,1,0
W004969_Slovakia,0,1
W004970_Guatemala,1,2
W004970_Nicaragua,2,1
W004971_Costa Rica,3,0
W004971_Panama,0,3
W004972_Japan,1,0
W004972_China PR,0,1
W004973_Hungary,1,4
W004973_Iceland,4,1
W004974_Mexico,0,3
W004974_Denmark,3,0
W004975_Norway,2,2
W004975_Sweden,2,2
W004976_Germany,0,2
W004976_United States,2,0
W004977_South Africa,1,1
W004977_Northern Ireland,1,1
W004978_South Korea,0,1
W004978_Italy,1,0
W004979_Republic of Ireland,0,1
W004979_Finland,1,0
W004980_Scotland,1,0
W004980_Netherlands,0,1
W004981_New Zealand,2,1
W004981_Switzerland,1,2
W004982_England,1,0
W004982_Canada,0,1
W004983_Portugal,1,1
W004983_Wales,1,1
W004984_Guatemala,5,3
W004984_Panama,3,5
W004985_Costa Rica,4,0
W004985_Nicaragua,0,4
M036745_Alderney,2,9
M036745_Jersey,9,2
M036746_Senegal,0,4
M036746_Libya,4,0
M036747_Bahrain,0,0
M036747_Lebanon,0,0
M036748_Kyrgyzstan,1,0
M036748_Macau,0,1
M036749_Malaysia,1,4
M036749_Saudi Arabia,4,1
M036750_Qatar,1,0
M036750_Thailand,0,1
M036751_Tajikistan,1,0
M036751_Pakistan,0,1
M036752_Botswana,1,0
M036752_Malawi,0,1
M036753_Kyrgyzstan,1,0
M036753_Pakistan,0,1
M036754_Macau,0,3
M036754_Tajikistan,3,0
M036755_Oman,3,0
M036755_Haiti,0,3
M036756_Rwanda,0,1
M036756_Libya,1,0
M036757_Pakistan,2,0
M036757_Macau,0,2
M036758_Kyrgyzstan,1,0
M036758_Tajikistan,0,1
M036759_Kuwait,2,1
M036759_Palestine,1,2
M036760_Italy,2,2
M036760_Brazil,2,2
M036761_Ecuador,5,0
M036761_El Salvador,0,5
M036762_Jordan,1,0
M036762_Belarus,0,1
M036763_San Marino,0,8
M036763_England,8,0
M036764_Poland,1,3
M036764_Ukraine,3,1
M036765_Peru,1,0
M036765_Chile,0,1
M036766_Honduras,2,2
M036766_Mexico,2,2
M036767_New Zealand,2,1
M036767_New Caledonia,1,2
M036768_Netherlands,3,0
M036768_Estonia,0,3
M036769_Scotland,1,2
M036769_Wales,2,1
M036770_Norway,0,1
M036770_Albania,1,0
M036771_Slovakia,1,1
M036771_Lithuania,1,1
M036772_Hong Kong,1,0
M036772_Vietnam,0,1
M036773_Spain,1,1
M036773_Finland,1,1
M036774_Sweden,0,0
M036774_Republic of Ireland,0,0
M036775_Tahiti,2,0
M036775_Solomon Islands,0,2
M036776_Turkmenistan,7,0
M036776_Cambodia,0,7
M036777_United Arab Emirates,2,1
M036777_Uzbekistan,1,2
M036778_Uruguay,1,1
M036778_Paraguay,1,1
M036779_United States,1,0
M036779_Costa Rica,0,1
M036780_Moldova,0,1
M036780_Montenegro,1,0
M036781_Slovenia,1,2
M036781_Iceland,2,1
M036782_Malaysia,2,1
M036782_Yemen,1,2
M036783_North Macedonia,0,2
M036783_Belgium,2,0
M036784_Luxembourg,0,0
M036784_Azerbaijan,0,0
M036785_Andorra,0,2
M036785_Turkey,2,0
M036786_Argentina,3,0
M036786_Venezuela,0,3
M036787_Austria,6,0
M036787_Faroe Islands,0,6
M036788_Bahrain,1,0
M036788_Qatar,0,1
M036789_Bosnia and Herzegovina,3,1
M036789_Greece,1,3
M036790_Bulgaria,6,0
M036790_Malta,0,6
M036791_China PR,1,0
M036791_Iraq,0,1
M036792_Colombia,5,0
M036792_Bolivia,0,5
M036793_Croatia,2,0
M036793_Serbia,0,2
M036794_France,3,1
M036794_Georgia,1,3
M036795_Egypt,10,0
M036795_Eswatini,0,10
M036796_Czech Republic,0,3
M036796_Denmark,3,0
M036797_Lebanon,5,2
M036797_Thailand,2,5
M036798_Kazakhstan,0,3
M036798_Germany,3,0
M036799_Liechtenstein,1,1
M036799_Latvia,1,1
M036800_Jamaica,1,1
M036800_Panama,1,1
M036801_Israel,3,3
M036801_Portugal,3,3
M036802_Japan,2,1
M036802_Canada,1,2
M036803_Hungary,2,2
M036803_Romania,2,2
M036804_Tunisia,2,1
M036804_Sierra Leone,1,2
M036805_South Africa,2,0
M036805_Central African Republic,0,2
M036806_Senegal,1,1
M036806_Angola,1,1
M036807_Nigeria,1,1
M036807_Kenya,1,1
M036808_Ivory Coast,3,0
M036808_Gambia,0,3
M036809_Namibia,0,1
M036809_Malawi,1,0
M036810_Cyprus,0,0
M036810_Switzerland,0,0
M036811_Congo,1,0
M036811_Gabon,0,1
M036812_Cameroon,2,1
M036812_Togo,1,2
M036813_Burkina Faso,4,0
M036813_Niger,0,4
M036814_Indonesia,1,2
M036814_Saudi Arabia,2,1
M036815_Belize,0,0
M036815_Trinidad and Tobago,0,0
M036816_Ghana,4,0
M036816_Sudan,0,4
M036817_DR Congo,0,0
M036817_Libya,0,0
M036818_Dominican Republic,3,1
M036818_Haiti,1,3
M036819_Equatorial Guinea,0,3
M036819_Cape Verde,3,0
M036820_Ethiopia,1,0
M036820_Botswana,0,1
M036821_Lesotho,1,1
M036821_Zambia,1,1
M036822_Mozambique,0,0
M036822_Guinea,0,0
M036823_Philippines,8,0
M036823_Cambodia,0,8
M036824_Rwanda,1,2
M036824_Mali,2,1
M036825_Tanzania,3,1
M036825_Morocco,1,3
M036826_Liberia,2,0
M036826_Uganda,0,2
M036827_Canada,0,2
M036827_Belarus,2,0
M036828_Russia,1,1
M036828_Brazil,1,1
M036829_Mexico,0,0
M036829_United States,0,0
M036830_Montenegro,1,1
M036830_England,1,1
M036831_Netherlands,4,0
M036831_Romania,0,4
M036832_New Caledonia,1,0
M036832_Tahiti,0,1
M036833_Northern Ireland,0,2
M036833_Israel,2,0
M036834_Panama,2,0
M036834_Honduras,0,2
M036835_Peru,3,0
M036835_Trinidad and Tobago,0,3
M036836_Philippines,1,0
M036836_Turkmenistan,0,1
M036837_Slovakia,0,0
M036837_Sweden,0,0
M036838_Serbia,2,0
M036838_Scotland,0,2
M036839_Malta,0,2
M036839_Italy,2,0
M036840_Solomon Islands,0,2
M036840_New Zealand,2,0
M036841_Turkey,1,1
M036841_Hungary,1,1
M036842_Ukraine,2,1
M036842_Moldova,1,2
M036843_Uzbekistan,1,0
M036843_Lebanon,0,1
M036844_Venezuela,1,0
M036844_Colombia,0,1
M036845_Wales,1,2
M036845_Croatia,2,1
M036846_Poland,5,0
M036846_San Marino,0,5
M036847_Malaysia,0,2
M036847_Palestine,2,0
M036848_South Korea,2,1
M036848_Qatar,1,2
M036849_Kuwait,1,1
M036849_Iran,1,1
M036850_Albania,4,1
M036850_Lithuania,1,4
M036851_Algeria,3,1
M036851_Benin,1,3
M036852_Armenia,0,3
M036852_Czech Republic,3,0
M036853_Australia,2,2
M036853_Oman,2,2
M036854_Azerbaijan,0,2
M036854_Portugal,2,0
M036855_Belgium,1,0
M036855_North Macedonia,0,1
M036856_Bolivia,1,1
M036856_Argentina,1,1
M036857_Costa Rica,2,0
M036857_Jamaica,0,2
M036858_Denmark,1,1
M036858_Bulgaria,1,1
M036859_Ecuador,4,1
M036859_Paraguay,1,4
M036860_Egypt,2,1
M036860_Zimbabwe,1,2
M036861_Estonia,2,0
M036861_Andorra,0,2
M036862_France,0,1
M036862_Spain,1,0
M036863_Germany,4,1
M036863_Kazakhstan,1,4
M036864_Iraq,2,1
M036864_Syria,1,2
M036865_Republic of Ireland,2,2
M036865_Austria,2,2
M036866_Jordan,2,1
M036866_Japan,1,2
M036867_Luxembourg,0,3
M036867_Finland,3,0
M036868_Chile,2,0
M036868_Uruguay,0,2
W004986_Luxembourg,0,0
W004986_Latvia,0,0
W004987_Albania,1,1
W004987_Malta,1,1
W004988_Georgia,4,3
W004988_Lithuania,3,4
W004989_Faroe Islands,3,3
W004989_Montenegro,3,3
W004990_Germany,3,3
W004990_United States,3,3
M036869_Bolivia,0,4
M036869_Brazil,4,0
W004991_Georgia,0,2
W004991_Montenegro,2,0
W004992_Malta,6,0
W004992_Luxembourg,0,6
W004993_Albania,2,0
W004993_Latvia,0,2
W004994_Lithuania,0,1
W004994_Faroe Islands,1,0
W004995_Netherlands,1,3
W004995_United States,3,1
W004996_Montenegro,1,1
W004996_Lithuania,1,1
W004997_Faroe Islands,2,1
W004997_Georgia,1,2
W004998_Latvia,0,2
W004998_Malta,2,0
W004999_Luxembourg,1,2
W004999_Albania,2,1
M036870_Qatar,2,0
M036870_Palestine,0,2
M036871_Mexico,0,0
M036871_Peru,0,0
M036872_Saint Vincent and the Grenadines,0,2
M036872_Saint Lucia,2,0
M036873_Brazil,2,2
M036873_Chile,2,2
M036874_Zambia,2,0
M036874_Zimbabwe,0,2
M036875_Libya,2,0
M036875_Mauritania,0,2
M036876_Guernsey,2,1
M036876_Jersey,1,2
W005000_Iran,0,6
W005000_Philippines,6,0
W005001_Myanmar,2,0
W005001_India,0,2
W005002_Palestine,0,6
W005002_Taiwan,6,0
W005003_Bangladesh,0,9
W005003_Thailand,9,0
M036877_Venezuela,2,1
M036877_El Salvador,1,2
M036878_Oman,3,1
M036878_Iran,1,3
W005004_Bahrain,0,8
W005004_Vietnam,8,0
W005005_Hong Kong,2,1
W005005_Kyrgyzstan,1,2
W005006_Bangladesh,0,2
W005006_Iran,2,0
W005007_Palestine,0,9
W005007_Myanmar,9,0
W005008_Philippines,0,1
W005008_Thailand,1,0
W005009_India,1,2
W005009_Taiwan,2,1
M036879_Qatar,3,1
M036879_Latvia,1,3
W005010_Bahrain,1,3
W005010_Hong Kong,3,1
W005011_Kyrgyzstan,0,12
W005011_Vietnam,12,0
M036880_Algeria,1,0
M036880_Mauritania,0,1
M036881_Ethiopia,2,0
M036881_Sudan,0,2
M036882_Malawi,1,1
M036882_Zimbabwe,1,1
M036883_Namibia,0,0
M036883_Zambia,0,0
W005012_Thailand,5,1
W005012_Iran,1,5
W005013_Bangladesh,0,4
W005013_Philippines,4,0
W005014_Palestine,1,1
W005014_India,1,1
W005015_Myanmar,0,0
W005015_Taiwan,0,0
W005016_Bahrain,4,1
W005016_Kyrgyzstan,1,4
W005017_Vietnam,4,0
W005017_Hong Kong,0,4
M036884_Jordan,1,0
M036884_Libya,0,1
M036885_Iraq,0,1
M036885_Liberia,1,0
M036886_Brittany,1,0
M036886_Mali,0,1
M036887_Turkey,3,3
M036887_Latvia,3,3
M036888_Canada,0,1
M036888_Costa Rica,1,0
M036889_Ecuador,2,4
M036889_Germany,4,2
M036890_England,1,1
M036890_Republic of Ireland,1,1
M036891_Oman,1,1
M036891_Lebanon,1,1
M036892_Qatar,1,1
M036892_Azerbaijan,1,1
M036893_United States,2,4
M036893_Belgium,4,2
M036894_Japan,0,2
M036894_Bulgaria,2,0
M036895_Italy,4,0
M036895_San Marino,0,4
M036896_Mexico,2,2
M036896_Nigeria,2,2
M036897_Turkey,0,2
M036897_Slovenia,2,0
M036898_Libya,3,0
M036898_Uganda,0,3
M036899_Panama,1,2
M036899_Peru,2,1
M036900_Lesotho,0,2
M036900_South Africa,2,0
M036901_Sudan,0,0
M036901_Tanzania,0,0
M036902_Ukraine,0,0
M036902_Cameroon,0,0
M036903_Republic of Ireland,4,0
M036903_Georgia,0,4
M036904_Brazil,2,2
M036904_England,2,2
M036905_Algeria,2,0
M036905_Burkina Faso,0,2
M036906_United States,4,3
M036906_Germany,3,4
M036907_Honduras,0,2
M036907_Israel,2,0
M036908_Sweden,1,0
M036908_North Macedonia,0,1
M036909_Estonia,0,2
M036909_Belarus,2,0
W005018_Canada,0,3
W005018_United States,3,0
M036910_Myanmar,0,2
M036910_Singapore,2,0
M036911_Egypt,1,1
M036911_Botswana,1,1
M036912_Hong Kong,0,1
M036912_Philippines,1,0
M036913_Jamaica,0,1
M036913_Mexico,1,0
M036914_Japan,1,1
M036914_Australia,1,1
M036915_Kazakhstan,1,2
M036915_Bulgaria,2,1
M036916_Lebanon,1,1
M036916_South Korea,1,1
M036917_Oman,1,0
M036917_Iraq,0,1
M036918_Poland,2,0
M036918_Liechtenstein,0,2
M036919_Qatar,0,1
M036919_Iran,1,0
M036920_Romania,4,0
M036920_Trinidad and Tobago,0,4
M036921_Tajikistan,3,2
M036921_Afghanistan,2,3
M036922_Denmark,2,1
M036922_Georgia,1,2
M036923_Uruguay,1,0
M036923_France,0,1
M036924_Malawi,0,0
M036924_Namibia,0,0
M036925_Kenya,0,1
M036925_Nigeria,1,0
W005019_Uzbekistan,18,0
W005019_Kuwait,0,18
W005020_Jordan,5,0
W005020_Lebanon,0,5
M036926_Hungary,1,0
M036926_Kuwait,0,1
M036927_China PR,1,2
M036927_Uzbekistan,2,1
M036928_Bolivia,1,1
M036928_Venezuela,1,1
M036929_Belgium,2,1
M036929_Serbia,1,2
M036930_Estonia,1,0
M036930_Trinidad and Tobago,0,1
M036931_Madrid,1,2
M036931_Andalusia,2,1
M036932_Sudan,1,3
M036932_Ghana,3,1
M036933_Portugal,1,0
M036933_Russia,0,1
M036934_Peru,1,0
M036934_Ecuador,0,1
M036935_Paraguay,1,2
M036935_Chile,2,1
M036936_Panama,0,0
M036936_Mexico,0,0
M036937_Montenegro,0,4
M036937_Ukraine,4,0
M036938_Moldova,1,1
M036938_Poland,1,1
M036939_Lithuania,0,1
M036939_Greece,1,0
M036940_Liechtenstein,1,1
M036940_Slovakia,1,1
M036941_Costa Rica,1,0
M036941_Honduras,0,1
M036942_Albania,1,1
M036942_Norway,1,1
M036943_Argentina,0,0
M036943_Colombia,0,0
M036944_Armenia,0,1
M036944_Malta,1,0
M036945_Austria,2,1
M036945_Sweden,1,2
M036946_Croatia,0,1
M036946_Scotland,1,0
M036947_Czech Republic,0,0
M036947_Italy,0,0
M036948_Libya,0,0
M036948_DR Congo,0,0
M036949_Finland,1,0
M036949_Belarus,0,1
M036950_Iceland,2,4
M036950_Slovenia,4,2
M036951_Indonesia,0,3
M036951_Netherlands,3,0
M036952_Republic of Ireland,3,0
M036952_Faroe Islands,0,3
M036953_Jamaica,1,2
M036953_United States,2,1
M036954_Laos,2,5
M036954_Singapore,5,2
M036955_Azerbaijan,1,1
M036955_Luxembourg,1,1
M036956_Latvia,0,5
M036956_Bosnia and Herzegovina,5,0
W005021_Lebanon,0,4
W005021_Uzbekistan,4,0
W005022_Jordan,21,0
W005022_Kuwait,0,21
M036957_Gambia,0,3
M036957_Ivory Coast,3,0
M036958_Haiti,1,2
M036958_Spain,2,1
M036959_Zambia,4,0
M036959_Lesotho,0,4
M036960_Uganda,1,0
M036960_Liberia,0,1
M036961_Switzerland,1,0
M036961_Cyprus,0,1
M036962_Angola,1,1
M036962_Senegal,1,1
M036963_Central African Republic,0,3
M036963_South Africa,3,0
M036964_Cape Verde,3,0
M036964_Equatorial Guinea,0,3
M036965_Sierra Leone,2,2
M036965_Tunisia,2,2
M036966_Morocco,2,1
M036966_Tanzania,1,2
M036967_Botswana,3,0
M036967_Ethiopia,0,3
M036968_Gabon,0,0
M036968_Congo,0,0
M036969_Togo,0,3
M036969_Cameroon,3,0
M036970_Zimbabwe,2,4
M036970_Egypt,4,2
M036971_Mali,1,1
M036971_Rwanda,1,1
M036972_Guinea,6,1
M036972_Mozambique,1,6
M036973_Brazil,3,0
M036973_France,0,3
M036974_Benin,1,3
M036974_Algeria,3,1
M036975_Niger,0,1
M036975_Burkina Faso,1,0
W005023_Lebanon,12,1
W005023_Kuwait,1,12
W005024_Jordan,4,0
W005024_Uzbekistan,0,4
M036976_Croatia,0,1
M036976_Portugal,1,0
M036977_Iraq,0,1
M036977_Japan,1,0
M036978_Iran,4,0
M036978_Lebanon,0,4
M036979_Honduras,2,0
M036979_Jamaica,0,2
M036980_Guatemala,0,0
M036980_Belize,0,0
M036981_Estonia,1,1
M036981_Kyrgyzstan,1,1
M036982_Colombia,2,0
M036982_Peru,0,2
M036983_Denmark,0,4
M036983_Armenia,4,0
M036984_China PR,0,2
M036984_Netherlands,2,0
M036985_Chile,3,1
M036985_Bolivia,1,3
M036986_Belarus,1,1
M036986_Finland,1,1
M036987_Ecuador,1,1
M036987_Argentina,1,1
M036988_Australia,4,0
M036988_Jordan,0,4
M036989_South Korea,1,0
M036989_Uzbekistan,0,1
M036990_Mexico,0,0
M036990_Costa Rica,0,0
M036991_Norway,2,0
M036991_North Macedonia,0,2
M036992_Qatar,0,0
M036992_North Korea,0,0
M036993_Spain,2,0
M036993_Republic of Ireland,0,2
M036994_Sweden,2,0
M036994_Faroe Islands,0,2
M036995_United States,2,0
M036995_Panama,0,2
M036996_Venezuela,0,1
M036996_Uruguay,1,0
M036997_Italy,2,2
M036997_Haiti,2,2
M036998_Malawi,2,2
M036998_Kenya,2,2
M036999_Ghana,2,1
M036999_Ivory Coast,1,2
M037000_Namibia,1,1
M037000_Nigeria,1,1
M037001_Libya,2,0
M037001_Togo,0,2
M037002_Moldova,2,1
M037002_Kyrgyzstan,1,2
M037003_Ghana,1,1
M037003_Ivory Coast,1,1
M037004_Guatemala,0,4
M037004_Argentina,4,0
M037005_Zambia,1,1
M037005_Sudan,1,1
M037006_Gabon,4,1
M037006_Niger,1,4
M037007_Morocco,2,0
M037007_Gambia,0,2
M037008_Congo,0,1
M037008_Burkina Faso,1,0
M037009_Uganda,2,1
M037009_Angola,1,2
M037010_Cape Verde,1,0
M037010_Sierra Leone,0,1
M037011_Brazil,3,0
M037011_Japan,0,3
M037012_Botswana,3,2
M037012_Central African Republic,2,3
M037013_China PR,1,5
M037013_Thailand,5,1
M037014_Mexico,1,2
M037014_Italy,2,1
M037015_Tanzania,2,4
M037015_Ivory Coast,4,2
M037016_Spain,2,1
M037016_Uruguay,1,2
M037017_Rwanda,0,1
M037017_Algeria,1,0
M037018_Mozambique,0,1
M037018_Egypt,1,0
M037019_Mali,2,2
M037019_Benin,2,2
M037020_Lesotho,0,2
M037020_Ghana,2,0
M037021_Guinea,1,0
M037021_Zimbabwe,0,1
M037022_Ethiopia,2,1
M037022_South Africa,1,2
M037023_Equatorial Guinea,1,1
M037023_Tunisia,1,1
M037024_DR Congo,0,0
M037024_Cameroon,0,0
M037025_Liberia,0,2
M037025_Senegal,2,0
W005025_United States,4,1
W005025_South Korea,1,4
M037026_Tahiti,1,6
M037026_Nigeria,6,1
M037027_Australia,1,0
M037027_Iraq,0,1
M037028_Costa Rica,2,0
M037028_Panama,0,2
M037029_Jordan,1,0
M037029_Oman,0,1
M037030_South Korea,0,1
M037030_Iran,1,0
M037031_United States,1,0
M037031_Honduras,0,1
M037032_Uzbekistan,5,1
M037032_Qatar,1,5
M037033_Brazil,2,0
M037033_Mexico,0,2
M037034_Italy,4,3
M037034_Japan,3,4
M037035_Spain,10,0
M037035_Tahiti,0,10
M037036_Nigeria,1,2
M037036_Uruguay,2,1
W005026_United States,5,0
W005026_South Korea,0,5
M037037_Brazil,4,2
M037037_Italy,2,4
M037038_Japan,1,2
M037038_Mexico,2,1
M037039_Monaco,2,0
M037039_Vatican City,0,2
M037040_Nigeria,0,3
M037040_Spain,3,0
M037041_Uruguay,8,0
M037041_Tahiti,0,8
M037042_Brazil,2,1
M037042_Uruguay,1,2
M037043_Spain,0,0
M037043_Italy,0,0
M037044_Libya,2,1
M037044_Burkina Faso,1,2
M037045_Saugeais,1,1
M037045_Raetia,1,1
M037046_Brazil,3,0
M037046_Spain,0,3
M037047_Uruguay,2,2
M037047_Italy,2,2
M037048_Sealand,3,5
M037048_Tamil Eelam,5,3
M037049_Sealand,0,8
M037049_Occitania,8,0
M037050_Namibia,2,1
M037050_Mauritius,1,2
M037051_Raetia,3,2
M037051_Alderney,2,3
M037052_Tamil Eelam,0,5
M037052_Occitania,5,0
M037053_Botswana,0,0
M037053_Eswatini,0,0
M037054_Canada,0,1
M037054_Martinique,1,0
M037055_Mexico,1,2
M037055_Panama,2,1
M037056_Sealand,2,2
M037056_Alderney,2,2
M037057_Raetia,0,5
M037057_Tamil Eelam,5,0
M037058_El Salvador,2,2
M037058_Trinidad and Tobago,2,2
M037059_Haiti,0,2
M037059_Honduras,2,0
M037060_Kenya,2,2
M037060_Lesotho,2,2
M037061_Namibia,4,2
M037061_Seychelles,2,4
M037062_Costa Rica,3,0
M037062_Cuba,0,3
M037063_Kenya,2,0
M037063_Eswatini,0,2
M037064_Lesotho,3,3
M037064_Botswana,3,3
M037065_United States,6,1
M037065_Belize,1,6
M037066_Mauritius,4,0
M037066_Seychelles,0,4
W005027_Italy,0,0
W005027_Finland,0,0
W005028_Sweden,1,1
W005028_Denmark,1,1
M037067_Panama,1,0
M037067_Martinique,0,1
M037068_Mexico,2,0
M037068_Canada,0,2
M037069_Lesotho,2,0
M037069_Eswatini,0,2
M037070_Kenya,1,2
M037070_Botswana,2,1
W005029_Norway,1,1
W005029_Iceland,1,1
W005030_Germany,0,0
W005030_Netherlands,0,0
M037071_Trinidad and Tobago,0,2
M037071_Haiti,2,0
M037072_Honduras,1,0
M037072_El Salvador,0,1
W005031_France,3,1
W005031_Russia,1,3
W005032_England,2,3
W005032_Spain,3,2
M037073_Zimbabwe,1,1
M037073_Malawi,1,1
M037074_United States,4,1
M037074_Cuba,1,4
M037075_South Africa,2,1
M037075_Namibia,1,2
M037076_Costa Rica,1,0
M037076_Belize,0,1
W005033_Italy,2,1
W005033_Denmark,1,2
W005034_Sweden,5,0
W005034_Finland,0,5
M037077_Frøya,1,2
M037077_Falkland Islands,2,1
M037078_Martinique,1,3
M037078_Mexico,3,1
M037079_Panama,0,0
M037079_Canada,0,0
M037080_Zambia,3,1
M037080_Mozambique,1,3
M037081_Angola,1,1
M037081_Lesotho,1,1
M037082_Bermuda,3,0
M037082_Greenland,0,3
W005035_Bermuda,5,1
W005035_Greenland,1,5
W005036_Iceland,0,3
W005036_Germany,3,0
W005037_Norway,1,0
W005037_Netherlands,0,1
M037083_Greenland,12,0
M037083_Frøya,0,12
M037084_Honduras,0,2
M037084_Trinidad and Tobago,2,0
M037085_Bermuda,8,0
M037085_Falkland Islands,0,8
M037086_El Salvador,1,0
M037086_Haiti,0,1
W005038_England,1,1
W005038_Russia,1,1
W005039_Spain,0,1
W005039_France,1,0
W005040_Bermuda,6,1
W005040_Hitra,1,6
M037087_Cuba,4,0
M037087_Belize,0,4
M037088_United States,1,0
M037088_Costa Rica,0,1
M037089_Malawi,2,3
M037089_Angola,3,2
M037090_Namibia,0,1
M037090_Mozambique,1,0
W005041_Sweden,3,1
W005041_Italy,1,3
W005042_Denmark,1,1
W005042_Finland,1,1
W005043_Hitra,1,4
W005043_Greenland,4,1
M037091_Zimbabwe,2,1
M037091_Lesotho,1,2
M037092_Falkland Islands,0,9
M037092_Greenland,9,0
M037093_Zambia,0,0
M037093_South Africa,0,0
M037094_Bermuda,8,0
M037094_Frøya,0,8
W005044_Netherlands,0,1
W005044_Iceland,1,0
W005045_Germany,0,1
W005045_Norway,1,0
W005046_Greenland,2,1
W005046_Hitra,1,2
M037095_Falkland Islands,6,0
M037095_Frøya,0,6
M037096_Bermuda,1,0
M037096_Greenland,0,1
M037097_Angola,0,1
M037097_Mozambique,1,0
W005047_Bermuda,0,0
W005047_Greenland,0,0
W005048_Russia,1,1
W005048_Spain,1,1
W005049_France,3,0
W005049_England,0,3
M037098_Lesotho,1,2
M037098_South Africa,2,1
M037099_Mexico,1,0
M037099_Trinidad and Tobago,0,1
M037100_Zambia,2,0
M037100_Zimbabwe,0,2
M037101_South Korea,0,0
M037101_Australia,0,0
M037102_Panama,6,1
M037102_Cuba,1,6
W005050_Japan,2,0
W005050_China PR,0,2
M037103_Honduras,1,0
M037103_Costa Rica,0,1
M037104_United States,5,1
M037104_El Salvador,1,5
M037105_Japan,3,3
M037105_China PR,3,3
W005051_South Korea,1,2
W005051_North Korea,2,1
W005052_Italy,0,1
W005052_Germany,1,0
W005053_Sweden,4,0
W005053_Iceland,0,4
W005054_France,1,1
W005054_Denmark,1,1
W005055_Norway,3,1
W005055_Spain,1,3
M037106_South Korea,0,0
M037106_China PR,0,0
M037107_Panama,2,1
M037107_Mexico,1,2
M037108_United States,3,1
M037108_Honduras,1,3
W005056_Sweden,0,1
W005056_Germany,1,0
W005057_South Korea,1,2
W005057_China PR,2,1
M037109_Japan,3,2
M037109_Australia,2,3
W005058_Norway,1,1
W005058_Denmark,1,1
W005059_Japan,0,0
W005059_North Korea,0,0
W005060_North Korea,1,0
W005060_China PR,0,1
W005061_South Korea,2,1
W005061_Japan,1,2
M037110_United States,1,0
M037110_Panama,0,1
M037111_South Korea,1,2
M037111_Japan,2,1
M037112_Australia,3,4
M037112_China PR,4,3
W005062_Germany,1,0
W005062_Norway,0,1
M037113_Jordan,2,1
M037113_Libya,1,2
M037114_Finland,2,0
M037114_Slovenia,0,2
M037115_Algeria,2,2
M037115_Guinea,2,2
M037116_North Macedonia,2,0
M037116_Bulgaria,0,2
M037117_Mexico,4,1
M037117_Ivory Coast,1,4
M037118_Morocco,1,2
M037118_Burkina Faso,2,1
M037119_Northern Ireland,1,0
M037119_Russia,0,1
M037120_Poland,3,2
M037120_Denmark,2,3
M037121_Portugal,1,1
M037121_Netherlands,1,1
M037122_Romania,1,1
M037122_Slovakia,1,1
M037123_Rwanda,0,1
M037123_Malawi,1,0
M037124_Singapore,0,2
M037124_Oman,2,0
M037125_Albania,2,0
M037125_Armenia,0,2
M037126_Sweden,4,2
M037126_Norway,2,4
M037127_Switzerland,1,0
M037127_Brazil,0,1
M037128_Tajikistan,3,0
M037128_India,0,3
M037129_Tunisia,3,0
M037129_Congo,0,3
M037130_Turkey,2,2
M037130_Ghana,2,2
M037131_Ukraine,2,0
M037131_Israel,0,2
M037132_Venezuela,2,2
M037132_Bolivia,2,2
M037133_Wales,0,0
M037133_Republic of Ireland,0,0
M037134_Zambia,1,1
M037134_Senegal,1,1
M037135_Luxembourg,2,1
M037135_Lithuania,1,2
M037136_Liechtenstein,2,3
M037136_Croatia,3,2
M037137_South Africa,0,2
M037137_Nigeria,2,0
M037138_South Korea,0,0
M037138_Peru,0,0
M037139_Libya,0,0
M037139_Central African Republic,0,0
M037140_Austria,0,2
M037140_Greece,2,0
M037141_Azerbaijan,3,0
M037141_Malta,0,3
M037142_Belarus,1,1
M037142_Montenegro,1,1
M037143_Belgium,0,0
M037143_France,0,0
M037144_Bosnia and Herzegovina,3,4
M037144_United States,4,3
M037145_Chile,6,0
M037145_Iraq,0,6
M037146_Colombia,1,0
M037146_Serbia,0,1
M037147_Dominican Republic,0,4
M037147_Costa Rica,4,0
M037148_Ecuador,0,2
M037148_Spain,2,0
M037149_Egypt,3,0
M037149_Uganda,0,3
M037150_Moldova,1,1
M037150_Andorra,1,1
M037151_Estonia,1,1
M037151_Latvia,1,1
M037152_Gabon,1,1
M037152_Cape Verde,1,1
M037153_Germany,3,3
M037153_Paraguay,3,3
M037154_Hungary,1,1
M037154_Czech Republic,1,1
M037155_Iceland,1,0
M037155_Faroe Islands,0,1
M037156_Indonesia,2,0
M037156_Philippines,0,2
M037157_England,3,2
M037157_Scotland,2,3
M037158_Italy,1,2
M037158_Argentina,2,1
M037159_Japan,2,4
M037159_Uruguay,4,2
M037160_Kazakhstan,1,0
M037160_Georgia,0,1
M037161_Syria,1,1
M037161_Jordan,1,1
M037162_South Africa,2,0
M037162_Burkina Faso,0,2
M037163_Afghanistan,3,0
M037163_Pakistan,0,3
W005063_Lithuania,2,0
W005063_Latvia,0,2
W005064_Estonia,0,0
W005064_Latvia,0,0
W005065_Lithuania,0,4
W005065_Estonia,4,0
M037164_Libya,1,0
M037164_Mali,0,1
M037165_Botswana,1,3
M037165_Uganda,3,1
M037166_Libya,1,0
M037166_Ghana,0,1
M037167_Nepal,2,0
M037167_Bangladesh,0,2
M037168_India,1,0
M037168_Pakistan,0,1
M037169_Afghanistan,3,0
M037169_Bhutan,0,3
M037170_Maldives,10,0
M037170_Sri Lanka,0,10
M037171_Botswana,1,0
M037171_Malawi,0,1
M037172_Bangladesh,1,1
M037172_India,1,1
M037173_Nepal,1,1
M037173_Pakistan,1,1
M037174_Bhutan,2,8
M037174_Maldives,8,2
M037175_Equatorial Guinea,1,1
M037175_Libya,1,1
M037176_Sri Lanka,1,3
M037176_Afghanistan,3,1
W005066_United States,7,0
W005066_Mexico,0,7
M037177_Bangladesh,1,2
M037177_Pakistan,2,1
M037178_Nepal,2,1
M037178_India,1,2
M037179_Qatar,3,0
M037179_Mauritius,0,3
M037180_Saudi Arabia,0,1
M037180_New Zealand,1,0
M037181_United Arab Emirates,3,3
M037181_Trinidad and Tobago,3,3
M037182_Sri Lanka,5,2
M037182_Bhutan,2,5
M037183_Switzerland,4,4
M037183_Iceland,4,4
M037184_Afghanistan,0,0
M037184_Maldives,0,0
M037185_Lebanon,2,0
M037185_Syria,0,2
M037186_Liechtenstein,0,1
M037186_Greece,1,0
M037187_North Macedonia,2,1
M037187_Wales,1,2
M037188_Malta,1,2
M037188_Denmark,2,1
M037189_Mexico,1,2
M037189_Honduras,2,1
M037190_Northern Ireland,2,4
M037190_Portugal,4,2
M037191_Norway,2,0
M037191_Cyprus,0,2
M037192_Panama,0,0
M037192_Jamaica,0,0
M037193_Paraguay,4,0
M037193_Bolivia,0,4
M037194_Peru,1,2
M037194_Uruguay,2,1
M037195_Romania,3,0
M037195_Hungary,0,3
M037196_Russia,4,1
M037196_Luxembourg,1,4
M037197_Scotland,0,2
M037197_Belgium,2,0
M037198_Serbia,1,1
M037198_Croatia,1,1
M037199_Slovenia,1,0
M037199_Albania,0,1
M037200_Turkey,5,0
M037200_Andorra,0,5
M037201_Ukraine,9,0
M037201_San Marino,0,9
M037202_Latvia,2,1
M037202_Lithuania,1,2
M037203_Kuwait,2,1
M037203_North Korea,1,2
M037204_Poland,1,1
M037204_Montenegro,1,1
M037205_Kazakhstan,2,1
M037205_Faroe Islands,1,2
M037206_Bosnia and Herzegovina,0,1
M037206_Slovakia,1,0
M037207_Myanmar,0,0
M037207_Hong Kong,0,0
M037208_Chile,3,0
M037208_Venezuela,0,3
M037209_China PR,6,1
M037209_Singapore,1,6
M037210_Colombia,1,0
M037210_Ecuador,0,1
M037211_Costa Rica,3,1
M037211_United States,1,3
M037212_South Korea,4,1
M037212_Haiti,1,4
M037213_Czech Republic,1,2
M037213_Armenia,2,1
M037214_Belarus,3,1
M037214_Kyrgyzstan,1,3
M037215_England,4,0
M037215_Moldova,0,4
M037216_Finland,0,2
M037216_Spain,2,0
M037217_Georgia,0,0
M037217_France,0,0
M037218_Germany,3,0
M037218_Austria,0,3
M037219_Ghana,2,1
M037219_Zambia,1,2
M037220_Republic of Ireland,1,2
M037220_Sweden,2,1
M037221_Italy,1,0
M037221_Bulgaria,0,1
M037222_Japan,3,0
M037222_Guatemala,0,3
M037223_Jordan,1,1
M037223_Uzbekistan,1,1
M037224_Estonia,2,2
M037224_Netherlands,2,2
M037225_Senegal,1,0
M037225_Uganda,0,1
M037226_Tunisia,3,0
M037226_Cape Verde,0,3
M037227_South Africa,4,1
M037227_Botswana,1,4
M037228_Nigeria,2,0
M037228_Malawi,0,2
M037229_Sierra Leone,3,2
M037229_Equatorial Guinea,2,3
M037230_Niger,2,2
M037230_Congo,2,2
M037231_Central African Republic,1,2
M037231_Ethiopia,2,1
M037232_Israel,1,1
M037232_Azerbaijan,1,1
M037233_Gambia,2,0
M037233_Tanzania,0,2
M037234_Burkina Faso,1,0
M037234_Gabon,0,1
M037235_Brazil,6,0
M037235_Australia,0,6
M037236_Angola,4,1
M037236_Liberia,1,4
M037237_Ivory Coast,1,1
M037237_Morocco,1,1
M037238_Zimbabwe,1,1
M037238_Mozambique,1,1
M037239_Togo,2,1
M037239_DR Congo,1,2
M037240_Sudan,1,3
M037240_Lesotho,3,1
M037241_Nepal,0,1
M037241_Afghanistan,1,0
M037242_Kenya,1,0
M037242_Namibia,0,1
M037243_Cameroon,1,0
M037243_Libya,0,1
M037244_Benin,2,0
M037244_Rwanda,0,2
M037245_Canada,0,0
M037245_Mauritania,0,0
M037246_United Arab Emirates,2,0
M037246_New Zealand,0,2
M037247_Kuwait,2,1
M037247_Bahrain,1,2
M037248_Maldives,0,1
M037248_India,1,0
M037249_Qatar,1,1
M037249_Lebanon,1,1
M037250_Saudi Arabia,1,3
M037250_Trinidad and Tobago,3,1
W005067_Thailand,0,0
W005067_Vietnam,0,0
W005068_Jordan,1,0
W005068_Malaysia,0,1
M037251_Faroe Islands,0,3
M037251_Germany,3,0
M037252_Malta,1,2
M037252_Bulgaria,2,1
M037253_North Macedonia,1,2
M037253_Scotland,2,1
M037254_Luxembourg,3,2
M037254_Northern Ireland,2,3
M037255_Lithuania,2,0
M037255_Liechtenstein,0,2
M037256_South Korea,1,2
M037256_Croatia,2,1
M037257_Kazakhstan,0,1
M037257_Sweden,1,0
M037258_Japan,3,1
M037258_Ghana,1,3
M037259_Jamaica,1,1
M037259_Costa Rica,1,1
M037260_Italy,2,1
M037260_Czech Republic,1,2
M037261_Iceland,2,1
M037261_Albania,1,2
M037262_Hungary,5,1
M037262_Estonia,1,5
M037263_Hong Kong,1,0
M037263_Singapore,0,1
M037264_Honduras,2,2
M037264_Panama,2,2
M037265_Greece,1,0
M037265_Latvia,0,1
M037266_Georgia,0,1
M037266_Finland,1,0
M037267_Bolivia,1,1
M037267_Ecuador,1,1
M037268_Egypt,4,2
M037268_Guinea,2,4
M037269_Cyprus,0,2
M037269_Slovenia,2,0
M037270_China PR,2,0
M037270_Malaysia,0,2
M037271_Nigeria,4,1
M037271_Burkina Faso,1,4
M037272_Canada,0,1
M037272_Mauritania,1,0
M037273_Norway,0,2
M037273_Switzerland,2,0
M037274_Romania,0,2
M037274_Turkey,2,0
M037275_Algeria,1,0
M037275_Mali,0,1
M037276_Andorra,0,2
M037276_Netherlands,2,0
M037277_Armenia,0,1
M037277_Denmark,1,0
M037278_Austria,1,0
M037278_Republic of Ireland,0,1
M037279_Belarus,2,4
M037279_France,4,2
M037280_Wales,0,3
M037280_Serbia,3,0
M037281_Paraguay,2,5
M037281_Argentina,5,2
M037282_Venezuela,3,2
M037282_Peru,2,3
M037283_United States,2,0
M037283_Mexico,0,2
M037284_Uruguay,2,0
M037284_Colombia,0,2
M037285_Ukraine,0,0
M037285_England,0,0
M037286_Spain,2,2
M037286_Chile,2,2
M037287_South Africa,1,2
M037287_Zimbabwe,2,1
M037288_Slovakia,1,2
M037288_Bosnia and Herzegovina,2,1
M037289_San Marino,1,5
M037289_Poland,5,1
M037290_Russia,3,1
M037290_Israel,1,3
M037291_Uzbekistan,1,1
M037291_Jordan,1,1
M037292_Brazil,3,1
M037292_Portugal,1,3
W005069_Indonesia,0,6
W005069_Philippines,6,0
W005070_Myanmar,5,0
W005070_Laos,0,5
W005071_Jordan,0,4
W005071_Thailand,4,0
W005072_Indonesia,1,2
W005072_Laos,2,1
W005073_Vietnam,1,0
W005073_Malaysia,0,1
W005074_Myanmar,5,1
W005074_Philippines,1,5
W005075_Jordan,0,4
W005075_Vietnam,4,0
W005076_Myanmar,4,0
W005076_Indonesia,0,4
W005077_Malaysia,0,6
W005077_Thailand,6,0
W005078_Philippines,7,2
W005078_Laos,2,7
W005079_Macedonia,1,9
W005079_Romania,9,1
W005080_Estonia,1,5
W005080_Italy,5,1
W005081_Switzerland,9,0
W005081_Serbia,0,9
W005082_Sweden,2,0
W005082_Poland,0,2
W005083_Belgium,2,0
W005083_Albania,0,2
W005084_England,6,0
W005084_Belarus,0,6
W005085_Kazakhstan,0,2
W005085_Finland,2,0
W005086_Austria,4,0
W005086_Bulgaria,0,4
W005087_Germany,9,0
W005087_Russia,0,9
W005088_Myanmar,1,3
W005088_Vietnam,3,1
W005089_Faroe Islands,2,7
W005089_Scotland,7,2
W005090_Brazil,0,1
W005090_New Zealand,1,0
W005091_Republic of Ireland,2,0
W005091_Slovakia,0,2
W005092_China PR,1,0
W005092_Mexico,0,1
W005093_Finland,2,1
W005093_Austria,1,2
W005094_Norway,4,1
W005094_Belgium,1,4
W005095_China PR,0,4
W005095_New Zealand,4,0
W005096_Mexico,0,4
W005096_Brazil,4,0
W005097_Kazakhstan,0,4
W005097_France,4,0
W005098_Croatia,1,1
W005098_Republic of Ireland,1,1
W005099_Slovakia,1,3
W005099_Slovenia,3,1
W005100_Poland,6,0
W005100_Faroe Islands,0,6
W005101_Scotland,7,0
W005101_Bosnia and Herzegovina,0,7
W005102_Greece,1,5
W005102_Portugal,5,1
W005103_Albania,0,4
W005103_Netherlands,4,0
W005104_Wales,1,0
W005104_Belarus,0,1
W005105_England,8,0
W005105_Turkey,0,8
W005106_Italy,1,0
W005106_Romania,0,1
W005107_Iceland,0,2
W005107_Switzerland,2,0
M037293_Egypt,2,0
M037293_Uganda,0,2
M037294_Botswana,1,0
M037294_Burkina Faso,0,1
M037295_Iraq,3,2
M037295_Yemen,2,3
M037296_Lebanon,1,1
M037296_Iraq,1,1
M037297_Oman,0,0
M037297_Mauritania,0,0
M037298_Qatar,1,2
M037298_Vietnam,2,1
M037299_Jordan,1,1
M037299_Kuwait,1,1
M037300_Singapore,1,0
M037300_Laos,0,1
M037301_Thailand,1,0
M037301_Bahrain,0,1
M037302_Malta,1,4
M037302_Czech Republic,4,1
M037303_Mexico,2,1
M037303_Panama,1,2
M037304_Moldova,3,0
M037304_San Marino,0,3
M037305_Morocco,1,1
M037305_South Africa,1,1
M037306_Netherlands,8,1
M037306_Hungary,1,8
M037307_Philippines,1,2
M037307_Taiwan,2,1
M037308_Portugal,1,1
M037308_Israel,1,1
M037309_Sweden,2,1
M037309_Austria,1,2
M037310_Luxembourg,0,4
M037310_Russia,4,0
M037311_Spain,2,1
M037311_Belarus,1,2
M037312_Wales,1,0
M037312_North Macedonia,0,1
M037313_Venezuela,1,1
M037313_Paraguay,1,1
M037314_United States,2,0
M037314_Jamaica,0,2
M037315_Ukraine,1,0
M037315_Poland,0,1
M037316_Slovenia,3,0
M037316_Norway,0,3
M037317_Lithuania,2,0
M037317_Latvia,0,2
M037318_Serbia,2,0
M037318_Japan,0,2
M037319_Honduras,1,0
M037319_Costa Rica,0,1
M037320_Albania,1,2
M037320_Switzerland,2,1
M037321_Andorra,0,4
M037321_Romania,4,0
M037322_Argentina,3,1
M037322_Peru,1,3
M037323_Armenia,2,1
M037323_Bulgaria,1,2
M037324_Azerbaijan,2,0
M037324_Northern Ireland,0,2
M037325_Bosnia and Herzegovina,4,1
M037325_Liechtenstein,1,4
M037326_Iceland,2,0
M037326_Cyprus,0,2
M037327_Croatia,1,2
M037327_Belgium,2,1
M037328_Colombia,3,3
M037328_Chile,3,3
M037329_Ecuador,1,0
M037329_Uruguay,0,1
M037330_Greece,1,0
M037330_Slovakia,0,1
M037331_Germany,3,0
M037331_Republic of Ireland,0,3
M037332_France,6,0
M037332_Australia,0,6
M037333_Faroe Islands,1,1
M037333_Kazakhstan,1,1
M037334_Denmark,2,2
M037334_Italy,2,2
M037335_England,4,1
M037335_Montenegro,1,4
M037336_Estonia,0,2
M037336_Turkey,2,0
M037337_Ivory Coast,3,1
M037337_Senegal,1,3
M037338_Burkina Faso,3,2
M037338_Algeria,2,3
M037339_South Korea,0,2
M037339_Brazil,2,0
M037340_Tunisia,0,0
M037340_Cameroon,0,0
M037341_Ethiopia,1,2
M037341_Nigeria,2,1
M037342_Qatar,6,0
M037342_Yemen,0,6
M037343_Malaysia,1,1
M037343_Bahrain,1,1
M037344_Lebanon,1,1
M037344_Kuwait,1,1
M037345_Lithuania,0,1
M037345_Bosnia and Herzegovina,1,0
M037346_Uruguay,3,2
M037346_Argentina,2,3
M037347_Montenegro,2,5
M037347_Moldova,5,2
M037348_Paraguay,1,2
M037348_Colombia,2,1
M037349_Panama,2,3
M037349_United States,3,2
M037350_Peru,1,1
M037350_Bolivia,1,1
M037351_Philippines,3,1
M037351_Pakistan,1,3
M037352_Portugal,3,0
M037352_Luxembourg,0,3
M037353_Romania,2,0
M037353_Estonia,0,2
M037354_San Marino,0,8
M037354_Ukraine,8,0
M037355_Scotland,2,0
M037355_Croatia,0,2
M037356_Serbia,5,1
M037356_North Macedonia,1,5
M037357_Singapore,2,1
M037357_Syria,1,2
M037358_Spain,2,0
M037358_Georgia,0,2
M037359_Sweden,3,5
M037359_Germany,5,3
M037360_Switzerland,1,0
M037360_Slovenia,0,1
M037361_Trinidad and Tobago,0,0
M037361_New Zealand,0,0
M037362_Turkey,0,2
M037362_Netherlands,2,0
M037363_Norway,1,1
M037363_Iceland,1,1
M037364_Latvia,2,2
M037364_Slovakia,2,2
M037365_Cyprus,0,0
M037365_Albania,0,0
M037366_South Korea,3,1
M037366_Mali,1,3
M037367_Republic of Ireland,3,1
M037367_Kazakhstan,1,3
M037368_Iraq,0,2
M037368_Saudi Arabia,2,0
M037369_Iran,2,1
M037369_Thailand,1,2
M037370_Indonesia,1,1
M037370_China PR,1,1
M037371_Hungary,2,0
M037371_Andorra,0,2
M037372_Hong Kong,0,4
M037372_United Arab Emirates,4,0
M037373_Greece,2,0
M037373_Liechtenstein,0,2
M037374_Ghana,6,1
M037374_Egypt,1,6
M037375_France,3,0
M037375_Finland,0,3
M037376_Faroe Islands,0,3
M037376_Austria,3,0
M037377_Kyrgyzstan,1,4
M037377_Tajikistan,4,1
M037378_England,2,0
M037378_Poland,0,2
M037379_Costa Rica,2,1
M037379_Mexico,1,2
M037380_Chile,2,1
M037380_Ecuador,1,2
M037381_Bulgaria,0,1
M037381_Czech Republic,1,0
M037382_Brazil,2,0
M037382_Zambia,0,2
M037383_Belgium,1,1
M037383_Wales,1,1
M037384_Belarus,1,0
M037384_Japan,0,1
M037385_Azerbaijan,1,1
M037385_Russia,1,1
M037386_Australia,3,0
M037386_Canada,0,3
M037387_Jamaica,2,2
M037387_Honduras,2,2
M037388_Jordan,0,0
M037388_Oman,0,0
M037389_Uzbekistan,3,1
M037389_Vietnam,1,3
M037390_Denmark,6,0
M037390_Malta,0,6
M037391_Italy,2,2
M037391_Armenia,2,2
M037392_Israel,1,1
M037392_Northern Ireland,1,1
W005108_United States,4,0
W005108_Australia,0,4
W005109_Scotland,2,0
W005109_Northern Ireland,0,2
W005110_Hungary,0,3
W005110_Austria,3,0
W005111_Croatia,0,1
W005111_Slovakia,1,0
W005112_Slovenia,0,13
W005112_Germany,13,0
W005113_Macedonia,1,3
W005113_Czech Republic,3,1
W005114_Serbia,1,1
W005114_Denmark,1,1
W005115_Bosnia and Herzegovina,0,1
W005115_Sweden,1,0
W005116_Bulgaria,1,1
W005116_Kazakhstan,1,1
W005117_Greece,1,7
W005117_Belgium,7,1
W005118_Norway,7,0
W005118_Albania,0,7
W005119_Portugal,0,7
W005119_Netherlands,7,0
W005120_Belarus,3,1
W005120_Montenegro,1,3
W005121_England,2,0
W005121_Wales,0,2
W005122_Spain,6,0
W005122_Estonia,0,6
W005123_Israel,2,0
W005123_Malta,0,2
M037393_Jordan,1,0
M037393_Nigeria,0,1
W005124_United States,4,1
W005124_New Zealand,1,4
W005125_Netherlands,1,2
W005125_Norway,2,1
W005126_Slovenia,0,3
W005126_Republic of Ireland,3,0
W005127_Albania,1,0
W005127_Greece,0,1
W005128_Macedonia,0,2
W005128_Estonia,2,0
W005129_Romania,0,0
W005129_Czech Republic,0,0
W005130_Northern Ireland,0,0
W005130_Bosnia and Herzegovina,0,0
W005131_Germany,4,0
W005131_Croatia,0,4
W005132_United States,1,1
W005132_New Zealand,1,1
W005133_Slovakia,0,2
W005133_Russia,2,0
W005134_Spain,2,0
W005134_Italy,0,2
W005135_Serbia,1,2
W005135_Iceland,2,1
W005136_Denmark,0,1
W005136_Switzerland,1,0
W005137_Sweden,5,0
W005137_Faroe Islands,0,5
W005138_Poland,0,4
W005138_Scotland,4,0
W005139_Montenegro,1,4
W005139_Ukraine,4,1
W005140_Turkey,0,4
W005140_England,4,0
W005141_Hungary,4,0
W005141_Bulgaria,0,4
W005142_Finland,1,0
W005142_Kazakhstan,0,1
W005143_Austria,1,3
W005143_France,3,1
W005144_Belgium,4,1
W005144_Portugal,1,4
M037394_Indonesia,4,0
M037394_Kyrgyzstan,0,4
M037395_Jordan,1,0
M037395_Zambia,0,1
M037396_Kuwait,3,0
M037396_Malaysia,0,3
M037397_Bahrain,1,0
M037397_Lebanon,0,1
M037398_United Arab Emirates,4,0
M037398_Philippines,0,4
W005145_United States,4,1
W005145_Brazil,1,4
M037399_Mexico,5,1
M037399_New Zealand,1,5
M037400_Jordan,0,5
M037400_Uruguay,5,0
M037401_Belgium,0,2
M037401_Colombia,2,0
M037402_Curaçao,2,0
M037402_Aruba,0,2
M037403_Egypt,2,0
M037403_Zambia,0,2
M037404_Bonaire,0,2
M037404_Suriname,2,0
M037405_Poland,0,2
M037405_Slovakia,2,0
M037406_Russia,1,1
M037406_Serbia,1,1
M037407_Saudi Arabia,2,1
M037407_Iraq,1,2
M037408_Scotland,0,0
M037408_United States,0,0
M037409_Eswatini,0,3
M037409_South Africa,3,0
M037410_Syria,4,0
M037410_Singapore,0,4
M037411_Thailand,0,3
M037411_Iran,3,0
M037412_Turkey,1,0
M037412_Northern Ireland,0,1
M037413_Ukraine,2,0
M037413_France,0,2
M037414_United Arab Emirates,4,0
M037414_Hong Kong,0,4
M037415_Vietnam,0,3
M037415_Uzbekistan,3,0
M037416_Yemen,1,4
M037416_Qatar,4,1
M037417_Libya,1,1
M037417_Niger,1,1
M037418_Kuwait,0,0
M037418_Lebanon,0,0
M037419_Portugal,1,0
M037419_Sweden,0,1
M037420_Jamaica,0,1
M037420_Trinidad and Tobago,1,0
M037421_Argentina,0,0
M037421_Ecuador,0,0
M037422_Bahrain,1,0
M037422_Malaysia,0,1
M037423_South Korea,2,1
M037423_Switzerland,1,2
M037424_China PR,1,0
M037424_Indonesia,0,1
M037425_Czech Republic,2,0
M037425_Canada,0,2
M037426_Denmark,2,1
M037426_Norway,1,2
M037427_Belarus,0,0
M037427_Albania,0,0
M037428_Estonia,2,1
M037428_Azerbaijan,1,2
M037429_Greece,3,1
M037429_Romania,1,3
M037430_Iceland,0,0
M037430_Croatia,0,0
M037431_India,1,1
M037431_Philippines,1,1
M037432_Republic of Ireland,3,0
M037432_Latvia,0,3
M037433_Italy,1,1
M037433_Germany,1,1
M037434_England,0,2
M037434_Chile,2,0
M037435_Aruba,1,2
M037435_Bonaire,2,1
M037436_Curaçao,1,3
M037436_Suriname,3,1
M037437_Equatorial Guinea,1,2
M037437_Spain,2,1
M037438_Netherlands,2,2
M037438_Japan,2,2
M037439_Nigeria,2,0
M037439_Ethiopia,0,2
M037440_Senegal,1,1
M037440_Ivory Coast,1,1
M037441_Uganda,0,0
M037441_Rwanda,0,0
M037442_Wales,1,1
M037442_Finland,1,1
M037443_Honduras,0,5
M037443_Brazil,5,0
M037444_Luxembourg,1,4
M037444_Montenegro,4,1
M037445_Cameroon,4,1
M037445_Tunisia,1,4
M037446_Italy,2,2
M037446_Nigeria,2,2
M037447_Moldova,1,1
M037447_Lithuania,1,1
M037448_Argentina,2,0
M037448_Bosnia and Herzegovina,0,2
M037449_Kyrgyzstan,0,0
M037449_Azerbaijan,0,0
M037450_Algeria,1,0
M037450_Burkina Faso,0,1
M037451_Australia,1,0
M037451_Costa Rica,0,1
M037452_Austria,1,0
M037452_United States,0,1
M037453_Belgium,2,3
M037453_Japan,3,2
M037454_Brazil,2,1
M037454_Chile,1,2
M037455_Cambodia,0,2
M037455_Guam,2,0
M037456_China PR,0,0
M037456_Saudi Arabia,0,0
M037457_Croatia,2,0
M037457_Iceland,0,2
M037458_Egypt,2,1
M037458_Ghana,1,2
M037459_England,0,1
M037459_Germany,1,0
M037460_France,3,0
M037460_Ukraine,0,3
M037461_Gibraltar,0,0
M037461_Slovakia,0,0
M037462_Honduras,2,2
M037462_Ecuador,2,2
M037463_Hong Kong,0,2
M037463_Uzbekistan,2,0
M037464_India,2,0
M037464_Nepal,0,2
M037465_Indonesia,0,2
M037465_Iraq,2,0
M037466_Kuwait,3,1
M037466_Thailand,1,3
M037467_Lebanon,1,4
M037467_Iran,4,1
M037468_Bahrain,2,0
M037468_Yemen,0,2
M037469_Malaysia,0,1
M037469_Qatar,1,0
M037470_Namibia,0,0
M037470_Mozambique,0,0
M037471_United Arab Emirates,5,0
M037471_Vietnam,0,5
M037472_Liechtenstein,0,3
M037472_Estonia,3,0
M037473_Trinidad and Tobago,2,0
M037473_Jamaica,0,2
M037474_Tanzania,0,0
M037474_Zimbabwe,0,0
M037475_Syria,0,1
M037475_Oman,1,0
M037476_Sweden,2,3
M037476_Portugal,3,2
M037477_Turkey,2,1
M037477_Belarus,1,2
M037478_Slovenia,1,0
M037478_Canada,0,1
M037479_South Africa,1,0
M037479_Spain,0,1
M037480_Netherlands,0,0
M037480_Colombia,0,0
M037481_Norway,0,1
M037481_Scotland,1,0
M037482_Malta,3,2
M037482_Faroe Islands,2,3
M037483_Romania,1,1
M037483_Greece,1,1
M037484_Russia,2,1
M037484_South Korea,1,2
M037485_Poland,0,0
M037485_Republic of Ireland,0,0
M037486_New Zealand,2,4
M037486_Mexico,4,2
M037487_Uruguay,0,0
M037487_Jordan,0,0
W005146_Spain,1,0
W005146_Romania,0,1
W005147_Northern Ireland,0,3
W005147_Poland,3,0
W005148_Netherlands,7,0
W005148_Greece,0,7
W005149_Montenegro,0,3
W005149_Wales,3,0
W005150_Hungary,4,1
W005150_Kazakhstan,1,4
W005151_Bulgaria,0,10
W005151_France,10,0
W005152_Slovakia,0,6
W005152_Germany,6,0
M037488_Singapore,1,0
M037488_Cambodia,0,1
W005153_Malta,0,5
W005153_Denmark,5,0
W005154_Israel,3,1
W005154_Serbia,1,3
M037489_Zanzibar,2,1
M037489_South Sudan,1,2
M037490_Seychelles,3,1
M037490_Maldives,1,3
M037491_Kenya,0,0
M037491_Ethiopia,0,0
W005155_France,14,0
W005155_Bulgaria,0,14
W005156_Spain,3,2
W005156_Czech Republic,2,3
W005157_Croatia,0,8
W005157_Germany,8,0
M037492_Tanzania,1,1
M037492_Zambia,1,1
M037493_Burundi,2,0
M037493_Somalia,0,2
W005158_Turkey,3,1
W005158_Montenegro,1,3
M037494_Uganda,1,0
M037494_Rwanda,0,1
M037495_Sudan,3,0
M037495_Eritrea,0,3
M037496_Seychelles,2,1
M037496_Maldives,1,2
M037497_Ethiopia,3,1
M037497_Zanzibar,1,3
M037498_Dominica,0,1
M037498_Saint Lucia,1,0
M037499_Kenya,3,1
M037499_South Sudan,1,3
M037500_Zambia,1,0
M037500_Burundi,0,1
M037501_Dominica,1,0
M037501_Saint Lucia,0,1
M037502_Somalia,0,1
M037502_Tanzania,1,0
M037503_Eritrea,0,3
M037503_Uganda,3,0
M037504_Sudan,1,0
M037504_Rwanda,0,1
M037505_Kenya,2,0
M037505_Zanzibar,0,2
M037506_South Sudan,0,2
M037506_Ethiopia,2,0
M037507_Tanzania,1,0
M037507_Burundi,0,1
M037508_Somalia,0,4
M037508_Zambia,4,0
M037509_Uganda,1,0
M037509_Sudan,0,1
M037510_Rwanda,1,0
M037510_Eritrea,0,1
M037511_Uganda,2,2
M037511_Tanzania,2,2
M037512_Kenya,1,0
M037512_Rwanda,0,1
M037513_Zambia,4,3
M037513_Burundi,3,4
M037514_Ethiopia,0,2
M037514_Sudan,2,0
M037515_Kenya,1,0
M037515_Tanzania,0,1
M037516_Zambia,1,2
M037516_Sudan,2,1
W005159_Myanmar,2,0
W005159_Philippines,0,2
M037517_Tanzania,1,1
M037517_Zambia,1,1
M037518_Kenya,2,0
M037518_Sudan,0,2
W005160_Laos,1,3
W005160_Malaysia,3,1
W005161_Brazil,2,0
W005161_Chile,0,2
W005162_Scotland,0,2
W005162_Canada,2,0
W005163_Philippines,0,7
W005163_Vietnam,7,0
M037519_Libya,1,0
M037519_Mali,0,1
W005164_Malaysia,1,6
W005164_Thailand,6,1
W005165_Chile,1,0
W005165_Canada,0,1
W005166_Brazil,3,1
W005166_Scotland,1,3
W005167_Myanmar,0,1
W005167_Vietnam,1,0
W005168_Thailand,5,0
W005168_Laos,0,5
W005169_Chile,4,3
W005169_Scotland,3,4
W005170_Myanmar,2,2
W005170_Thailand,2,2
W005171_Vietnam,4,0
W005171_Malaysia,0,4
W005172_Brazil,0,0
W005172_Canada,0,0
W005173_Vietnam,1,2
W005173_Thailand,2,1
W005174_Myanmar,6,0
W005174_Malaysia,0,6
M037520_Qatar,1,1
M037520_Bahrain,1,1
W005175_Brazil,5,0
W005175_Chile,0,5
W005176_Canada,1,0
W005176_Scotland,0,1
M037521_Oman,0,0
M037521_Bahrain,0,0
M037522_Qatar,1,0
M037522_Palestine,0,1
M037523_Jordan,0,0
M037523_Lebanon,0,0
M037524_Bahrain,0,0
M037524_Iraq,0,0
M037525_Palestine,0,0
M037525_Saudi Arabia,0,0
M037526_Basque Country,6,0
M037526_Peru,0,6
M037527_Galicia,1,7
M037527_Occitania,7,1
M037528_Lebanon,0,2
M037528_Kuwait,2,0
M037529_Catalonia,4,1
M037529_Cape Verde,1,4
M037530_Iraq,0,0
M037530_Oman,0,0
M037531_Qatar,4,1
M037531_Saudi Arabia,1,4
M037532_Kuwait,1,2
M037532_Jordan,2,1
M037533_Qatar,3,0
M037533_Kuwait,0,3
M037534_Bahrain,0,1
M037534_Jordan,1,0
M037535_Namibia,0,1
M037535_Ghana,1,0
M037536_Nigeria,2,1
M037536_Ethiopia,1,2
M037537_Bahrain,0,0
M037537_Kuwait,0,0
M037538_Qatar,2,0
M037538_Jordan,0,2
M037539_Zimbabwe,2,0
M037539_Gabon,0,2
M037540_Moldova,1,2
M037540_Norway,2,1
M037541_Moldova,1,2
M037541_Sweden,2,1
M037542_Norway,0,3
M037542_Poland,3,0
M037543_Moldova,0,1
M037543_Poland,1,0
M037544_Iceland,0,2
M037544_Sweden,2,0
M037545_Chile,4,0
M037545_Costa Rica,0,4
M037546_Oman,0,0
M037546_Finland,0,0
M037547_Costa Rica,0,1
M037547_South Korea,1,0
M037548_Mexico,4,0
M037548_South Korea,0,4
M037549_Oman,0,0
M037549_Jordan,0,0
W005177_United States,1,0
W005177_Canada,0,1
M037550_United States,2,0
M037550_South Korea,0,2
M037551_Singapore,1,3
M037551_Jordan,3,1
W005178_United States,7,0
W005178_Russia,0,7
W005179_China PR,1,0
W005179_New Zealand,0,1
W005180_North Korea,2,0
W005180_Mexico,0,2
W005181_Portugal,7,1
W005181_Albania,1,7
W005182_Israel,0,5
W005182_Switzerland,5,0
W005183_Netherlands,1,1
W005183_Belgium,1,1
W005184_China PR,3,1
W005184_Mexico,1,3
W005185_North Korea,1,0
W005185_New Zealand,0,1
W005186_Italy,6,1
W005186_Czech Republic,1,6
W005187_Spain,12,0
W005187_Macedonia,0,12
W005188_Malta,0,3
W005188_Serbia,3,0
W005189_Greece,0,5
W005189_Norway,5,0
W005190_Turkey,0,1
W005190_Ukraine,1,0
W005191_Algeria,2,0
W005191_Morocco,0,2
W005192_Botswana,0,1
W005192_Zimbabwe,1,0
W005193_Zambia,2,1
W005193_Tanzania,1,2
W005194_United States,8,0
W005194_Russia,0,8
W005195_Ivory Coast,4,0
W005195_Mali,0,4
W005196_New Zealand,1,2
W005196_Mexico,2,1
W005197_China PR,1,0
W005197_North Korea,0,1
W005198_Burkina Faso,0,3
W005198_Ghana,3,0
W005199_Rwanda,1,0
W005199_Kenya,0,1
W005200_Egypt,0,3
W005200_Tunisia,3,0
M037552_Lebanon,3,1
M037552_Pakistan,1,3
M037553_Iraq,2,0
M037553_North Korea,0,2
M037554_Sealand,4,2
M037554_Chagos Islands,2,4
W005201_Mali,0,1
W005201_Ivory Coast,1,0
W005202_Tanzania,1,1
W005202_Zambia,1,1
M037555_Gibraltar,1,4
M037555_Faroe Islands,4,1
M037556_Malaysia,0,0
M037556_Philippines,0,0
W005203_Tunisia,2,2
W005203_Egypt,2,2
W005204_Ghana,3,0
W005204_Burkina Faso,0,3
W005205_Morocco,0,0
W005205_Algeria,0,0
W005206_Zimbabwe,2,1
W005206_Botswana,1,2
W005207_Kenya,2,1
W005207_Rwanda,1,2
M037557_Iran,3,2
M037557_Kuwait,2,3
M037558_Bulgaria,2,1
M037558_Belarus,1,2
M037559_Botswana,3,0
M037559_South Sudan,0,3
M037560_Belgium,2,2
M037560_Ivory Coast,2,2
M037561_Austria,1,1
M037561_Uruguay,1,1
M037562_Australia,3,4
M037562_Ecuador,4,3
M037563_Andorra,0,3
M037563_Moldova,3,0
M037564_Algeria,2,0
M037564_Slovenia,0,2
M037565_Albania,2,0
M037565_Malta,0,2
M037566_Bosnia and Herzegovina,0,2
M037566_Egypt,2,0
M037567_Burkina Faso,1,1
M037567_Comoros,1,1
M037568_Czech Republic,2,2
M037568_Norway,2,2
M037569_Cyprus,0,0
M037569_Northern Ireland,0,0
M037570_England,1,0
M037570_Denmark,0,1
M037571_France,2,0
M037571_Netherlands,0,2
M037572_Georgia,2,0
M037572_Liechtenstein,0,2
M037573_Germany,1,0
M037573_Chile,0,1
M037574_Gibraltar,0,2
M037574_Estonia,2,0
M037575_Greece,0,2
M037575_South Korea,2,0
M037576_Burundi,1,1
M037576_Rwanda,1,1
M037577_Hungary,1,2
M037577_Finland,2,1
M037578_Iran,1,2
M037578_Guinea,2,1
M037579_Colombia,1,1
M037579_Tunisia,1,1
M037580_Republic of Ireland,1,2
M037580_Serbia,2,1
M037581_Israel,1,3
M037581_Slovakia,3,1
M037582_Japan,4,2
M037582_New Zealand,2,4
M037583_Jordan,2,1
M037583_Syria,1,2
M037584_India,2,2
M037584_Bangladesh,2,2
M037585_Iraq,3,1
M037585_China PR,1,3
M037586_North Macedonia,2,1
M037586_Latvia,1,2
M037587_Uzbekistan,1,1
M037587_United Arab Emirates,1,1
M037588_Vietnam,3,1
M037588_Hong Kong,1,3
M037589_Wales,3,1
M037589_Iceland,1,3
M037590_Yemen,1,2
M037590_Malaysia,2,1
M037591_Zambia,2,1
M037591_Uganda,1,2
M037592_Kazakhstan,1,1
M037592_Lithuania,1,1
M037593_Ukraine,2,0
M037593_United States,0,2
M037594_Luxembourg,0,0
M037594_Cape Verde,0,0
M037595_Turkey,2,1
M037595_Sweden,1,2
M037596_Switzerland,2,2
M037596_Croatia,2,2
M037597_Malawi,1,4
M037597_Zimbabwe,4,1
M037598_Mali,1,1
M037598_Senegal,1,1
M037599_Mauritania,1,1
M037599_Niger,1,1
M037600_Montenegro,1,0
M037600_Ghana,0,1
M037601_Morocco,1,1
M037601_Gabon,1,1
M037602_Mozambique,1,1
M037602_Angola,1,1
M037603_Namibia,1,1
M037603_Tanzania,1,1
M037604_Oman,3,1
M037604_Singapore,1,3
M037605_Philippines,0,1
M037605_Azerbaijan,1,0
M037606_Poland,0,1
M037606_Scotland,1,0
M037607_Portugal,5,1
M037607_Cameroon,1,5
M037608_Qatar,0,0
M037608_Bahrain,0,0
M037609_Romania,0,0
M037609_Argentina,0,0
M037610_Russia,2,0
M037610_Armenia,0,2
M037611_Saudi Arabia,1,0
M037611_Indonesia,0,1
M037612_South Africa,0,5
M037612_Brazil,5,0
M037613_Spain,1,0
M037613_Italy,0,1
M037614_Saint Lucia,0,5
M037614_Jamaica,5,0
M037615_Thailand,2,5
M037615_Lebanon,5,2
M037616_Kosovo,0,0
M037616_Haiti,0,0
W005208_Portugal,3,2
W005208_Austria,2,3
W005209_Switzerland,1,1
W005209_South Korea,1,1
W005210_New Zealand,1,1
W005210_Republic of Ireland,1,1
W005211_France,1,1
W005211_Scotland,1,1
W005212_Netherlands,2,2
W005212_Australia,2,2
W005213_England,2,0
W005213_Italy,0,2
W005214_Canada,3,0
W005214_Finland,0,3
W005215_Russia,1,2
W005215_North Korea,2,1
W005216_Sweden,2,0
W005216_Denmark,0,2
W005217_Japan,1,1
W005217_United States,1,1
W005218_Germany,5,0
W005218_Iceland,0,5
W005219_Norway,0,1
W005219_China PR,1,0
W005220_Slovakia,4,5
W005220_Taiwan,5,4
M037617_Lesotho,0,1
M037617_Eswatini,1,0
W005221_Canada,3,1
W005221_Italy,1,3
W005222_Norway,1,2
W005222_Iceland,2,1
W005223_Germany,1,0
W005223_China PR,0,1
W005224_Sweden,1,0
W005224_United States,0,1
W005225_Japan,1,0
W005225_Denmark,0,1
W005226_Portugal,1,3
W005226_Russia,3,1
W005227_Austria,0,2
W005227_North Korea,2,0
W005228_Finland,0,3
W005228_England,3,0
W005229_Scotland,4,3
W005229_Netherlands,3,4
W005230_Australia,2,3
W005230_France,3,2
W005231_Republic of Ireland,1,1
W005231_South Korea,1,1
W005232_Switzerland,2,1
W005232_New Zealand,1,2
W005233_Croatia,2,2
W005233_Hungary,2,2
W005234_Slovakia,2,2
W005234_Belarus,2,2
M037618_Lesotho,0,0
M037618_Eswatini,0,0
W005235_Croatia,1,3
W005235_Poland,3,1
W005236_China PR,0,1
W005236_Iceland,1,0
W005237_Norway,1,3
W005237_Germany,3,1
W005238_Japan,2,1
W005238_Sweden,1,2
W005239_United States,3,5
W005239_Denmark,5,3
W005240_Portugal,0,2
W005240_North Korea,2,0
W005241_Austria,3,2
W005241_Russia,2,3
W005242_England,2,0
W005242_Canada,0,2
W005243_Italy,1,1
W005243_Finland,1,1
W005244_Netherlands,0,3
W005244_France,3,0
W005245_Australia,2,4
W005245_Scotland,4,2
W005246_Switzerland,1,2
W005246_Republic of Ireland,2,1
W005247_South Korea,4,0
W005247_New Zealand,0,4
W005248_Belarus,0,2
W005248_Taiwan,2,0
W005249_Hungary,4,1
W005249_Poland,1,4
W005250_Germany,3,0
W005250_Japan,0,3
W005251_Portugal,1,2
W005251_Austria,2,1
W005252_England,0,2
W005252_France,2,0
W005253_Scotland,1,1
W005253_South Korea,1,1
W005254_Canada,2,1
W005254_Republic of Ireland,1,2
W005255_Italy,2,5
W005255_Australia,5,2
W005256_Russia,1,0
W005256_Norway,0,1
W005257_Finland,0,1
W005257_New Zealand,1,0
W005258_Iceland,2,1
W005258_Sweden,1,2
W005259_China PR,1,1
W005259_Denmark,1,1
W005260_North Korea,0,3
W005260_United States,3,0
W005261_Netherlands,4,1
W005261_Switzerland,1,4
M037619_Alderney,0,4
M037619_Guernsey,4,0
M037620_Saint Lucia,0,0
M037620_Martinique,0,0
M037621_Yemen,2,0
M037621_Nepal,0,2
M037622_Andorra,0,1
M037622_Indonesia,1,0
M037623_Aruba,2,2
M037623_Guam,2,2
M037624_Cuba,1,0
M037624_Indonesia,0,1
M037625_Aruba,2,0
M037625_Guam,0,2
W005262_Turkey,1,5
W005262_Wales,5,1
W005263_France,7,0
W005263_Kazakhstan,0,7
W005264_Hungary,0,4
W005264_Finland,4,0
W005265_Bulgaria,1,6
W005265_Austria,6,1
W005266_Greece,0,6
W005266_Netherlands,6,0
W005267_Russia,4,1
W005267_Slovenia,1,4
W005268_Republic of Ireland,2,3
W005268_Germany,3,2
W005269_Italy,0,0
W005269_Spain,0,0
W005270_Switzerland,11,0
W005270_Malta,0,11
W005271_Israel,0,1
W005271_Iceland,1,0
W005272_Scotland,2,0
W005272_Poland,0,2
W005273_Faroe Islands,1,1
W005273_Bosnia and Herzegovina,1,1
W005274_Albania,0,6
W005274_Belgium,6,0
W005275_Northern Ireland,0,4
W005275_Sweden,4,0
W005276_England,9,0
W005276_Montenegro,0,9
M037626_Ellan Vannin,10,0
M037626_Monaco,0,10
W005277_United States,2,0
W005277_China PR,0,2
W005278_France,3,1
W005278_Austria,1,3
W005279_Wales,1,1
W005279_Ukraine,1,1
W005280_Portugal,1,0
W005280_Greece,0,1
W005281_Russia,1,0
W005281_Croatia,0,1
W005282_Finland,4,0
W005282_Hungary,0,4
W005283_Romania,1,2
W005283_Italy,2,1
W005284_Germany,4,0
W005284_Slovenia,0,4
W005285_Macedonia,0,10
W005285_Spain,10,0
W005286_Malta,0,8
W005286_Iceland,8,0
W005287_Switzerland,1,1
W005287_Denmark,1,1
W005288_Bosnia and Herzegovina,1,3
W005288_Scotland,3,1
W005289_Faroe Islands,0,0
W005289_Northern Ireland,0,0
W005290_Netherlands,10,1
W005290_Albania,1,10
W005291_Belgium,1,2
W005291_Norway,2,1
W005292_Montenegro,1,7
W005292_Belarus,7,1
W005293_United States,3,0
W005293_China PR,0,3
M037627_Mauritania,1,0
M037627_Mauritius,0,1
M037628_Afghanistan,0,0
M037628_Kyrgyzstan,0,0
M037629_Yemen,0,0
M037629_Chad,0,0
W005294_Jordan,5,0
W005294_Bahrain,0,5
W005295_Palestine,4,0
W005295_Qatar,0,4
M037630_Guadeloupe,3,2
M037630_French Guiana,2,3
W005296_Jordan,7,0
W005296_Qatar,0,7
W005297_Bahrain,0,4
W005297_Palestine,4,0
W005298_Jordan,10,0
W005298_Palestine,0,10
W005299_Qatar,2,8
W005299_Bahrain,8,2
M037631_Mauritius,0,2
M037631_Mauritania,2,0
M037632_Tanzania,0,3
M037632_Burundi,3,0
W005300_Czech Republic,6,0
W005300_Estonia,0,6
M037633_Philippines,0,0
M037633_Malaysia,0,0
M037634_Grenada,0,1
M037634_Saint Lucia,1,0
M037635_Dominica,3,5
M037635_Grenada,5,3
M037636_Sealand,1,1
M037636_Chagos Islands,1,1
W005301_Republic of Ireland,1,3
W005301_Russia,3,1
W005302_Czech Republic,0,0
W005302_Romania,0,0
W005303_Malta,0,3
W005303_Israel,3,0
W005304_Norway,2,0
W005304_Portugal,0,2
W005305_Belgium,0,2
W005305_Netherlands,2,0
W005306_Belarus,1,2
W005306_Turkey,2,1
W005307_Kazakhstan,4,1
W005307_Bulgaria,1,4
W005308_France,4,0
W005308_Hungary,0,4
W005309_England,4,0
W005309_Ukraine,0,4
W005310_Wales,4,0
W005310_Montenegro,0,4
W005311_Sweden,3,0
W005311_Northern Ireland,0,3
W005312_Faroe Islands,0,3
W005312_Poland,3,0
W005313_Denmark,3,1
W005313_Serbia,1,3
W005314_Switzerland,3,0
W005314_Iceland,0,3
W005315_Estonia,0,5
W005315_Spain,5,0
W005316_Germany,9,1
W005316_Slovakia,1,9
W005317_Slovenia,0,3
W005317_Croatia,3,0
W005318_Macedonia,0,11
W005318_Italy,11,0
W005319_Canada,1,1
W005319_United States,1,1
M037637_Vatican City,0,2
M037637_Monaco,2,0
M037638_Jersey,1,4
M037638_Guernsey,4,1
M037639_Afghanistan,1,0
M037639_Kyrgyzstan,0,1
M037640_Germany,0,0
M037640_Poland,0,0
M037641_Kuwait,3,2
M037641_Afghanistan,2,3
W005320_Australia,2,2
W005320_Japan,2,2
W005321_Vietnam,3,1
W005321_Jordan,1,3
W005322_China PR,7,0
W005322_Thailand,0,7
W005323_South Korea,12,0
W005323_Myanmar,0,12
M037642_Kuwait,2,2
M037642_Kyrgyzstan,2,2
W005324_Jordan,1,3
W005324_Australia,3,1
W005325_Vietnam,0,4
W005325_Japan,4,0
M037643_Mauritania,1,0
M037643_Equatorial Guinea,0,1
M037644_Malawi,2,0
M037644_Chad,0,2
M037645_Namibia,1,0
M037645_Congo,0,1
M037646_Netherlands,1,1
M037646_Ecuador,1,1
M037647_São Tomé and Príncipe,0,2
M037647_Benin,2,0
M037648_Somaliland,2,2
M037648_Sealand,2,2
W005326_Myanmar,0,3
W005326_China PR,3,0
W005327_Thailand,0,4
W005327_South Korea,4,0
M037649_Burundi,0,0
M037649_Botswana,0,0
M037650_Eswatini,1,1
M037650_Sierra Leone,1,1
M037651_Kenya,1,0
M037651_Comoros,0,1
M037652_Liberia,1,0
M037652_Lesotho,0,1
M037653_Libya,0,0
M037653_Rwanda,0,0
M037654_Madagascar,2,1
M037654_Uganda,1,2
M037655_Mozambique,5,0
M037655_South Sudan,0,5
M037656_Tanzania,1,0
M037656_Zimbabwe,0,1
M037657_Central African Republic,0,0
M037657_Guinea-Bissau,0,0
M037658_Belarus,0,0
M037658_Iran,0,0
W005328_Vietnam,0,2
W005328_Australia,2,0
W005329_Japan,7,0
W005329_Jordan,0,7
M037659_Palestine,1,0
M037659_Kyrgyzstan,0,1
M037660_Maldives,2,3
M037660_Myanmar,3,2
W005330_South Korea,0,0
W005330_China PR,0,0
W005331_Thailand,2,1
W005331_Myanmar,1,2
M037661_Turkmenistan,5,1
M037661_Laos,1,5
M037662_Philippines,0,0
M037662_Afghanistan,0,0
M037663_French Guiana,0,0
M037663_Suriname,0,0
W005332_Nicaragua,0,2
W005332_El Salvador,2,0
W005333_Honduras,8,0
W005333_Belize,0,8
W005334_Guatemala,1,0
W005334_Panama,0,1
M037664_Maldives,2,0
M037664_Kyrgyzstan,0,2
M037665_Kosovo,1,6
M037665_Turkey,6,1
M037666_Finland,2,2
M037666_Czech Republic,2,2
M037667_Myanmar,0,2
M037667_Palestine,2,0
M037668_Burkina Faso,1,1
M037668_Senegal,1,1
M037669_Liechtenstein,1,5
M037669_Belarus,5,1
W005335_Vietnam,1,2
W005335_Thailand,2,1
M037670_Hungary,2,2
M037670_Denmark,2,2
M037671_Afghanistan,3,1
M037671_Turkmenistan,1,3
M037672_Ukraine,2,1
M037672_Niger,1,2
M037673_Laos,0,2
M037673_Philippines,2,0
W005336_South Korea,1,2
W005336_Australia,2,1
W005337_Japan,2,1
W005337_China PR,1,2
W005338_El Salvador,0,4
W005338_Costa Rica,4,0
W005339_Guatemala,3,2
W005339_Honduras,2,3
W005340_Belize,1,13
W005340_Panama,13,1
M037674_Maldives,0,0
M037674_Palestine,0,0
M037675_Kyrgyzstan,1,0
M037675_Myanmar,0,1
M037676_Bulgaria,1,1
M037676_Canada,1,1
M037677_Slovakia,2,0
M037677_Montenegro,0,2
W005341_Comoros,0,13
W005341_South Africa,13,0
W005342_Ivory Coast,1,1
W005342_Equatorial Guinea,1,1
W005343_Algeria,2,1
W005343_Tunisia,1,2
M037678_Turkmenistan,0,2
M037678_Philippines,2,0
M037679_Afghanistan,0,0
M037679_Laos,0,0
M037680_Moldova,4,0
M037680_Saudi Arabia,0,4
W005344_Rwanda,1,4
W005344_Nigeria,4,1
W005345_Panama,4,1
W005345_Honduras,1,4
W005346_Guatemala,5,0
W005346_Belize,0,5
W005347_Costa Rica,3,0
W005347_Nicaragua,0,3
W005348_Senegal,1,1
W005348_Cameroon,1,1
M037681_Kosovo,1,3
M037681_Senegal,3,1
M037682_Republic of Ireland,1,2
M037682_Turkey,2,1
M037683_Mali,1,2
M037683_Guinea,2,1
M037684_Thailand,1,1
M037684_Kuwait,1,1
W005349_Ethiopia,0,2
W005349_Ghana,2,0
W005350_Zimbabwe,0,1
W005350_Zambia,1,0
W005351_China PR,2,1
W005351_South Korea,1,2
W005352_Japan,1,0
W005352_Australia,0,1
M037685_Australia,1,1
M037685_South Africa,1,1
M037686_Belgium,5,1
M037686_Luxembourg,1,5
M037687_Estonia,1,1
M037687_Gibraltar,1,1
M037688_Jamaica,1,2
M037688_Serbia,2,1
M037689_North Macedonia,0,2
M037689_Cameroon,2,0
M037690_Montenegro,0,0
M037690_Iran,0,0
M037691_Russia,1,0
M037691_Slovakia,0,1
W005353_Guatemala,0,3
W005353_Costa Rica,3,0
M037692_Japan,1,0
M037692_Cyprus,0,1
M037693_Uzbekistan,0,1
M037693_Oman,1,0
M037694_Tanzania,1,0
M037694_Malawi,0,1
M037695_Suriname,1,0
M037695_French Guiana,0,1
M037696_Palestine,2,0
M037696_Afghanistan,0,2
M037697_France,4,0
M037697_Norway,0,4
M037698_Maldives,2,3
M037698_Philippines,3,2
M037699_Armenia,4,3
M037699_United Arab Emirates,3,4
M037700_Moldova,1,1
M037700_Canada,1,1
M037701_South Korea,0,1
M037701_Tunisia,1,0
M037702_Angola,2,0
M037702_Morocco,0,2
M037703_Denmark,1,0
M037703_Sweden,0,1
M037704_Nigeria,2,2
M037704_Scotland,2,2
M037705_Franconia,4,2
M037705_Raetia,2,4
M037706_Uzbekistan,0,1
M037706_Oman,1,0
M037707_Maldives,1,1
M037707_Afghanistan,1,1
M037708_Georgia,2,0
M037708_Saudi Arabia,0,2
M037709_Finland,0,1
M037709_Lithuania,1,0
M037710_Cameroon,1,2
M037710_Paraguay,2,1
M037711_Latvia,0,0
M037711_Estonia,0,0
M037712_Montserrat,1,0
M037712_United States Virgin Islands,0,1
M037713_Switzerland,1,0
M037713_Jamaica,0,1
M037714_Spain,2,0
M037714_Bolivia,0,2
M037715_South Sudan,0,0
M037715_Mozambique,0,0
M037716_Palestine,1,0
M037716_Philippines,0,1
M037717_New Zealand,0,0
M037717_South Africa,0,0
M037718_North Macedonia,0,0
M037718_Qatar,0,0
M037719_England,3,0
M037719_Peru,0,3
M037720_Uruguay,1,0
M037720_Northern Ireland,0,1
M037721_Comoros,1,1
M037721_Kenya,1,1
M037722_Bosnia and Herzegovina,2,1
M037722_Ivory Coast,1,2
M037723_Austria,1,1
M037723_Iceland,1,1
M037724_Aruba,1,0
M037724_Turks and Caicos Islands,0,1
M037725_Angola,1,1
M037725_Iran,1,1
M037726_French Guiana,6,0
M037726_British Virgin Islands,0,6
M037727_Mexico,3,1
M037727_Ecuador,1,3
M037728_Chad,3,1
M037728_Malawi,1,3
M037729_Netherlands,1,0
M037729_Ghana,0,1
M037730_Guinea-Bissau,3,1
M037730_Central African Republic,1,3
M037731_Finland,2,0
M037731_Estonia,0,2
M037732_Italy,0,0
M037732_Republic of Ireland,0,0
M037733_Norway,1,1
M037733_Russia,1,1
M037734_Latvia,1,0
M037734_Lithuania,0,1
M037735_Rwanda,3,0
M037735_Libya,0,3
M037736_Sierra Leone,1,0
M037736_Eswatini,0,1
M037737_Uganda,1,0
M037737_Madagascar,0,1
M037738_Armenia,1,3
M037738_Algeria,3,1
M037739_Albania,0,1
M037739_Romania,1,0
M037740_Croatia,2,1
M037740_Mali,1,2
M037741_Portugal,0,0
M037741_Greece,0,0
M037742_Colombia,2,2
M037742_Senegal,2,2
M037743_Abkhazia,1,1
M037743_Occitania,1,1
M037744_Aruba,7,0
M037744_British Virgin Islands,0,7
M037745_Ellan Vannin,3,2
M037745_Artsakh,2,3
M037746_Darfur,0,20
M037746_Padania,20,0
M037747_Iraqi Kurdistan,1,2
M037747_Arameans Suryoye,2,1
M037748_United States Virgin Islands,1,2
M037748_Bonaire,2,1
M037749_United States,2,1
M037749_Turkey,1,2
M037750_Turks and Caicos Islands,0,6
M037750_French Guiana,6,0
M037751_Sweden,0,2
M037751_Belgium,2,0
M037752_Zimbabwe,2,2
M037752_Tanzania,2,2
M037753_Honduras,2,4
M037753_Israel,4,2
M037754_Germany,2,2
M037754_Cameroon,2,2
M037755_France,1,1
M037755_Paraguay,1,1
M037756_Equatorial Guinea,3,0
M037756_Mauritania,0,3
M037757_Congo,3,0
M037757_Namibia,0,3
M037758_Botswana,1,0
M037758_Burundi,0,1
M037759_Benin,2,0
M037759_São Tomé and Príncipe,0,2
M037760_Lesotho,2,0
M037760_Liberia,0,2
M037761_Ellan Vannin,4,2
M037761_County of Nice,2,4
M037762_Darfur,0,19
M037762_South Ossetia,19,0
M037763_Tamil Eelam,0,2
M037763_Arameans Suryoye,2,0
M037764_Costa Rica,1,3
M037764_Japan,3,1
M037765_Sápmi,1,2
M037765_Abkhazia,2,1
M037766_Switzerland,2,0
M037766_Peru,0,2
M037767_Artsakh,0,1
M037767_County of Nice,1,0
M037768_South Ossetia,1,3
M037768_Padania,3,1
M037769_Sápmi,0,1
M037769_Occitania,1,0
M037770_Tamil Eelam,0,9
M037770_Iraqi Kurdistan,9,0
M037771_Mexico,0,1
M037771_Bosnia and Herzegovina,1,0
M037772_British Virgin Islands,0,2
M037772_Turks and Caicos Islands,2,0
M037773_Georgia,0,1
M037773_United Arab Emirates,1,0
M037774_Czech Republic,1,2
M037774_Austria,2,1
M037775_Brazil,4,0
M037775_Panama,0,4
M037776_Aruba,0,2
M037776_French Guiana,2,0
M037777_Greece,0,0
M037777_Nigeria,0,0
M037778_Romania,1,2
M037778_Algeria,2,1
M037779_Uruguay,2,0
M037779_Slovenia,0,2
M037780_Padania,1,2
M037780_County of Nice,2,1
M037781_Abkhazia,0,0
M037781_South Ossetia,0,0
M037782_Arameans Suryoye,0,0
M037782_Occitania,0,0
M037783_Ellan Vannin,1,1
M037783_Iraqi Kurdistan,1,1
M037784_Hungary,1,0
M037784_Albania,0,1
M037785_Iceland,1,0
M037785_Estonia,0,1
M037786_Gibraltar,1,0
M037786_Malta,0,1
M037787_El Salvador,1,2
M037787_Ivory Coast,2,1
M037788_Ecuador,2,2
M037788_England,2,2
M037789_Argentina,3,0
M037789_Trinidad and Tobago,0,3
M037790_Jamaica,2,2
M037790_Egypt,2,2
M037791_Italy,1,1
M037791_Luxembourg,1,1
M037792_Netherlands,2,0
M037792_Wales,0,2
M037793_Padania,3,3
M037793_Abkhazia,3,3
M037794_Sápmi,4,2
M037794_Tamil Eelam,2,4
M037795_Darfur,0,12
M037795_Artsakh,12,0
M037796_Occitania,2,2
M037796_Iraqi Kurdistan,2,2
M037797_Russia,2,0
M037797_Morocco,0,2
M037798_Arameans Suryoye,1,4
M037798_Ellan Vannin,4,1
M037799_County of Nice,3,0
M037799_South Ossetia,0,3
M037800_Poland,2,1
M037800_Lithuania,1,2
M037801_Mexico,0,1
M037801_Portugal,1,0
M037802_Japan,4,3
M037802_Zambia,3,4
M037803_Croatia,1,0
M037803_Australia,0,1
M037804_Costa Rica,1,1
M037804_Republic of Ireland,1,1
M037805_Colombia,3,0
M037805_Jordan,0,3
M037806_Brazil,1,0
M037806_Serbia,0,1
M037807_Bolivia,1,2
M037807_Greece,2,1
M037808_Germany,6,1
M037808_Armenia,1,6
W005354_Lithuania,1,0
W005354_Latvia,0,1
M037809_Abkhazia,0,1
M037809_Occitania,1,0
M037810_Tamil Eelam,10,0
M037810_Darfur,0,10
M037811_Sápmi,1,5
M037811_Artsakh,5,1
M037812_Hungary,3,0
M037812_Kazakhstan,0,3
M037813_Honduras,0,0
M037813_England,0,0
M037814_Cameroon,1,0
M037814_Moldova,0,1
M037815_El Salvador,0,2
M037815_Spain,2,0
M037816_Belgium,1,0
M037816_Tunisia,0,1
M037817_Argentina,2,0
M037817_Slovenia,0,2
M037818_Padania,1,1
M037818_Iraqi Kurdistan,1,1
M037819_Estonia,2,1
M037819_Tajikistan,1,2
M037820_United States,2,1
M037820_Nigeria,1,2
W005355_Estonia,4,0
W005355_Latvia,0,4
W005356_Equatorial Guinea,2,2
W005356_Ivory Coast,2,2
W005357_Nigeria,8,0
W005357_Rwanda,0,8
M037821_South Ossetia,1,4
M037821_Arameans Suryoye,4,1
M037822_County of Nice,0,0
M037822_Ellan Vannin,0,0
M037823_France,8,0
M037823_Jamaica,0,8
M037824_San Marino,0,3
M037824_Albania,3,0
M037825_Iran,2,0
M037825_Trinidad and Tobago,0,2
W005358_Lithuania,0,3
W005358_Estonia,3,0
W005359_Tunisia,2,3
W005359_Algeria,3,2
W005360_Zambia,1,0
W005360_Zimbabwe,0,1
W005361_Cameroon,1,0
W005361_Senegal,0,1
W005362_Ghana,3,0
W005362_Ethiopia,0,3
M037826_Ghana,4,0
M037826_South Korea,0,4
M037827_Republic of Ireland,1,5
M037827_Portugal,5,1
M037828_Brazil,3,1
M037828_Croatia,1,3
M037829_Chile,3,1
M037829_Australia,1,3
M037830_Mexico,1,0
M037830_Cameroon,0,1
M037831_Spain,1,5
M037831_Netherlands,5,1
M037832_Uruguay,1,3
M037832_Costa Rica,3,1
M037833_Ivory Coast,2,1
M037833_Japan,1,2
M037834_England,1,2
M037834_Italy,2,1
M037835_Colombia,3,0
M037835_Greece,0,3
W005363_Slovenia,1,2
W005363_Russia,2,1
W005364_Republic of Ireland,1,0
W005364_Croatia,0,1
W005365_Czech Republic,0,4
W005365_Italy,4,0
W005366_Switzerland,9,0
W005366_Israel,0,9
W005367_Serbia,5,0
W005367_Malta,0,5
W005368_Bosnia and Herzegovina,1,0
W005368_Northern Ireland,0,1
W005369_Scotland,1,3
W005369_Sweden,3,1
W005370_Norway,6,0
W005370_Greece,0,6
W005371_Austria,3,1
W005371_Finland,1,3
W005372_Wales,1,0
W005372_Turkey,0,1
W005373_Belarus,0,3
W005373_England,3,0
W005374_Ukraine,7,0
W005374_Montenegro,0,7
W005375_Kazakhstan,1,2
W005375_Hungary,2,1
W005376_Albania,0,3
W005376_Portugal,3,0
M037836_Switzerland,2,1
M037836_Ecuador,1,2
M037837_Argentina,2,1
M037837_Bosnia and Herzegovina,1,2
M037838_France,3,0
M037838_Honduras,0,3
W005377_Denmark,1,1
W005377_Iceland,1,1
W005378_Estonia,1,1
W005378_Macedonia,1,1
W005379_United States,1,0
W005379_France,0,1
M037839_Germany,4,0
M037839_Portugal,0,4
M037840_Ghana,1,2
M037840_United States,2,1
M037841_Iran,0,0
M037841_Nigeria,0,0
M037842_Belgium,2,1
M037842_Algeria,1,2
M037843_Russia,1,1
M037843_South Korea,1,1
M037844_Brazil,0,0
M037844_Mexico,0,0
M037845_Spain,0,2
M037845_Chile,2,0
M037846_China PR,2,0
M037846_North Macedonia,0,2
M037847_Cameroon,0,4
M037847_Croatia,4,0
M037848_Australia,2,3
M037848_Netherlands,3,2
W005380_Finland,4,0
W005380_Bulgaria,0,4
W005381_Portugal,0,2
W005381_Norway,2,0
W005382_Bosnia and Herzegovina,1,1
W005382_Poland,1,1
W005383_Czech Republic,5,2
W005383_Macedonia,2,5
M037849_Uruguay,2,1
M037849_England,1,2
M037850_Japan,0,0
M037850_Greece,0,0
M037851_Colombia,2,1
M037851_Ivory Coast,1,2
W005384_Faroe Islands,0,5
W005384_Sweden,5,0
W005385_Northern Ireland,0,2
W005385_Scotland,2,0
W005386_Belarus,0,3
W005386_Wales,3,0
W005387_Iceland,5,0
W005387_Malta,0,5
W005388_Kazakhstan,0,3
W005388_Austria,3,0
W005389_Israel,0,5
W005389_Denmark,5,0
W005390_Estonia,0,2
W005390_Romania,2,0
W005391_Serbia,0,7
W005391_Switzerland,7,0
W005392_Russia,0,0
W005392_Republic of Ireland,0,0
W005393_United States,2,2
W005393_France,2,2
W005394_Montenegro,2,3
W005394_Turkey,3,2
W005395_Ukraine,1,2
W005395_England,2,1
W005396_Slovakia,1,1
W005396_Croatia,1,1
M037852_Honduras,1,2
M037852_Ecuador,2,1
M037853_Italy,0,1
M037853_Costa Rica,1,0
M037854_Switzerland,2,5
M037854_France,5,2
M037855_Argentina,1,0
M037855_Iran,0,1
M037856_Germany,2,2
M037856_Ghana,2,2
M037857_Nigeria,1,0
M037857_Bosnia and Herzegovina,0,1
M037858_Indonesia,4,0
M037858_Pakistan,0,4
M037859_China PR,0,0
M037859_North Macedonia,0,0
M037860_United States,2,2
M037860_Portugal,2,2
M037861_Belgium,1,0
M037861_Russia,0,1
M037862_South Korea,2,4
M037862_Algeria,4,2
M037863_Australia,0,3
M037863_Spain,3,0
M037864_Brazil,4,1
M037864_Cameroon,1,4
M037865_Croatia,1,3
M037865_Mexico,3,1
M037866_Netherlands,2,0
M037866_Chile,0,2
M037867_Costa Rica,0,0
M037867_England,0,0
M037868_Greece,2,1
M037868_Ivory Coast,1,2
M037869_Italy,0,1
M037869_Uruguay,1,0
M037870_Japan,1,4
M037870_Colombia,4,1
M037871_Ecuador,0,0
M037871_France,0,0
M037872_Honduras,0,3
M037872_Switzerland,3,0
M037873_Bosnia and Herzegovina,3,1
M037873_Iran,1,3
M037874_Nigeria,2,3
M037874_Argentina,3,2
M037875_Indonesia,2,0
M037875_Nepal,0,2
M037876_Algeria,1,1
M037876_Russia,1,1
M037877_South Korea,0,1
M037877_Belgium,1,0
M037878_Portugal,2,1
M037878_Ghana,1,2
M037879_United States,0,1
M037879_Germany,1,0
M037880_Brazil,1,1
M037880_Chile,1,1
M037881_Colombia,2,0
M037881_Uruguay,0,2
M037882_China PR,1,3
M037882_Mali,3,1
M037883_Costa Rica,1,1
M037883_Greece,1,1
M037884_Netherlands,2,1
M037884_Mexico,1,2
M037885_France,2,0
M037885_Nigeria,0,2
M037886_Germany,2,1
M037886_Algeria,1,2
M037887_Argentina,1,0
M037887_Switzerland,0,1
M037888_Belgium,2,1
M037888_United States,1,2
M037889_Vietnam,6,0
M037889_Myanmar,0,6
M037890_Brazil,2,1
M037890_Colombia,1,2
M037891_France,0,1
M037891_Germany,1,0
M037892_Netherlands,0,0
M037892_Costa Rica,0,0
M037893_Argentina,1,0
M037893_Belgium,0,1
M037894_Malawi,1,1
M037894_Mozambique,1,1
M037895_Brazil,1,7
M037895_Germany,7,1
M037896_Netherlands,0,0
M037896_Argentina,0,0
M037897_Uganda,1,0
M037897_Seychelles,0,1
M037898_Brazil,0,3
M037898_Netherlands,3,0
M037899_Rwanda,1,0
M037899_Gabon,0,1
M037900_Germany,1,0
M037900_Argentina,0,1
M037901_Qatar,2,2
M037901_Indonesia,2,2
M037902_Botswana,2,0
M037902_Lesotho,0,2
M037903_Kenya,0,0
M037903_Burundi,0,0
M037904_Uganda,0,0
M037904_Malawi,0,0
M037905_Botswana,2,0
M037905_Guinea-Bissau,0,2
M037906_Sierra Leone,2,0
M037906_Seychelles,0,2
M037907_Uganda,2,0
M037907_Mauritania,0,2
M037908_Lesotho,1,0
M037908_Kenya,0,1
M037909_Tanzania,2,2
M037909_Mozambique,2,2
M037910_Benin,1,0
M037910_Malawi,0,1
M037911_Congo,2,0
M037911_Rwanda,0,2
W005397_Guam,7,0
W005397_Northern Mariana Islands,0,7
M037912_Mongolia,4,0
M037912_Northern Mariana Islands,0,4
M037913_Guam,0,0
M037913_Macau,0,0
W005398_Guam,11,0
W005398_Macau,0,11
M037914_Northern Mariana Islands,2,1
M037914_Macau,1,2
M037915_Guam,2,0
M037915_Mongolia,0,2
W005399_Northern Mariana Islands,7,0
W005399_Macau,0,7
M037916_Macau,3,2
M037916_Mongolia,2,3
M037917_Guam,5,0
M037917_Northern Mariana Islands,0,5
M037918_Gabon,0,1
M037918_Rwanda,1,0
M037919_Guinea-Bissau,1,1
M037919_Botswana,1,1
M037920_Malawi,1,0
M037920_Benin,0,1
M037921_Rwanda,2,0
M037921_Congo,0,2
W005400_Ukraine,8,0
W005400_Belarus,0,8
M037922_Mozambique,2,1
M037922_Tanzania,1,2
M037923_Kenya,0,0
M037923_Lesotho,0,0
M037924_Mauritania,0,1
M037924_Uganda,1,0
M037925_Peru,3,0
M037925_Panama,0,3
M037926_Tajikistan,4,1
M037926_Malaysia,1,4
M037927_Raetia,1,6
M037927_Sealand,6,1
M037928_Seborga,2,3
M037928_Sealand,3,2
M037929_Kazakhstan,2,1
M037929_Tajikistan,1,2
M037930_Angola,0,0
M037930_Botswana,0,0
M037931_Guatemala,3,0
M037931_Nicaragua,0,3
M037932_British Virgin Islands,2,4
M037932_Saint Martin,4,2
M037933_Azerbaijan,0,0
M037933_Uzbekistan,0,0
M037934_Panama,4,0
M037934_Cuba,0,4
W005401_Estonia,1,4
W005401_Czech Republic,4,1
W005402_Republic of Ireland,2,0
W005402_Slovenia,0,2
W005403_Belarus,1,3
W005403_Ukraine,3,1
W005404_Hungary,0,4
W005404_France,4,0
W005405_Bosnia and Herzegovina,2,0
W005405_Faroe Islands,0,2
W005406_United States,4,1
W005406_Switzerland,1,4
W005407_Bulgaria,0,8
W005407_Finland,8,0
W005408_Wales,0,4
W005408_England,4,0
W005409_Poland,0,4
W005409_Sweden,4,0
W005410_Iceland,0,1
W005410_Denmark,1,0
W005411_Serbia,3,0
W005411_Israel,0,3
W005412_Romania,6,1
W005412_Macedonia,1,6
W005413_Russia,3,1
W005413_Slovakia,1,3
M037935_Guatemala,1,0
M037935_Cuba,0,1
M037936_French Guiana,0,1
M037936_Suriname,1,0
M037937_Saint Lucia,0,2
M037937_Martinique,2,0
M037938_Seychelles,1,2
M037938_Sri Lanka,2,1
M037939_Norway,0,0
M037939_United Arab Emirates,0,0
M037940_Seychelles,3,0
M037940_Sri Lanka,0,3
M037941_Saint Lucia,0,1
M037941_Martinique,1,0
M037942_Egypt,1,0
M037942_Kenya,0,1
M037943_El Salvador,2,0
M037943_Dominican Republic,0,2
M037944_Zambia,3,1
M037944_Sudan,1,3
M037945_Niger,2,0
M037945_Uganda,0,2
M037946_Ukraine,1,0
M037946_Moldova,0,1
M037947_Russia,4,0
M037947_Azerbaijan,0,4
M037948_Puerto Rico,2,2
M037948_Curaçao,2,2
M037949_Philippines,5,1
M037949_Taiwan,1,5
M037950_Morocco,0,0
M037950_Qatar,0,0
M037951_Costa Rica,3,0
M037951_Nicaragua,0,3
M037952_Czech Republic,0,1
M037952_United States,1,0
M037953_Denmark,1,2
M037953_Turkey,2,1
M037954_England,1,0
M037954_Norway,0,1
M037955_Germany,2,4
M037955_Argentina,4,2
M037956_Grenada,1,1
M037956_French Guiana,1,1
M037957_Guyana,0,0
M037957_Dominica,0,0
M037958_Republic of Ireland,2,0
M037958_Oman,0,2
M037959_Latvia,2,0
M037959_Armenia,0,2
M037960_Lithuania,1,1
M037960_United Arab Emirates,1,1
M037961_Myanmar,4,1
M037961_Palestine,1,4
M037962_Uzbekistan,2,0
M037962_Jordan,0,2
M037963_Sweden,2,0
M037963_Estonia,0,2
M037964_Slovakia,1,0
M037964_Malta,0,1
M037965_Iraq,0,2
M037965_Peru,2,0
M037966_Italy,2,0
M037966_Netherlands,0,2
M037967_Croatia,2,0
M037967_Cyprus,0,2
M037968_China PR,3,1
M037968_Kuwait,1,3
M037969_Bosnia and Herzegovina,3,0
M037969_Liechtenstein,0,3
M037970_Belgium,2,0
M037970_Australia,0,2
M037971_Belarus,6,1
M037971_Tajikistan,1,6
M037972_France,1,0
M037972_Spain,0,1
M037973_Suriname,2,3
M037973_Bonaire,3,2
M037974_Saint Vincent and the Grenadines,4,0
M037974_Anguilla,0,4
M037975_Saint Lucia,2,0
M037975_Guyana,0,2
M037976_Saint Kitts and Nevis,5,0
M037976_Dominica,0,5
M037977_Senegal,2,0
M037977_Egypt,0,2
M037978_Sudan,0,3
M037978_South Africa,3,0
M037979_South Korea,3,1
M037979_Venezuela,1,3
M037980_Kazakhstan,7,1
M037980_Kyrgyzstan,1,7
M037981_Brazil,1,0
M037981_Colombia,0,1
M037982_Japan,0,2
M037982_Uruguay,2,0
M037983_Guinea,2,1
M037983_Togo,1,2
M037984_Curaçao,2,1
M037984_Grenada,1,2
M037985_Puerto Rico,1,2
M037985_French Guiana,2,1
M037986_Tunisia,2,1
M037986_Botswana,1,2
M037987_Singapore,2,1
M037987_Papua New Guinea,1,2
M037988_Philippines,2,3
M037988_Myanmar,3,2
M037989_Palestine,7,3
M037989_Taiwan,3,7
M037990_Nigeria,2,3
M037990_Congo,3,2
M037991_Niger,1,3
M037991_Cape Verde,3,1
M037992_Ghana,1,1
M037992_Uganda,1,1
M037993_Ivory Coast,2,1
M037993_Sierra Leone,1,2
M037994_Vietnam,3,1
M037994_Hong Kong,1,3
M037995_Ethiopia,1,2
M037995_Algeria,2,1
M037996_DR Congo,0,2
M037996_Cameroon,2,0
M037997_Burkina Faso,2,0
M037997_Lesotho,0,2
M037998_Mexico,0,0
M037998_Chile,0,0
M037999_Zambia,0,0
M037999_Mozambique,0,0
M038000_Gabon,1,0
M038000_Angola,0,1
M038001_Serbia,1,1
M038001_France,1,1
M038002_Puerto Rico,2,2
M038002_Grenada,2,2
M038003_Portugal,0,1
M038003_Albania,1,0
M038004_Paraguay,0,0
M038004_United Arab Emirates,0,0
M038005_Morocco,3,0
M038005_Libya,0,3
M038006_Mali,2,0
M038006_Malawi,0,2
M038007_Kosovo,1,0
M038007_Oman,0,1
M038008_Greece,0,1
M038008_Romania,1,0
M038009_Gibraltar,0,7
M038009_Poland,7,0
M038010_Hungary,1,2
M038010_Northern Ireland,2,1
M038011_Georgia,1,2
M038011_Republic of Ireland,2,1
M038012_French Guiana,0,0
M038012_Curaçao,0,0
M038013_Faroe Islands,1,3
M038013_Finland,3,1
M038014_Dominica,1,2
M038014_Saint Lucia,2,1
M038015_Denmark,2,1
M038015_Armenia,1,2
M038016_Costa Rica,2,2
M038016_Panama,2,2
M038017_Burundi,2,0
M038017_Tanzania,0,2
M038018_Bonaire,1,4
M038018_Barbados,4,1
M038019_Germany,2,1
M038019_Scotland,1,2
M038020_San Marino,0,2
M038020_Lithuania,2,0
M038021_Uzbekistan,3,1
M038021_New Zealand,1,3
M038022_Ukraine,0,1
M038022_Slovakia,1,0
M038023_Switzerland,0,2
M038023_England,2,0
M038024_Spain,5,1
M038024_North Macedonia,1,5
M038025_Russia,4,0
M038025_Liechtenstein,0,4
M038026_South Korea,0,1
M038026_Uruguay,1,0
M038027_Luxembourg,1,1
M038027_Belarus,1,1
M038028_Estonia,1,0
M038028_Slovenia,0,1
M038029_Austria,1,1
M038029_Sweden,1,1
M038030_Australia,3,2
M038030_Saudi Arabia,2,3
M038031_Montenegro,2,0
M038031_Moldova,0,2
M038032_Mexico,1,0
M038032_Bolivia,0,1
M038033_Kuwait,0,1
M038033_Bahrain,1,0
M038034_Kazakhstan,0,0
M038034_Latvia,0,0
M038035_Japan,2,2
M038035_Venezuela,2,2
M038036_Indonesia,0,0
M038036_Yemen,0,0
M038037_Iceland,3,0
M038037_Turkey,0,3
M038038_Croatia,2,0
M038038_Malta,0,2
M038039_China PR,1,1
M038039_Jordan,1,1
M038040_Bosnia and Herzegovina,1,2
M038040_Cyprus,2,1
M038041_Azerbaijan,1,2
M038041_Bulgaria,2,1
M038042_Andorra,1,2
M038042_Wales,2,1
M038043_Norway,0,2
M038043_Italy,2,0
M038044_Haiti,0,1
M038044_Chile,1,0
M038045_Qatar,0,2
M038045_Peru,2,0
M038046_Czech Republic,2,1
M038046_Netherlands,1,2
M038047_Singapore,0,0
M038047_Hong Kong,0,0
M038048_Algeria,1,0
M038048_Mali,0,1
M038049_Uganda,2,0
M038049_Guinea,0,2
M038050_Togo,2,3
M038050_Ghana,3,2
M038051_Mozambique,1,1
M038051_Niger,1,1
M038052_Malawi,3,2
M038052_Ethiopia,2,3
M038053_Lesotho,1,1
M038053_Gabon,1,1
M038054_South Africa,0,0
M038054_Nigeria,0,0
M038055_DR Congo,2,0
M038055_Sierra Leone,0,2
M038056_Congo,2,0
M038056_Sudan,0,2
M038057_Cape Verde,2,1
M038057_Zambia,1,2
M038058_Cameroon,4,1
M038058_Ivory Coast,1,4
M038059_Botswana,0,2
M038059_Senegal,2,0
M038060_Egypt,0,1
M038060_Tunisia,1,0
M038061_Angola,0,3
M038061_Burkina Faso,3,0
W005414_Italy,4,0
W005414_Estonia,0,4
W005415_Albania,0,11
W005415_Norway,11,0
W005416_Scotland,9,0
W005416_Faroe Islands,0,9
W005417_Poland,4,0
W005417_Northern Ireland,0,4
W005418_Slovakia,0,1
W005418_Republic of Ireland,1,0
W005419_Russia,1,4
W005419_Germany,4,1
W005420_Croatia,1,0
W005420_Slovenia,0,1
W005421_Romania,0,2
W005421_Spain,2,0
W005422_Belgium,11,0
W005422_Greece,0,11
W005423_Sweden,3,0
W005423_Bosnia and Herzegovina,0,3
W005424_Netherlands,3,2
W005424_Portugal,2,3
W005425_Denmark,8,0
W005425_Malta,0,8
W005426_Finland,0,2
W005426_France,2,0
W005427_Austria,4,3
W005427_Hungary,3,4
W005428_Iceland,3,0
W005428_Israel,0,3
W005429_Ukraine,8,0
W005429_Turkey,0,8
M038062_Indonesia,2,0
M038062_Malaysia,0,2
W005430_United States,8,0
W005430_Mexico,0,8
W005431_India,15,0
W005431_Maldives,0,15
W005432_South Korea,5,0
W005432_Thailand,0,5
W005433_Japan,0,0
W005433_China PR,0,0
W005434_Jordan,2,2
W005434_Taiwan,2,2
W005435_North Korea,5,0
W005435_Vietnam,0,5
W005436_Slovenia,2,1
W005436_Slovakia,1,2
W005437_Croatia,1,3
W005437_Russia,3,1
W005438_France,3,1
W005438_Finland,1,3
W005439_Norway,0,2
W005439_Netherlands,2,0
W005440_Germany,2,0
W005440_Republic of Ireland,0,2
W005441_Italy,15,0
W005441_Macedonia,0,15
W005442_Malta,0,5
W005442_Switzerland,5,0
W005443_Denmark,0,1
W005443_Israel,1,0
W005444_Iceland,9,1
W005444_Serbia,1,9
W005445_Sweden,2,0
W005445_Scotland,0,2
W005446_Poland,3,1
W005446_Bosnia and Herzegovina,1,3
W005447_Northern Ireland,3,0
W005447_Faroe Islands,0,3
W005448_Greece,4,0
W005448_Albania,0,4
W005449_Czech Republic,0,1
W005449_Spain,1,0
W005450_Romania,0,3
W005450_Estonia,3,0
W005451_Turkey,3,0
W005451_Belarus,0,3
W005452_Ukraine,1,0
W005452_Wales,0,1
W005453_Montenegro,0,10
W005453_England,10,0
W005454_Bulgaria,0,7
W005454_Hungary,7,0
W005455_Austria,5,1
W005455_Kazakhstan,1,5
W005456_Thailand,10,0
W005456_Maldives,0,10
W005457_South Korea,10,0
W005457_India,0,10
W005458_Portugal,0,1
W005458_Belgium,1,0
W005459_China PR,4,0
W005459_Taiwan,0,4
W005460_Japan,12,0
W005460_Jordan,0,12
W005461_United States,4,0
W005461_Mexico,0,4
M038063_Malaysia,4,1
M038063_Cambodia,1,4
W005462_Hong Kong,0,5
W005462_North Korea,5,0
W005463_South Korea,13,0
W005463_Maldives,0,13
W005464_Thailand,10,0
W005464_India,0,10
W005465_China PR,5,0
W005465_Jordan,0,5
W005466_Taiwan,0,3
W005466_Japan,3,0
W005467_Vietnam,5,0
W005467_Hong Kong,0,5
M038064_Indonesia,1,0
M038064_Cambodia,0,1
W005468_Japan,9,0
W005468_Hong Kong,0,9
W005469_South Korea,1,0
W005469_Taiwan,0,1
W005470_Thailand,1,2
W005470_Vietnam,2,1
W005471_North Korea,1,0
W005471_China PR,0,1
W005472_South Korea,1,2
W005472_North Korea,2,1
W005473_Japan,3,0
W005473_Vietnam,0,3
M038065_Botswana,1,0
M038065_Zimbabwe,0,1
W005474_South Korea,3,0
W005474_Vietnam,0,3
W005475_North Korea,3,1
W005475_Japan,1,3
M038066_India,2,3
M038066_Palestine,3,2
M038067_Qatar,3,0
M038067_Uzbekistan,0,3
M038068_Antigua and Barbuda,2,1
M038068_Saint Lucia,1,2
M038069_Curaçao,1,1
M038069_Martinique,1,1
M038070_Haiti,2,2
M038070_French Guiana,2,2
M038071_Saint Kitts and Nevis,2,3
M038071_Barbados,3,2
M038072_Trinidad and Tobago,6,1
M038072_Dominican Republic,1,6
M038073_Morocco,4,0
M038073_Central African Republic,0,4
M038074_Moldova,1,2
M038074_Austria,2,1
M038075_Belarus,0,2
M038075_Ukraine,2,0
M038076_Liechtenstein,0,0
M038076_Montenegro,0,0
M038077_Lithuania,1,0
M038077_Estonia,0,1
M038078_Sweden,1,1
M038078_Russia,1,1
M038079_Slovenia,1,0
M038079_Switzerland,0,1
M038080_Slovakia,2,1
M038080_Spain,1,2
M038081_North Macedonia,3,2
M038081_Luxembourg,2,3
M038082_England,5,0
M038082_San Marino,0,5
M038083_Qatar,5,0
M038083_Lebanon,0,5
M038084_Japan,1,0
M038084_Jamaica,0,1
M038085_Italy,2,1
M038085_Azerbaijan,1,2
M038086_Uzbekistan,0,0
M038086_Bahrain,0,0
M038087_Cyprus,1,2
M038087_Israel,2,1
M038088_China PR,3,0
M038088_Thailand,0,3
M038089_Bulgaria,0,1
M038089_Croatia,1,0
M038090_Botswana,0,2
M038090_Egypt,2,0
M038091_Belgium,6,0
M038091_Andorra,0,6
M038092_Jordan,0,1
M038092_Kuwait,1,0
M038093_Chile,3,0
M038093_Peru,0,3
M038094_Latvia,0,3
M038094_Iceland,3,0
M038095_Lesotho,0,0
M038095_Angola,0,0
M038096_Malta,0,3
M038096_Norway,3,0
M038097_Netherlands,3,1
M038097_Kazakhstan,1,3
M038098_Oman,3,4
M038098_Costa Rica,4,3
M038099_Saudi Arabia,1,1
M038099_Uruguay,1,1
M038100_Senegal,0,0
M038100_Tunisia,0,0
M038101_Saint Vincent and the Grenadines,1,0
M038101_Curaçao,0,1
M038102_Trinidad and Tobago,2,0
M038102_Saint Lucia,0,2
M038103_Turkey,1,2
M038103_Czech Republic,2,1
M038104_United Arab Emirates,0,0
M038104_Australia,0,0
M038105_Wales,0,0
M038105_Bosnia and Herzegovina,0,0
M038106_French Guiana,1,2
M038106_Saint Kitts and Nevis,2,1
M038107_Hong Kong,2,1
M038107_Singapore,1,2
M038108_South Korea,2,0
M038108_Paraguay,0,2
M038109_Yemen,1,1
M038109_Iraq,1,1
M038110_Uganda,0,1
M038110_Togo,1,0
M038111_Sudan,1,0
M038111_Nigeria,0,1
M038112_Scotland,1,0
M038112_Georgia,0,1
M038113_Romania,1,1
M038113_Hungary,1,1
M038114_Poland,2,0
M038114_Germany,0,2
M038115_Northern Ireland,2,0
M038115_Faroe Islands,0,2
M038116_Niger,0,0
M038116_Zambia,0,0
M038117_Mozambique,2,0
M038117_Cape Verde,0,2
M038118_Republic of Ireland,7,0
M038118_Gibraltar,0,7
M038119_Malawi,0,2
M038119_Algeria,2,0
M038120_Gabon,2,0
M038120_Burkina Faso,0,2
M038121_France,2,1
M038121_Portugal,1,2
M038122_Finland,1,1
M038122_Greece,1,1
M038123_Ethiopia,0,2
M038123_Mali,2,0
M038124_DR Congo,1,2
M038124_Ivory Coast,2,1
M038125_Congo,0,2
M038125_South Africa,2,0
M038126_Cameroon,0,0
M038126_Sierra Leone,0,0
M038127_Armenia,1,1
M038127_Serbia,1,1
M038128_Argentina,0,2
M038128_Brazil,2,0
M038129_Albania,1,1
M038129_Denmark,1,1
M038130_Guinea,1,1
M038130_Ghana,1,1
W005476_Namibia,2,0
W005476_Zambia,0,2
W005477_Nigeria,4,2
W005477_Ivory Coast,2,4
M038131_Belarus,1,3
M038131_Slovakia,3,1
M038132_Austria,1,0
M038132_Montenegro,0,1
M038133_Barbados,0,2
M038133_French Guiana,2,0
M038134_Timor-Leste,4,2
M038134_Brunei,2,4
M038135_Laos,3,2
M038135_Cambodia,2,3
M038136_Haiti,0,0
M038136_Saint Kitts and Nevis,0,0
M038137_Guadeloupe,0,1
M038137_Curaçao,1,0
M038138_Estonia,0,1
M038138_England,1,0
M038139_Luxembourg,0,4
M038139_Spain,4,0
M038140_Mexico,1,0
M038140_Panama,0,1
M038141_Pakistan,0,2
M038141_Palestine,2,0
M038142_Philippines,5,0
M038142_Papua New Guinea,0,5
M038143_Russia,1,1
M038143_Moldova,1,1
M038144_Saint Lucia,2,3
M038144_Dominican Republic,3,2
M038145_Ukraine,1,0
M038145_North Macedonia,0,1
M038146_Trinidad and Tobago,1,0
M038146_Antigua and Barbuda,0,1
M038147_Lithuania,0,2
M038147_Slovenia,2,0
M038148_Tanzania,4,1
M038148_Benin,1,4
M038149_Sweden,2,0
M038149_Liechtenstein,0,2
W005478_Algeria,1,0
W005478_Ghana,0,1
W005479_South Africa,0,1
W005479_Cameroon,1,0
M038150_Morocco,3,0
M038150_Kenya,0,3
M038151_Bosnia and Herzegovina,1,1
M038151_Belgium,1,1
M038152_Croatia,6,0
M038152_Azerbaijan,0,6
M038153_Iceland,2,0
M038153_Netherlands,0,2
M038154_Jordan,1,1
M038154_Kuwait,1,1
M038155_Kazakhstan,2,4
M038155_Czech Republic,4,2
M038156_Latvia,1,1
M038156_Turkey,1,1
M038157_Malta,0,1
M038157_Italy,1,0
M038158_Wales,2,1
M038158_Cyprus,1,2
M038159_Andorra,1,4
M038159_Israel,4,1
M038160_Oman,0,3
M038160_Uruguay,3,0
M038161_Norway,2,1
M038161_Bulgaria,1,2
M038162_Qatar,1,0
M038162_Australia,0,1
M038163_Japan,0,4
M038163_Brazil,4,0
M038164_South Korea,1,3
M038164_Costa Rica,3,1
M038165_Laos,4,2
M038165_Brunei,2,4
M038166_Macau,2,2
M038166_Singapore,2,2
M038167_Poland,2,2
M038167_Scotland,2,2
M038168_Gibraltar,0,3
M038168_Georgia,3,0
M038169_San Marino,0,4
M038169_Switzerland,4,0
M038170_Saudi Arabia,1,1
M038170_Lebanon,1,1
M038171_Hong Kong,0,7
M038171_Argentina,7,0
M038172_Serbia,0,3
M038172_Albania,3,0
M038173_United States,1,1
M038173_Honduras,1,1
M038174_Peru,1,0
M038174_Guatemala,0,1
M038175_Germany,1,1
M038175_Republic of Ireland,1,1
M038176_Finland,0,2
M038176_Romania,2,0
M038177_Faroe Islands,0,1
M038177_Hungary,1,0
M038178_Denmark,0,1
M038178_Portugal,1,0
M038179_China PR,2,1
M038179_Paraguay,1,2
M038180_Myanmar,0,0
M038180_Timor-Leste,0,0
M038181_Bahrain,0,0
M038181_Iraq,0,0
M038182_Armenia,0,3
M038182_France,3,0
M038183_United Arab Emirates,0,4
M038183_Uzbekistan,4,0
M038184_Greece,0,2
M038184_Northern Ireland,2,0
W005480_Namibia,1,3
W005480_Ivory Coast,3,1
W005481_Zambia,0,6
W005481_Nigeria,6,0
M038185_Mali,2,3
M038185_Ethiopia,3,2
M038186_Algeria,3,0
M038186_Malawi,0,3
M038187_Angola,4,0
M038187_Lesotho,0,4
M038188_Burkina Faso,1,1
M038188_Gabon,1,1
M038189_Cameroon,2,0
M038189_Sierra Leone,0,2
M038190_Cape Verde,1,0
M038190_Mozambique,0,1
M038191_Egypt,2,0
M038191_Botswana,0,2
M038192_Ghana,3,1
M038192_Guinea,1,3
M038193_Ivory Coast,3,4
M038193_DR Congo,4,3
M038194_South Africa,0,0
M038194_Congo,0,0
M038195_Eswatini,0,2
M038195_Zimbabwe,2,0
M038196_Nigeria,3,1
M038196_Sudan,1,3
M038197_Togo,1,0
M038197_Uganda,0,1
M038198_Tunisia,1,0
M038198_Senegal,0,1
M038199_Zambia,3,0
M038199_Niger,0,3
W005482_Guatemala,0,1
W005482_Haiti,1,0
W005483_Cameroon,2,0
W005483_Algeria,0,2
W005484_Ghana,1,1
W005484_South Africa,1,1
W005485_United States,1,0
W005485_Trinidad and Tobago,0,1
M038200_Brunei,1,3
M038200_Myanmar,3,1
M038201_Timor-Leste,2,3
M038201_Cambodia,3,2
W005486_Costa Rica,1,0
W005486_Mexico,0,1
W005487_Jamaica,6,0
W005487_Martinique,0,6
W005488_Zambia,1,1
W005488_Ivory Coast,1,1
W005489_Namibia,0,2
W005489_Nigeria,2,0
W005490_Haiti,0,1
W005490_Trinidad and Tobago,1,0
W005491_United States,5,0
W005491_Guatemala,0,5
M038202_Laos,2,0
M038202_Timor-Leste,0,2
M038203_Cambodia,0,1
M038203_Myanmar,1,0
W005492_Martinique,0,10
W005492_Mexico,10,0
W005493_Costa Rica,2,1
W005493_Jamaica,1,2
W005494_Cameroon,0,1
W005494_Ghana,1,0
W005495_South Africa,5,1
W005495_Algeria,1,5
M038204_Laos,1,2
M038204_Myanmar,2,1
M038205_Cambodia,1,0
M038205_Brunei,0,1
W005496_Trinidad and Tobago,2,1
W005496_Guatemala,1,2
W005497_United States,6,0
W005497_Haiti,0,6
W005498_Martinique,1,6
W005498_Costa Rica,6,1
W005499_Mexico,3,1
W005499_Jamaica,1,3
W005500_Nigeria,2,1
W005500_South Africa,1,2
W005501_Cameroon,2,1
W005501_Ivory Coast,1,2
M038206_Bangladesh,1,1
M038206_Sri Lanka,1,1
W005502_Costa Rica,1,1
W005502_Trinidad and Tobago,1,1
W005503_United States,3,0
W005503_Mexico,0,3
M038207_Zambia,1,1
M038207_Ivory Coast,1,1
W005504_South Africa,0,1
W005504_Ivory Coast,1,0
W005505_Italy,2,1
W005505_Ukraine,1,2
W005506_Scotland,1,2
W005506_Netherlands,2,1
W005507_New Zealand,16,0
W005507_Tonga,0,16
W005508_Nigeria,2,0
W005508_Cameroon,0,2
W005509_Papua New Guinea,4,1
W005509_Cook Islands,1,4
W005510_United States,6,0
W005510_Costa Rica,0,6
W005511_Trinidad and Tobago,2,4
W005511_Mexico,4,2
M038208_Bangladesh,1,0
M038208_Sri Lanka,0,1
W005512_Papua New Guinea,0,3
W005512_New Zealand,3,0
W005513_Tonga,1,1
W005513_Cook Islands,1,1
W005514_Cook Islands,0,11
W005514_New Zealand,11,0
W005515_Papua New Guinea,3,0
W005515_Tonga,0,3
W005516_Ukraine,2,2
W005516_Italy,2,2
W005517_Netherlands,2,0
W005517_Scotland,0,2
M038209_North Korea,0,1
M038209_Kuwait,1,0
M038210_Philippines,3,0
M038210_Nepal,0,3
M038211_Bahrain,2,2
M038211_North Korea,2,2
M038212_Kuwait,1,1
M038212_Yemen,1,1
M038213_United Arab Emirates,3,2
M038213_Lebanon,2,3
M038214_Saudi Arabia,2,0
M038214_Palestine,0,2
M038215_Qatar,3,1
M038215_North Korea,1,3
M038216_Oman,2,0
M038216_Yemen,0,2
M038217_Bahrain,2,0
M038217_Singapore,0,2
M038218_Székely Land,3,0
M038218_Raetia,0,3
M038219_Vietnam,1,3
M038219_Palestine,3,1
M038220_Thailand,3,0
M038220_Philippines,0,3
M038221_Uganda,3,0
M038221_Ethiopia,0,3
M038222_Curaçao,2,3
M038222_Trinidad and Tobago,3,2
M038223_Cuba,1,1
M038223_French Guiana,1,1
W005518_Pakistan,1,2
W005518_Sri Lanka,2,1
M038224_Norway,0,1
M038224_Estonia,1,0
M038225_Netherlands,2,3
M038225_Mexico,3,2
M038226_Haiti,2,2
M038226_Antigua and Barbuda,2,2
M038227_Belgium,3,1
M038227_Iceland,1,3
M038228_Argentina,2,1
M038228_Croatia,1,2
M038229_Turkey,0,4
M038229_Brazil,4,0
W005519_Nepal,8,0
W005519_Bhutan,0,8
W005520_Taiwan,2,0
W005520_Hong Kong,0,2
W005521_South Korea,15,0
W005521_Guam,0,15
M038230_Yemen,0,0
M038230_Bahrain,0,0
M038231_Trinidad and Tobago,4,2
M038231_French Guiana,2,4
M038232_Singapore,2,0
M038232_Laos,0,2
M038233_Saudi Arabia,1,1
M038233_Qatar,1,1
M038234_Uruguay,3,3
M038234_Costa Rica,3,3
M038235_North Korea,2,1
M038235_Hong Kong,1,2
M038236_Morocco,6,1
M038236_Benin,1,6
M038237_Curaçao,2,3
M038237_Cuba,3,2
W005522_India,8,0
W005522_Maldives,0,8
W005523_Bangladesh,6,1
W005523_Afghanistan,1,6
M038238_Japan,6,0
M038238_Honduras,0,6
M038239_Romania,2,0
M038239_Northern Ireland,0,2
M038240_Scotland,1,0
M038240_Republic of Ireland,0,1
M038241_Serbia,1,3
M038241_Denmark,3,1
M038242_United Arab Emirates,0,0
M038242_Oman,0,0
M038243_Portugal,1,0
M038243_Armenia,0,1
M038244_Philippines,3,0
M038244_Cambodia,0,3
M038245_United States,1,2
M038245_Colombia,2,1
M038246_Paraguay,2,1
M038246_Peru,1,2
M038247_Martinique,0,3
M038247_Haiti,3,0
M038248_Jordan,0,1
M038248_South Korea,1,0
M038249_Ivory Coast,5,1
M038249_Sierra Leone,1,5
M038250_France,1,1
M038250_Albania,1,1
M038251_Hungary,1,0
M038251_Finland,0,1
M038252_Greece,0,1
M038252_Faroe Islands,1,0
M038253_Germany,4,0
M038253_Gibraltar,0,4
M038254_Georgia,0,4
M038254_Poland,4,0
M038255_China PR,1,1
M038255_New Zealand,1,1
M038256_Botswana,0,0
M038256_Tunisia,0,0
M038257_Iraq,0,1
M038257_Kuwait,1,0
W005524_Sri Lanka,3,0
W005524_Bhutan,0,3
W005525_Pakistan,0,2
W005525_Nepal,2,0
M038258_Malawi,2,0
M038258_Mali,0,2
M038259_Moldova,0,1
M038259_Liechtenstein,1,0
M038260_Montenegro,1,1
M038260_Sweden,1,1
M038261_Mozambique,0,1
M038261_Zambia,1,0
M038262_San Marino,0,0
M038262_Estonia,0,0
M038263_Spain,3,0
M038263_Belarus,0,3
M038264_Switzerland,4,0
M038264_Lithuania,0,4
M038265_Togo,1,4
M038265_Guinea,4,1
M038266_Uganda,1,0
M038266_Ghana,0,1
M038267_North Macedonia,0,2
M038267_Slovakia,2,0
M038268_South Africa,2,1
M038268_Sudan,1,2
M038269_Luxembourg,0,3
M038269_Ukraine,3,0
M038270_Indonesia,0,2
M038270_Syria,2,0
M038271_French Guiana,4,1
M038271_Curaçao,1,4
M038272_England,3,1
M038272_Slovenia,1,3
M038273_Egypt,0,1
M038273_Senegal,1,0
M038274_Congo,0,2
M038274_Nigeria,2,0
M038275_Cape Verde,3,1
M038275_Niger,1,3
M038276_Cameroon,1,0
M038276_DR Congo,0,1
M038277_Austria,1,0
M038277_Russia,0,1
M038278_Angola,0,0
M038278_Gabon,0,0
M038279_Algeria,3,1
M038279_Ethiopia,1,3
M038280_Lesotho,0,1
M038280_Burkina Faso,1,0
W005526_India,5,1
W005526_Bangladesh,1,5
W005527_Maldives,1,0
W005527_Afghanistan,0,1
W005528_Hong Kong,0,9
W005528_South Korea,9,0
W005529_Taiwan,4,0
W005529_Guam,0,4
M038281_Bulgaria,1,1
M038281_Malta,1,1
M038282_Cyprus,5,0
M038282_Andorra,0,5
M038283_Czech Republic,2,1
M038283_Iceland,1,2
M038284_Israel,3,0
M038284_Bosnia and Herzegovina,0,3
M038285_Guam,1,5
M038285_North Korea,5,1
M038286_Netherlands,6,0
M038286_Latvia,0,6
M038287_Antigua and Barbuda,0,2
M038287_Martinique,2,0
M038288_Azerbaijan,0,1
M038288_Norway,1,0
M038289_Belgium,0,0
M038289_Wales,0,0
M038290_Saudi Arabia,3,0
M038290_Bahrain,0,3
M038291_Eswatini,1,1
M038291_Tanzania,1,1
M038292_Turkey,3,1
M038292_Kazakhstan,1,3
M038293_Vietnam,3,1
M038293_Malaysia,1,3
M038294_Yemen,0,0
M038294_Qatar,0,0
M038295_Italy,1,1
M038295_Croatia,1,1
M038296_Morocco,2,1
M038296_Zimbabwe,1,2
W005530_Nepal,3,0
W005530_Sri Lanka,0,3
W005531_Pakistan,4,1
W005531_Bhutan,1,4
M038297_United Arab Emirates,2,2
M038297_Kuwait,2,2
M038298_Singapore,4,2
M038298_Cambodia,2,4
M038299_Iraq,1,1
M038299_Oman,1,1
W005532_Trinidad and Tobago,1,1
W005532_Haiti,1,1
W005533_Mexico,1,1
W005533_Colombia,1,1
W005534_Afghanistan,0,12
W005534_India,12,0
W005535_Maldives,1,3
W005535_Bangladesh,3,1
M038300_Republic of Ireland,4,1
M038300_United States,1,4
M038301_Spain,0,1
M038301_Germany,1,0
M038302_Slovenia,0,1
M038302_Colombia,1,0
M038303_Slovakia,2,1
M038303_Finland,1,2
M038304_Scotland,1,3
M038304_England,3,1
M038305_Romania,2,0
M038305_Denmark,0,2
M038306_Portugal,1,0
M038306_Argentina,0,1
M038307_Poland,2,2
M038307_Switzerland,2,2
M038308_Peru,2,1
M038308_Paraguay,1,2
M038309_Nicaragua,0,2
M038309_El Salvador,2,0
M038310_Italy,1,0
M038310_Albania,0,1
M038311_Japan,2,1
M038311_Australia,1,2
M038312_Austria,1,2
M038312_Brazil,2,1
M038313_Belarus,3,2
M038313_Mexico,2,3
M038314_Jamaica,0,0
M038314_Trinidad and Tobago,0,0
M038315_Chile,1,2
M038315_Uruguay,2,1
M038316_China PR,0,0
M038316_Honduras,0,0
M038317_Cuba,1,2
M038317_Haiti,2,1
M038318_Estonia,1,0
M038318_Jordan,0,1
M038319_Greece,0,2
M038319_Serbia,2,0
M038320_Hungary,1,2
M038320_Russia,2,1
M038321_Iran,1,0
M038321_South Korea,0,1
M038322_Panama,0,0
M038322_Canada,0,0
M038323_Bolivia,3,2
M038323_Venezuela,2,3
M038324_France,1,0
M038324_Sweden,0,1
M038325_Thailand,2,0
M038325_New Zealand,0,2
M038326_Ukraine,0,0
M038326_Lithuania,0,0
W005536_Dominican Republic,0,1
W005536_Nicaragua,1,0
W005537_Taiwan,0,2
W005537_South Korea,2,0
W005538_Guam,0,3
W005538_Hong Kong,3,0
W005539_Venezuela,1,2
W005539_Costa Rica,2,1
M038327_Zambia,1,0
M038327_Cape Verde,0,1
M038328_Tunisia,2,1
M038328_Egypt,1,2
M038329_Sudan,0,1
M038329_Congo,1,0
M038330_Senegal,3,0
M038330_Botswana,0,3
M038331_Saudi Arabia,1,0
M038331_Yemen,0,1
M038332_Nigeria,2,2
M038332_South Africa,2,2
M038333_Niger,1,1
M038333_Mozambique,1,1
M038334_Mali,2,0
M038334_Algeria,0,2
M038335_Ivory Coast,0,0
M038335_Cameroon,0,0
M038336_Guinea,2,0
M038336_Uganda,0,2
M038337_Ghana,3,1
M038337_Togo,1,3
M038338_Guam,0,0
M038338_Hong Kong,0,0
M038339_Bahrain,0,0
M038339_Qatar,0,0
M038340_DR Congo,3,1
M038340_Sierra Leone,1,3
M038341_Burkina Faso,1,1
M038341_Angola,1,1
M038342_Ethiopia,0,0
M038342_Malawi,0,0
M038343_Gabon,4,2
M038343_Lesotho,2,4
W005540_Mexico,6,0
W005540_Trinidad and Tobago,0,6
W005541_Nepal,1,0
W005541_Bangladesh,0,1
W005542_India,5,0
W005542_Sri Lanka,0,5
W005543_Colombia,3,0
W005543_Haiti,0,3
M038344_Kuwait,0,5
M038344_Oman,5,0
M038345_United Arab Emirates,2,0
M038345_Iraq,0,2
W005544_Nicaragua,0,3
W005544_Costa Rica,3,0
W005545_Venezuela,6,2
W005545_Dominican Republic,2,6
W005546_India,6,0
W005546_Nepal,0,6
W005547_Mexico,1,0
W005547_Haiti,0,1
W005548_Trinidad and Tobago,0,7
W005548_Colombia,7,0
M038346_Philippines,4,1
M038346_Laos,1,4
M038347_Vietnam,2,2
M038347_Indonesia,2,2
W005549_Netherlands,1,1
W005549_Italy,1,1
W005550_Venezuela,3,0
W005550_Nicaragua,0,3
W005551_Dominican Republic,1,6
W005551_Costa Rica,6,1
M038348_Oman,1,3
M038348_Qatar,3,1
M038349_Saudi Arabia,3,2
M038349_United Arab Emirates,2,3
M038350_Singapore,1,2
M038350_Thailand,2,1
M038351_Malaysia,0,0
M038351_Myanmar,0,0
M038352_Philippines,4,0
M038352_Indonesia,0,4
M038353_Vietnam,3,0
M038353_Laos,0,3
M038354_United Arab Emirates,1,0
M038354_Oman,0,1
W005552_Colombia,1,0
W005552_Venezuela,0,1
W005553_Mexico,1,0
W005553_Costa Rica,0,1
M038355_Singapore,4,2
M038355_Myanmar,2,4
M038356_Malaysia,2,3
M038356_Thailand,3,2
M038357_Saudi Arabia,1,2
M038357_Qatar,2,1
W005554_Italy,1,2
W005554_Netherlands,2,1
W005555_Venezuela,2,3
W005555_Costa Rica,3,2
W005556_Mexico,2,0
W005556_Colombia,0,2
M038358_Vietnam,3,1
M038358_Philippines,1,3
M038359_Indonesia,5,1
M038359_Laos,1,5
M038360_Singapore,1,3
M038360_Malaysia,3,1
M038361_Thailand,2,0
M038361_Myanmar,0,2
M038362_South Africa,2,0
M038362_Ivory Coast,0,2
M038363_Philippines,0,0
M038363_Thailand,0,0
M038364_Malaysia,1,2
M038364_Vietnam,2,1
M038365_Thailand,3,0
M038365_Philippines,0,3
W005557_Brazil,4,0
W005557_Argentina,0,4
W005558_United States,1,1
W005558_China PR,1,1
M038366_Vietnam,2,4
M038366_Malaysia,4,2
W005559_China PR,1,1
W005559_United States,1,1
M038367_Uzbekistan,1,0
M038367_Palestine,0,1
W005560_Brazil,3,2
W005560_United States,2,3
W005561_Argentina,0,6
W005561_China PR,6,0
W005562_Brazil,3,2
W005562_United States,2,3
M038368_Thailand,2,0
M038368_Malaysia,0,2
W005563_Brazil,4,1
W005563_China PR,1,4
W005564_United States,7,0
W005564_Argentina,0,7
W005565_United States,7,0
W005565_Argentina,0,7
M038369_Malaysia,3,2
M038369_Thailand,2,3
M038370_Uzbekistan,2,1
M038370_Jordan,1,2
M038371_China PR,0,0
M038371_Palestine,0,0
W005566_China PR,0,0
W005566_Argentina,0,0
W005567_Brazil,0,0
W005567_United States,0,0
M038372_Iraq,1,1
M038372_Kuwait,1,1
W005568_Brazil,0,0
W005568_United States,0,0
M038373_Uzbekistan,1,0
M038373_Iraq,0,1
M038374_Qatar,3,0
M038374_Estonia,0,3
M038375_Uzbekistan,0,0
M038375_Iraq,0,0
M038376_Basque Country,1,1
M038376_Catalonia,1,1
M038377_Bahrain,4,1
M038377_Saudi Arabia,1,4
M038378_United Arab Emirates,1,0
M038378_Jordan,0,1
M038379_Occitania,5,1
M038379_Ellan Vannin,1,5
M038380_Qatar,2,2
M038380_Oman,2,2
M038381_Bahrain,1,0
M038381_Jordan,0,1
M038382_Iran,1,0
M038382_Iraq,0,1
M038383_South Korea,2,0
M038383_Saudi Arabia,0,2
M038384_South Africa,1,0
M038384_Zambia,0,1
M038385_China PR,4,1
M038385_Oman,1,4
M038386_Cameroon,1,1
M038386_DR Congo,1,1
M038387_Australia,4,1
M038387_Kuwait,1,4
M038388_Senegal,1,0
M038388_Gabon,0,1
M038389_Burkina Faso,5,1
M038389_Eswatini,1,5
M038390_Cameroon,1,1
M038390_South Africa,1,1
M038391_Cape Verde,3,2
M038391_Congo,2,3
M038392_South Korea,1,0
M038392_Oman,0,1
M038393_Saudi Arabia,0,1
M038393_China PR,1,0
M038394_Uzbekistan,1,0
M038394_North Korea,0,1
M038395_Iran,2,0
M038395_Bahrain,0,2
M038396_Nigeria,0,1
M038396_Ivory Coast,1,0
M038397_Tunisia,1,1
M038397_Algeria,1,1
M038398_United Arab Emirates,4,1
M038398_Qatar,1,4
W005569_Canada,2,1
W005569_South Korea,1,2
W005570_China PR,0,0
W005570_Mexico,0,0
M038399_Jordan,0,1
M038399_Iraq,1,0
M038400_Japan,4,0
M038400_Palestine,0,4
M038401_Australia,4,0
M038401_Oman,0,4
M038402_Botswana,0,2
M038402_Burkina Faso,2,0
M038403_Kuwait,0,1
M038403_South Korea,1,0
M038404_Senegal,5,2
M038404_Guinea,2,5
W005571_Canada,2,1
W005571_Mexico,1,2
W005572_China PR,2,3
W005572_South Korea,3,2
M038405_Mali,0,3
M038405_South Africa,3,0
M038406_China PR,2,1
M038406_Uzbekistan,1,2
M038407_North Korea,1,4
M038407_Saudi Arabia,4,1
M038408_Bahrain,1,2
M038408_United Arab Emirates,2,1
M038409_Qatar,0,1
M038409_Iran,1,0
M038410_Sweden,2,0
M038410_Ivory Coast,0,2
W005573_South Korea,2,1
W005573_Mexico,1,2
W005574_China PR,1,2
W005574_Canada,2,1
M038411_Canada,1,2
M038411_Iceland,2,1
M038412_Iraq,0,1
M038412_Japan,1,0
M038413_Palestine,1,5
M038413_Jordan,5,1
M038414_Oman,1,0
M038414_Kuwait,0,1
M038415_Yemen,0,2
M038415_Nigeria,2,0
M038416_Equatorial Guinea,1,1
M038416_Congo,1,1
M038417_Australia,0,1
M038417_South Korea,1,0
M038418_Burkina Faso,0,2
M038418_Gabon,2,0
M038419_Uzbekistan,3,1
M038419_Saudi Arabia,1,3
M038420_Zambia,1,1
M038420_DR Congo,1,1
M038421_China PR,2,1
M038421_North Korea,1,2
M038422_Tunisia,1,1
M038422_Cape Verde,1,1
M038423_Algeria,3,1
M038423_South Africa,1,3
M038424_Qatar,1,2
M038424_Bahrain,2,1
M038425_Ghana,1,2
M038425_Senegal,2,1
M038426_Finland,1,0
M038426_Sweden,0,1
M038427_Canada,1,1
M038427_Iceland,1,1
M038428_Iran,1,0
M038428_United Arab Emirates,0,1
M038429_Iraq,2,0
M038429_Palestine,0,2
M038430_Ivory Coast,1,1
M038430_Guinea,1,1
M038431_Japan,2,0
M038431_Jordan,0,2
M038432_Mali,1,1
M038432_Cameroon,1,1
M038433_Equatorial Guinea,0,0
M038433_Burkina Faso,0,0
M038434_Gabon,0,1
M038434_Congo,1,0
M038435_South Korea,2,0
M038435_Uzbekistan,0,2
M038436_Yemen,0,0
M038436_Finland,0,0
M038437_Zambia,1,2
M038437_Tunisia,2,1
M038438_Australia,2,0
M038438_China PR,0,2
M038439_Cape Verde,0,0
M038439_DR Congo,0,0
M038440_South Africa,1,1
M038440_Senegal,1,1
M038441_Japan,1,1
M038441_United Arab Emirates,1,1
M038442_Iran,3,3
M038442_Iraq,3,3
M038443_Ghana,1,0
M038443_Algeria,0,1
M038444_Cameroon,1,1
M038444_Guinea,1,1
M038445_Ivory Coast,1,1
M038445_Mali,1,1
M038446_Equatorial Guinea,2,0
M038446_Gabon,0,2
M038447_Congo,2,1
M038447_Burkina Faso,1,2
M038448_Cape Verde,0,0
M038448_Zambia,0,0
M038449_DR Congo,1,1
M038449_Tunisia,1,1
M038450_South Korea,2,0
M038450_Iraq,0,2
M038451_South Africa,1,2
M038451_Ghana,2,1
M038452_Australia,2,0
M038452_United Arab Emirates,0,2
M038453_Senegal,0,2
M038453_Algeria,2,0
M038454_Guinea,1,1
M038454_Mali,1,1
M038455_Chile,3,2
M038455_United States,2,3
M038456_Cameroon,0,1
M038456_Ivory Coast,1,0
M038457_Iraq,2,3
M038457_United Arab Emirates,3,2
M038458_Suriname,3,0
M038458_Bonaire,0,3
M038459_Curaçao,0,0
M038459_Aruba,0,0
M038460_Australia,2,1
M038460_South Korea,1,2
M038461_Congo,2,4
M038461_DR Congo,4,2
M038462_Equatorial Guinea,2,1
M038462_Tunisia,1,2
M038463_Curaçao,4,1
M038463_Bonaire,1,4
M038464_Ghana,3,0
M038464_Guinea,0,3
M038465_Ivory Coast,3,1
M038465_Algeria,1,3
M038466_Suriname,1,0
M038466_Aruba,0,1
M038467_Bangladesh,1,0
M038467_Sri Lanka,0,1
M038468_DR Congo,1,3
M038468_Ivory Coast,3,1
M038469_Honduras,2,3
M038469_Venezuela,3,2
M038470_Equatorial Guinea,0,3
M038470_Ghana,3,0
M038471_Pakistan,2,1
M038471_Afghanistan,1,2
M038472_Equatorial Guinea,0,0
M038472_DR Congo,0,0
M038473_United States,2,0
M038473_Panama,0,2
M038474_Ivory Coast,0,0
M038474_Ghana,0,0
W005575_France,2,0
W005575_United States,0,2
W005576_North Korea,1,2
W005576_Australia,2,1
W005577_New Zealand,2,3
W005577_Australia,3,2
W005578_England,0,1
W005578_United States,1,0
M038475_Kazakhstan,1,1
M038475_Moldova,1,1
W005579_Japan,1,2
W005579_Denmark,2,1
W005580_Mexico,2,0
W005580_South Africa,0,2
W005581_South Korea,1,2
W005581_Italy,2,1
W005582_Scotland,0,2
W005582_Canada,2,0
W005583_Switzerland,2,0
W005583_Iceland,0,2
W005584_Germany,2,4
W005584_Sweden,4,2
W005585_Brazil,0,0
W005585_China PR,0,0
W005586_Finland,1,3
W005586_England,3,1
W005587_Norway,1,2
W005587_United States,2,1
W005588_Portugal,0,1
W005588_France,1,0
W005589_Netherlands,0,1
W005589_Australia,1,0
W005590_Czech Republic,2,2
W005590_Belgium,2,2
W005591_Costa Rica,1,0
W005591_Bosnia and Herzegovina,0,1
W005592_Croatia,0,0
W005592_Romania,0,0
W005593_Poland,2,0
W005593_Northern Ireland,0,2
W005594_Austria,1,1
W005594_Slovakia,1,1
W005595_Republic of Ireland,1,1
W005595_Hungary,1,1
W005596_Sweden,0,2
W005596_Brazil,2,0
W005597_Germany,2,0
W005597_China PR,0,2
W005598_France,4,1
W005598_Denmark,1,4
W005599_United States,3,0
W005599_Switzerland,0,3
W005600_Bosnia and Herzegovina,0,0
W005600_Wales,0,0
W005601_Austria,1,0
W005601_Hungary,0,1
W005602_Republic of Ireland,0,2
W005602_Slovakia,2,0
W005603_Czech Republic,0,1
W005603_Mexico,1,0
W005604_Belgium,0,1
W005604_South Africa,1,0
W005605_Australia,0,3
W005605_England,3,0
W005606_Finland,0,0
W005606_Netherlands,0,0
W005607_Italy,3,2
W005607_Scotland,2,3
W005608_Canada,1,0
W005608_South Korea,0,1
W005609_Northern Ireland,0,1
W005609_Romania,1,0
W005610_Norway,1,0
W005610_Iceland,0,1
W005611_Croatia,0,0
W005611_Poland,0,0
W005612_Portugal,0,3
W005612_Japan,3,0
M038476_Bermuda,2,0
M038476_Grenada,0,2
M038477_Antigua and Barbuda,2,0
M038477_United States Virgin Islands,0,2
W005613_Brazil,1,3
W005613_Germany,3,1
W005614_Sweden,3,0
W005614_China PR,0,3
W005615_United States,0,0
W005615_Iceland,0,0
W005616_Norway,2,2
W005616_Switzerland,2,2
W005617_Japan,1,3
W005617_France,3,1
W005618_Portugal,2,2
W005618_Denmark,2,2
W005619_Scotland,2,1
W005619_South Korea,1,2
W005620_Netherlands,1,1
W005620_England,1,1
W005621_Australia,3,0
W005621_Finland,0,3
W005622_South Africa,0,1
W005622_Czech Republic,1,0
W005623_Mexico,0,0
W005623_Belgium,0,0
W005624_Italy,0,1
W005624_Canada,1,0
W005625_Republic of Ireland,0,2
W005625_Austria,2,0
W005626_Poland,2,0
W005626_Romania,0,2
W005627_Croatia,2,1
W005627_Northern Ireland,1,2
W005628_Wales,1,0
W005628_Costa Rica,0,1
W005629_Hungary,1,3
W005629_Slovakia,3,1
W005630_Brazil,4,1
W005630_Switzerland,1,4
W005631_Japan,2,0
W005631_Iceland,0,2
W005632_Portugal,3,3
W005632_China PR,3,3
W005633_France,0,2
W005633_United States,2,0
W005634_South Korea,1,1
W005634_Belgium,1,1
W005635_Uzbekistan,6,0
W005635_Palestine,0,6
W005636_Finland,2,1
W005636_South Africa,1,2
W005637_Scotland,3,1
W005637_Netherlands,1,3
W005638_Italy,2,3
W005638_Mexico,3,2
W005639_Norway,5,2
W005639_Denmark,2,5
W005640_Myanmar,16,0
W005640_Sri Lanka,0,16
W005641_Slovakia,0,2
W005641_Poland,2,0
W005642_Croatia,1,1
W005642_Wales,1,1
W005643_Hungary,3,1
W005643_Romania,1,3
W005644_Costa Rica,1,2
W005644_Republic of Ireland,2,1
W005645_Northern Ireland,0,0
W005645_Bosnia and Herzegovina,0,0
W005646_Canada,0,1
W005646_England,1,0
W005647_Australia,6,2
W005647_Czech Republic,2,6
W005648_Jordan,1,0
W005648_Hong Kong,0,1
W005649_Sweden,1,2
W005649_Germany,2,1
M038478_India,2,0
M038478_Nepal,0,2
M038479_Sri Lanka,0,1
M038479_Bhutan,1,0
M038480_Yemen,3,1
M038480_Pakistan,1,3
M038481_Taiwan,0,1
M038481_Brunei,1,0
M038482_Cambodia,3,0
M038482_Macau,0,3
M038483_Timor-Leste,0,3
M038483_Mongolia,3,0
W005650_Latvia,2,0
W005650_United Arab Emirates,0,2
W005651_Cyprus,1,0
W005651_Bahrain,0,1
W005652_Malta,2,1
W005652_Azerbaijan,1,2
W005653_Greece,14,0
W005653_Lebanon,0,14
W005654_Greece,7,0
W005654_United Arab Emirates,0,7
W005655_Bahrain,0,4
W005655_Azerbaijan,4,0
W005656_Cyprus,2,1
W005656_Malta,1,2
W005657_India,4,0
W005657_Sri Lanka,0,4
W005658_Hong Kong,0,1
W005658_Uzbekistan,1,0
W005659_Jordan,6,0
W005659_Palestine,0,6
W005660_Lebanon,0,6
W005660_Latvia,6,0
M038484_Antigua and Barbuda,1,0
M038484_Dominica,0,1
W005661_Cyprus,1,0
W005661_Azerbaijan,0,1
W005662_Hong Kong,2,2
W005662_Palestine,2,2
W005663_Myanmar,7,0
W005663_India,0,7
W005664_United Arab Emirates,3,0
W005664_Lebanon,0,3
W005665_Jordan,2,0
W005665_Uzbekistan,0,2
W005666_Malta,1,1
W005666_Bahrain,1,1
W005667_Latvia,1,4
W005667_Greece,4,1
M038485_Nepal,0,0
M038485_India,0,0
M038486_Mongolia,3,0
M038486_Timor-Leste,0,3
M038487_Macau,1,1
M038487_Cambodia,1,1
M038488_Brunei,0,2
M038488_Taiwan,2,0
M038489_Bhutan,2,1
M038489_Sri Lanka,1,2
W005668_Cyprus,0,2
W005668_Greece,2,0
W005669_Malta,2,0
W005669_Latvia,0,2
W005670_Azerbaijan,5,1
W005670_United Arab Emirates,1,5
W005671_Bahrain,3,1
W005671_Lebanon,1,3
W005672_Taiwan,4,0
W005672_Laos,0,4
M038490_Barbados,0,1
M038490_United States Virgin Islands,1,0
M038491_Antigua and Barbuda,1,0
M038491_British Virgin Islands,0,1
W005673_Iran,5,1
W005673_Laos,1,5
M038492_Saint Kitts and Nevis,6,2
M038492_Turks and Caicos Islands,2,6
M038493_Nicaragua,5,0
M038493_Anguilla,0,5
M038494_Pakistan,0,0
M038494_Yemen,0,0
W005674_Taiwan,1,0
W005674_Iran,0,1
M038495_French Guiana,3,1
M038495_Honduras,1,3
M038496_Gabon,4,3
M038496_Mali,3,4
M038497_Scotland,1,0
M038497_Northern Ireland,0,1
M038498_Eswatini,1,3
M038498_South Africa,3,1
M038499_Bahamas,0,5
M038499_Bermuda,5,0
M038500_Mauritius,2,2
M038500_Burundi,2,2
M038501_Nigeria,0,1
M038501_Uganda,1,0
M038502_Germany,2,2
M038502_Australia,2,2
M038503_Indonesia,0,1
M038503_Cameroon,1,0
M038504_Denmark,3,2
M038504_United States,2,3
M038505_Botswana,2,0
M038505_Lesotho,0,2
M038506_Georgia,2,0
M038506_Malta,0,2
M038507_Dominican Republic,0,3
M038507_Cuba,3,0
M038508_Chile,0,2
M038508_Iran,2,0
M038509_Egypt,2,0
M038509_Equatorial Guinea,0,2
M038510_France,1,3
M038510_Brazil,3,1
M038511_Turks and Caicos Islands,2,6
M038511_Saint Kitts and Nevis,6,2
M038512_Ivory Coast,2,0
M038512_Angola,0,2
M038513_Jordan,0,1
M038513_Syria,1,0
M038514_Maldives,0,2
M038514_Tajikistan,2,0
M038515_Oman,6,0
M038515_Malaysia,0,6
M038516_Qatar,1,0
M038516_Algeria,0,1
M038517_Thailand,2,0
M038517_Singapore,0,2
M038518_United States Virgin Islands,0,4
M038518_Barbados,4,0
M038519_Bahrain,0,6
M038519_Colombia,6,0
M038520_Dominica,3,2
M038520_British Virgin Islands,2,3
M038521_Liechtenstein,0,5
M038521_Austria,5,0
M038522_China PR,2,2
M038522_Haiti,2,2
M038523_Curaçao,2,1
M038523_Montserrat,1,2
M038524_England,4,0
M038524_Lithuania,0,4
M038525_Gambia,1,0
M038525_Mauritania,0,1
M038526_Japan,2,0
M038526_Tunisia,0,2
M038527_South Korea,1,1
M038527_Uzbekistan,1,1
M038528_North Macedonia,1,2
M038528_Belarus,2,1
M038529_Moldova,0,2
M038529_Sweden,2,0
M038530_Slovakia,3,0
M038530_Luxembourg,0,3
M038531_Slovenia,6,0
M038531_San Marino,0,6
M038532_Spain,1,0
M038532_Ukraine,0,1
M038533_Switzerland,3,0
M038533_Estonia,0,3
M038534_Trinidad and Tobago,0,1
M038534_Panama,1,0
M038535_Canada,1,0
M038535_Guatemala,0,1
M038536_Croatia,5,1
M038536_Norway,1,5
M038537_Czech Republic,1,1
M038537_Latvia,1,1
M038538_Bulgaria,2,2
M038538_Italy,2,2
M038539_Azerbaijan,2,0
M038539_Malta,0,2
M038540_Andorra,0,3
M038540_Bosnia and Herzegovina,3,0
M038541_Argentina,2,0
M038541_El Salvador,0,2
M038542_Alderney,0,5
M038542_Jersey,5,0
M038543_Netherlands,1,1
M038543_Turkey,1,1
M038544_Morocco,0,1
M038544_Uruguay,1,0
M038545_Belgium,5,0
M038545_Cyprus,0,5
M038546_Kazakhstan,0,3
M038546_Iceland,3,0
M038547_Israel,0,3
M038547_Wales,3,0
M038548_Iraq,2,1
M038548_DR Congo,1,2
M038549_Hong Kong,1,0
M038549_Guam,0,1
M038550_Ghana,1,2
M038550_Senegal,2,1
M038551_Mauritius,1,1
M038551_Togo,1,1
M038552_Cayman Islands,1,1
M038552_Belize,1,1
M038553_Zambia,2,0
M038553_Rwanda,0,2
M038554_Tanzania,1,1
M038554_Malawi,1,1
M038555_South Africa,1,1
M038555_Nigeria,1,1
M038556_Scotland,6,1
M038556_Gibraltar,1,6
M038557_Romania,1,0
M038557_Faroe Islands,0,1
M038558_Portugal,2,1
M038558_Serbia,1,2
M038559_Northern Ireland,2,1
M038559_Finland,1,2
M038560_Ivory Coast,1,1
M038560_Equatorial Guinea,1,1
M038561_Hungary,0,0
M038561_Greece,0,0
M038562_Republic of Ireland,1,1
M038562_Poland,1,1
M038563_Anguilla,0,3
M038563_Nicaragua,3,0
M038564_Guyana,2,0
M038564_Grenada,0,2
M038565_Georgia,0,2
M038565_Germany,2,0
M038566_France,2,0
M038566_Denmark,0,2
M038567_Dominica,0,0
M038567_British Virgin Islands,0,0
M038568_Brazil,1,0
M038568_Chile,0,1
M038569_Botswana,1,2
M038569_Mozambique,2,1
M038570_Bermuda,3,0
M038570_Bahamas,0,3
M038571_Honduras,3,0
M038571_French Guiana,0,3
M038572_Albania,2,1
M038572_Armenia,1,2
M038573_Oman,1,4
M038573_Algeria,4,1
M038574_North Macedonia,0,0
M038574_Australia,0,0
M038575_Kuwait,1,3
M038575_Colombia,3,1
M038576_Jamaica,3,0
M038576_Cuba,0,3
M038577_Thailand,2,3
M038577_Cameroon,3,2
M038578_Belarus,0,0
M038578_Gabon,0,0
M038579_Bahrain,2,1
M038579_Philippines,1,2
M038580_Qatar,1,0
M038580_Slovenia,0,1
M038581_Indonesia,2,1
M038581_Myanmar,1,2
M038582_Saudi Arabia,2,1
M038582_Jordan,1,2
M038583_Netherlands,2,0
M038583_Spain,0,2
M038584_Argentina,2,1
M038584_Ecuador,1,2
M038585_Austria,1,1
M038585_Bosnia and Herzegovina,1,1
M038586_Portugal,0,2
M038586_Cape Verde,2,0
M038587_Estonia,1,1
M038587_Iceland,1,1
M038588_Iraq,1,0
M038588_DR Congo,0,1
M038589_Israel,0,1
M038589_Belgium,1,0
M038590_Italy,1,1
M038590_England,1,1
M038591_Japan,5,1
M038591_Uzbekistan,1,5
M038592_South Korea,1,0
M038592_New Zealand,0,1
M038593_Liechtenstein,1,0
M038593_San Marino,0,1
M038594_Luxembourg,1,2
M038594_Turkey,2,1
M038595_Ukraine,1,1
M038595_Latvia,1,1
M038596_Ghana,1,1
M038596_Mali,1,1
M038597_Tajikistan,2,3
M038597_Syria,3,2
M038598_Sweden,3,1
M038598_Iran,1,3
M038599_Slovakia,1,0
M038599_Czech Republic,0,1
M038600_Singapore,2,2
M038600_Guam,2,2
M038601_Russia,0,0
M038601_Kazakhstan,0,0
M038602_Mauritania,2,0
M038602_Niger,0,2
M038603_Peru,0,1
M038603_Venezuela,1,0
M038604_Panama,2,1
M038604_Costa Rica,1,2
M038605_Montserrat,2,2
M038605_Curaçao,2,2
M038606_Switzerland,1,1
M038606_United States,1,1
M038607_China PR,1,1
M038607_Tunisia,1,1
W005675_Luxembourg,4,3
W005675_Latvia,3,4
W005676_Georgia,2,0
W005676_Faroe Islands,0,2
W005677_Moldova,2,0
W005677_Lithuania,0,2
W005678_Malta,5,3
W005678_Andorra,3,5
W005679_United States,4,0
W005679_New Zealand,0,4
W005680_Lithuania,2,0
W005680_Luxembourg,0,2
W005681_Moldova,0,1
W005681_Latvia,1,0
W005682_Faroe Islands,8,0
W005682_Andorra,0,8
W005683_Georgia,1,2
W005683_Malta,2,1
W005684_Latvia,1,1
W005684_Lithuania,1,1
W005685_Luxembourg,0,3
W005685_Moldova,3,0
W005686_Andorra,0,7
W005686_Georgia,7,0
W005687_England,2,1
W005687_China PR,1,2
W005688_Malta,2,4
W005688_Faroe Islands,4,2
M038608_United States,2,0
M038608_Mexico,0,2
W005689_Indonesia,0,2
W005689_Laos,2,0
W005690_Malaysia,0,3
W005690_Philippines,3,0
W005691_Vietnam,3,2
W005691_Myanmar,2,3
W005692_Indonesia,1,10
W005692_Thailand,10,1
W005693_Myanmar,4,1
W005693_Philippines,1,4
W005694_Vietnam,7,0
W005694_Malaysia,0,7
M038609_Abkhazia,1,0
M038609_Luhansk PR,0,1
W005695_Laos,0,12
W005695_Thailand,12,0
W005696_Myanmar,4,0
W005696_Malaysia,0,4
W005697_Vietnam,4,0
W005697_Philippines,0,4
W005698_Vietnam,1,2
W005698_Thailand,2,1
M038610_Barbados,1,3
M038610_Saint Kitts and Nevis,3,1
M038611_Zambia,2,0
M038611_Malawi,0,2
W005699_Myanmar,2,3
W005699_Thailand,3,2
W005700_United States,3,0
W005700_Republic of Ireland,0,3
M038612_Kazakhstan,0,0
M038612_Burkina Faso,0,0
M038613_Dominican Republic,6,0
M038613_Cayman Islands,0,6
M038614_Grenada,1,2
M038614_Dominica,2,1
M038615_Lesotho,0,0
M038615_South Africa,0,0
M038616_Saint Lucia,1,2
M038616_Saint Vincent and the Grenadines,2,1
M038617_Abkhazia,1,0
M038617_Donetsk PR,0,1
M038618_Lesotho,1,1
M038618_South Africa,1,1
M038619_Guernsey,2,3
M038619_Jersey,3,2
M038620_Saint Lucia,0,2
M038620_Grenada,2,0
M038621_Zimbabwe,2,0
M038621_Mauritius,0,2
M038622_Namibia,0,0
M038622_Seychelles,0,0
M038623_Vietnam,1,1
M038623_North Korea,1,1
M038624_Tanzania,0,1
M038624_Eswatini,1,0
M038625_Lesotho,1,2
M038625_Madagascar,2,1
W005701_United States,5,1
W005701_Mexico,1,5
M038626_Namibia,2,0
M038626_Mauritius,0,2
M038627_Seychelles,0,1
M038627_Zimbabwe,1,0
M038628_Lesotho,0,2
M038628_Eswatini,2,0
M038629_Madagascar,2,0
M038629_Tanzania,0,2
M038630_Thailand,0,1
M038630_North Korea,1,0
M038631_Seychelles,0,1
M038631_Mauritius,1,0
M038632_Namibia,4,1
M038632_Zimbabwe,1,4
W005702_Australia,11,0
W005702_Vietnam,0,11
M038633_Lesotho,1,0
M038633_Tanzania,0,1
M038634_Madagascar,1,1
M038634_Eswatini,1,1
W005703_Botswana,2,1
W005703_Kenya,1,2
W005704_Egypt,1,1
W005704_Ghana,1,1
W005705_Gabon,2,3
W005705_South Africa,3,2
W005706_Congo,0,3
W005706_Equatorial Guinea,3,0
M038635_Lebanon,2,2
M038635_Syria,2,2
M038636_South Africa,0,0
M038636_Botswana,0,0
M038637_Thailand,1,0
M038637_Vietnam,0,1
M038638_Zambia,0,0
M038638_Namibia,0,0
W005707_Zambia,2,1
W005707_Zimbabwe,1,2
W005708_Japan,1,0
W005708_New Zealand,0,1
M038639_Ghana,1,2
M038639_Madagascar,2,1
M038640_Mozambique,2,2
M038640_Malawi,2,2
M038641_South Africa,0,0
M038641_Malawi,0,0
M038642_Zambia,3,0
M038642_Ghana,0,3
M038643_Botswana,1,2
M038643_Mozambique,2,1
M038644_Namibia,3,2
M038644_Madagascar,2,3
M038645_Laos,0,2
M038645_Afghanistan,2,0
M038646_Zambia,0,1
M038646_Malawi,1,0
M038647_Corsica,1,0
M038647_Burkina Faso,0,1
W005709_Canada,1,0
W005709_England,0,1
M038648_Jordan,0,0
M038648_Lebanon,0,0
M038649_Bangladesh,1,2
M038649_Singapore,2,1
M038650_Ellan Vannin,8,1
M038650_Panjab,1,8
M038651_Bahrain,0,0
M038651_Oman,0,0
M038652_Madagascar,2,1
M038652_Botswana,1,2
M038653_Mexico,3,0
M038653_Guatemala,0,3
M038654_Namibia,2,0
M038654_Mozambique,0,2
M038655_Alderney,1,2
M038655_Felvidék,2,1
M038656_Ellan Vannin,3,1
M038656_Felvidék,1,3
M038657_Panjab,9,1
M038657_Alderney,1,9
M038658_Northern Ireland,1,1
M038658_Qatar,1,1
M038659_El Salvador,0,2
M038659_Honduras,2,0
W005710_United States,0,0
W005710_South Korea,0,0
W005711_Ghana,3,0
W005711_Egypt,0,3
W005712_Zimbabwe,1,0
W005712_Zambia,0,1
W005713_Equatorial Guinea,4,0
W005713_Congo,0,4
W005714_Kenya,1,0
W005714_Botswana,0,1
W005715_South Africa,5,0
W005715_Gabon,0,5
M038660_Cambodia,1,1
M038660_Laos,1,1
M038661_Bangladesh,1,1
M038661_Afghanistan,1,1
M038662_Peru,1,1
M038662_Mexico,1,1
M038663_Panama,1,1
M038663_Ecuador,1,1
M038664_Thailand,1,1
M038664_Bahrain,1,1
M038665_Jordan,2,2
M038665_Kuwait,2,2
M038666_Oman,1,2
M038666_Syria,2,1
M038667_Netherlands,3,4
M038667_United States,4,3
M038668_Hungary,4,0
M038668_Lithuania,0,4
M038669_Curaçao,1,0
M038669_Trinidad and Tobago,0,1
M038670_Cambodia,1,0
M038670_Myanmar,0,1
M038671_Scotland,1,0
M038671_Qatar,0,1
M038672_Rwanda,0,0
M038672_Kenya,0,0
M038673_Paraguay,2,2
M038673_Honduras,2,2
M038674_Niger,2,1
M038674_Gabon,1,2
M038675_Malaysia,0,0
M038675_Hong Kong,0,0
M038676_Guinea,2,1
M038676_Chad,1,2
M038677_Ecuador,4,0
M038677_Panama,0,4
M038678_Colombia,1,0
M038678_Costa Rica,0,1
M038679_Argentina,5,0
M038679_Bolivia,0,5
M038680_Andorra,0,1
M038680_Equatorial Guinea,1,0
M038681_Uruguay,5,1
M038681_Guatemala,1,5
M038682_Burkina Faso,2,3
M038682_Cameroon,3,2
M038683_Singapore,5,1
M038683_Brunei,1,5
W005716_New Zealand,0,1
W005716_Netherlands,1,0
W005717_Canada,1,0
W005717_China PR,0,1
M038684_Rwanda,2,0
M038684_Tanzania,0,2
M038685_Republic of Ireland,0,0
M038685_England,0,0
M038686_France,3,4
M038686_Belgium,4,3
M038687_Ethiopia,0,1
M038687_Zambia,1,0
M038688_Croatia,4,0
M038688_Gibraltar,0,4
M038689_Brazil,2,0
M038689_Mexico,0,2
M038690_Kenya,2,0
M038690_South Sudan,0,2
M038691_Russia,4,2
M038691_Belarus,2,4
M038692_Serbia,4,1
M038692_Azerbaijan,1,4
M038693_Nicaragua,1,0
M038693_Suriname,0,1
W005718_Germany,10,0
W005718_Ivory Coast,0,10
W005719_Norway,4,0
W005719_Thailand,0,4
M038694_Ghana,1,0
M038694_Togo,0,1
M038695_Denmark,2,1
M038695_Montenegro,1,2
M038696_Egypt,2,1
M038696_Malawi,1,2
M038697_Turkey,4,0
M038697_Bulgaria,0,4
M038698_Malta,2,0
M038698_Lithuania,0,2
M038699_Norway,0,0
M038699_Sweden,0,0
W005720_Cameroon,6,0
W005720_Ecuador,0,6
W005721_Sweden,3,3
W005721_Nigeria,3,3
W005722_United States,3,1
W005722_Australia,1,3
W005723_Japan,1,0
W005723_Switzerland,0,1
M038700_DR Congo,1,1
M038700_Cameroon,1,1
M038701_Finland,0,2
M038701_Estonia,2,0
M038702_Georgia,1,2
M038702_Ukraine,2,1
M038703_Luxembourg,0,0
M038703_Moldova,0,0
M038704_Uganda,1,1
M038704_Gambia,1,1
W005724_Brazil,2,0
W005724_South Korea,0,2
W005725_Spain,1,1
W005725_Costa Rica,1,1
W005726_Colombia,1,1
W005726_Mexico,1,1
W005727_France,1,0
W005727_England,0,1
M038705_Germany,1,2
M038705_United States,2,1
M038706_Brazil,1,0
M038706_Honduras,0,1
M038707_Antigua and Barbuda,1,3
M038707_Saint Lucia,3,1
M038708_Switzerland,3,0
M038708_Liechtenstein,0,3
M038709_Curaçao,0,0
M038709_Cuba,0,0
M038710_Saint Vincent and the Grenadines,2,2
M038710_Guyana,2,2
M038711_Aruba,0,2
M038711_Barbados,2,0
M038712_Dominica,0,2
M038712_Canada,2,0
M038713_Yemen,0,3
M038713_North Korea,3,0
M038714_Uzbekistan,0,1
M038714_Iran,1,0
M038715_Tajikistan,1,3
M038715_Jordan,3,1
M038716_Spain,2,1
M038716_Costa Rica,1,2
M038717_Saudi Arabia,3,2
M038717_Palestine,2,3
M038718_Philippines,2,1
M038718_Bahrain,1,2
M038719_Saint Kitts and Nevis,2,2
M038719_El Salvador,2,2
M038720_Malaysia,3,0
M038720_Timor-Leste,0,3
M038721_Cambodia,0,4
M038721_Singapore,4,0
M038722_South Korea,3,0
M038722_United Arab Emirates,0,3
M038723_Japan,4,0
M038723_Iraq,0,4
M038724_Bangladesh,1,3
M038724_Kyrgyzstan,3,1
M038725_India,1,2
M038725_Oman,2,1
M038726_Hong Kong,7,0
M038726_Bhutan,0,7
M038727_Guam,1,0
M038727_Turkmenistan,0,1
M038728_Dominican Republic,1,2
M038728_Belize,2,1
M038729_Afghanistan,0,6
M038729_Syria,6,0
M038730_Chile,2,0
M038730_Ecuador,0,2
M038731_Lebanon,0,1
M038731_Kuwait,1,0
M038732_Laos,2,2
M038732_Myanmar,2,2
M038733_Maldives,0,1
M038733_Qatar,1,0
W005728_China PR,1,0
W005728_Netherlands,0,1
W005729_Canada,0,0
W005729_New Zealand,0,0
W005730_Germany,1,1
W005730_Norway,1,1
W005731_Ivory Coast,2,3
W005731_Thailand,3,2
M038734_Tunisia,8,1
M038734_Djibouti,1,8
M038735_Andorra,1,3
M038735_Cyprus,3,1
M038736_Croatia,1,1
M038736_Italy,1,1
M038737_Guinea,1,2
M038737_Eswatini,2,1
M038738_Bosnia and Herzegovina,3,1
M038738_Israel,1,3
M038739_Kazakhstan,0,1
M038739_Turkey,1,0
M038740_Guatemala,0,0
M038740_Bermuda,0,0
M038741_Puerto Rico,1,0
M038741_Grenada,0,1
M038742_Wales,1,0
M038742_Belgium,0,1
M038743_Norway,0,0
M038743_Azerbaijan,0,0
M038744_Iceland,2,1
M038744_Czech Republic,1,2
M038745_Mexico,0,0
M038745_Bolivia,0,0
M038746_Morocco,1,0
M038746_Libya,0,1
M038747_Latvia,0,2
M038747_Netherlands,2,0
M038748_Malta,0,1
M038748_Bulgaria,1,0
W005732_Switzerland,10,1
W005732_Ecuador,1,10
W005733_Japan,2,1
W005733_Cameroon,1,2
W005734_Australia,2,0
W005734_Nigeria,0,2
W005735_United States,0,0
W005735_Sweden,0,0
M038749_Uruguay,1,0
M038749_Jamaica,0,1
M038750_Zambia,0,0
M038750_Guinea-Bissau,0,0
M038751_Uganda,2,0
M038751_Botswana,0,2
M038752_Albania,1,0
M038752_France,0,1
M038753_Senegal,3,1
M038753_Burundi,1,3
M038754_Angola,4,0
M038754_Central African Republic,0,4
M038755_Argentina,2,2
M038755_Paraguay,2,2
M038756_Algeria,4,0
M038756_Seychelles,0,4
M038757_Burkina Faso,2,0
M038757_Comoros,0,2
M038758_Cape Verde,7,1
M038758_São Tomé and Príncipe,1,7
M038759_Denmark,2,0
M038759_Serbia,0,2
M038760_Faroe Islands,2,1
M038760_Greece,1,2
M038761_Finland,0,1
M038761_Hungary,1,0
M038762_Armenia,2,3
M038762_Portugal,3,2
M038763_Republic of Ireland,1,1
M038763_Scotland,1,1
M038764_Gibraltar,0,7
M038764_Germany,7,0
M038765_Poland,4,0
M038765_Georgia,0,4
M038766_Northern Ireland,0,0
M038766_Romania,0,0
M038767_South Africa,0,0
M038767_Gambia,0,0
M038768_Mali,2,0
M038768_South Sudan,0,2
M038769_Malawi,1,2
M038769_Zimbabwe,2,1
W005736_Brazil,1,0
W005736_Spain,0,1
W005737_South Korea,2,2
W005737_Costa Rica,2,2
W005738_France,0,2
W005738_Colombia,2,0
W005739_England,2,1
W005739_Mexico,1,2
M038770_Ethiopia,2,1
M038770_Lesotho,1,2
M038771_Lithuania,1,2
M038771_Switzerland,2,1
M038772_Guyana,4,4
M038772_Saint Vincent and the Grenadines,4,4
M038773_Ukraine,3,0
M038773_Luxembourg,0,3
M038774_Togo,2,1
M038774_Liberia,1,2
M038775_Sweden,3,1
M038775_Montenegro,1,3
M038776_Sudan,1,0
M038776_Sierra Leone,0,1
M038777_Slovenia,2,3
M038777_England,3,2
M038778_Slovakia,2,1
M038778_North Macedonia,1,2
M038779_Russia,0,1
M038779_Austria,1,0
M038780_Niger,1,0
M038780_Namibia,0,1
M038781_Antigua and Barbuda,4,1
M038781_Saint Lucia,1,4
M038782_Belize,3,0
M038782_Dominican Republic,0,3
M038783_Gabon,0,0
M038783_Ivory Coast,0,0
M038784_Liechtenstein,1,1
M038784_Moldova,1,1
M038785_Estonia,2,0
M038785_San Marino,0,2
M038786_Equatorial Guinea,1,1
M038786_Benin,1,1
M038787_Egypt,3,0
M038787_Tanzania,0,3
M038788_Cuba,1,1
M038788_Curaçao,1,1
M038789_DR Congo,2,1
M038789_Madagascar,1,2
M038790_Congo,1,1
M038790_Kenya,1,1
M038791_Colombia,0,1
M038791_Venezuela,1,0
M038792_Ghana,7,1
M038792_Mauritius,1,7
M038793_Mozambique,0,1
M038793_Rwanda,1,0
M038794_Barbados,0,3
M038794_Aruba,3,0
M038795_Belarus,0,1
M038795_Spain,1,0
M038796_Brazil,2,1
M038796_Peru,1,2
M038797_Cameroon,1,0
M038797_Mauritania,0,1
M038798_Chile,3,3
M038798_Mexico,3,3
M038799_Ecuador,2,3
M038799_Bolivia,3,2
M038800_Bermuda,0,1
M038800_Guatemala,1,0
W005740_Ivory Coast,1,3
W005740_Norway,3,1
W005741_Thailand,0,4
W005741_Germany,4,0
W005742_Canada,1,1
W005742_Netherlands,1,1
W005743_China PR,2,2
W005743_New Zealand,2,2
M038801_Canada,4,0
M038801_Dominica,0,4
M038802_El Salvador,4,1
M038802_Saint Kitts and Nevis,1,4
M038803_Bhutan,0,6
M038803_China PR,6,0
M038804_Yemen,0,2
M038804_Philippines,2,0
M038805_Taiwan,0,2
M038805_Thailand,2,0
M038806_Turkmenistan,1,1
M038806_Iran,1,1
M038807_Suriname,1,3
M038807_Nicaragua,3,1
M038808_South Africa,2,1
M038808_Angola,1,2
M038809_Myanmar,0,2
M038809_South Korea,2,0
M038810_Cambodia,0,1
M038810_Afghanistan,1,0
M038811_Timor-Leste,0,3
M038811_United Arab Emirates,3,0
M038812_Grenada,2,0
M038812_Puerto Rico,0,2
M038813_Guam,2,1
M038813_India,1,2
M038814_Hong Kong,2,0
M038814_Maldives,0,2
M038815_Bangladesh,1,1
M038815_Tajikistan,1,1
M038816_Italy,0,1
M038816_Portugal,1,0
M038817_Jordan,3,0
M038817_Trinidad and Tobago,0,3
M038818_Kyrgyzstan,1,2
M038818_Australia,2,1
M038819_Argentina,1,0
M038819_Uruguay,0,1
M038820_Malaysia,0,6
M038820_Palestine,6,0
M038821_Paraguay,1,0
M038821_Jamaica,0,1
M038822_Poland,0,0
M038822_Greece,0,0
M038823_Japan,0,0
M038823_Singapore,0,0
M038824_Laos,0,2
M038824_Lebanon,2,0
M038825_North Korea,4,2
M038825_Uzbekistan,2,4
W005744_Switzerland,1,2
W005744_Cameroon,2,1
W005745_Nigeria,0,1
W005745_United States,1,0
W005746_Australia,1,1
W005746_Sweden,1,1
W005747_Ecuador,0,1
W005747_Japan,1,0
M038826_Padania,3,2
M038826_Romani people,2,3
M038827_Székely Land,2,3
M038827_County of Nice,3,2
M038828_Brazil,0,1
M038828_Colombia,1,0
W005748_England,2,1
W005748_Colombia,1,2
W005749_South Korea,2,1
W005749_Spain,1,2
W005750_Mexico,0,5
W005750_France,5,0
W005751_Costa Rica,0,1
W005751_Brazil,1,0
M038829_Romani people,1,3
M038829_Ellan Vannin,3,1
M038830_Székely Land,1,3
M038830_Felvidék,3,1
M038831_Peru,1,0
M038831_Venezuela,0,1
M038832_Felvidék,1,4
M038832_County of Nice,4,1
M038833_Székely Land,2,4
M038833_Romani people,4,2
M038834_Padania,1,0
M038834_Ellan Vannin,0,1
M038835_Mexico,1,2
M038835_Ecuador,2,1
M038836_Chile,5,0
M038836_Bolivia,0,5
M038837_Padania,5,0
M038837_Felvidék,0,5
M038838_County of Nice,3,1
M038838_Ellan Vannin,1,3
M038839_Uruguay,1,1
M038839_Paraguay,1,1
M038840_Argentina,1,0
M038840_Jamaica,0,1
W005752_Germany,4,1
W005752_Sweden,1,4
W005753_China PR,1,0
W005753_Cameroon,0,1
M038841_Colombia,0,0
M038841_Peru,0,0
M038842_Brazil,2,1
M038842_Venezuela,1,2
M038843_County of Nice,1,4
M038843_Padania,4,1
M038844_Ellan Vannin,1,1
M038844_Felvidék,1,1
W005754_France,3,0
W005754_South Korea,0,3
W005755_Canada,1,0
W005755_Switzerland,0,1
W005756_Brazil,0,1
W005756_Australia,1,0
W005757_United States,2,0
W005757_Colombia,0,2
W005758_Norway,1,2
W005758_England,2,1
W005759_Japan,2,1
W005759_Netherlands,1,2
M038845_Chile,1,0
M038845_Uruguay,0,1
M038846_Bolivia,1,3
M038846_Peru,3,1
M038847_Argentina,0,0
M038847_Colombia,0,0
W005760_China PR,0,1
W005760_United States,1,0
W005761_Germany,1,1
W005761_France,1,1
M038848_Brazil,1,1
M038848_Paraguay,1,1
M038849_Mexico,2,2
M038849_Costa Rica,2,2
W005762_Australia,0,1
W005762_Japan,1,0
W005763_Canada,1,2
W005763_England,2,1
M038850_Greenland,2,2
M038850_Menorca,2,2
M038851_Jersey,6,0
M038851_Alderney,0,6
M038852_Western Isles,0,9
M038852_Isle of Man,9,0
M038853_Shetland,0,0
M038853_Isle of Wight,0,0
M038854_Falkland Islands,2,1
M038854_Hitra,1,2
M038855_Ynys Môn,2,5
M038855_Guernsey,5,2
M038856_Gibraltar,2,1
M038856_Gotland,1,2
M038857_Saare County,1,2
M038857_Åland Islands,2,1
W005764_Guernsey,0,2
W005764_Isle of Wight,2,0
W005765_Ynys Môn,2,5
W005765_Åland,5,2
W005766_Gibraltar,0,3
W005766_Gotland,3,0
W005767_Jersey,3,2
W005767_Greenland,2,3
W005768_Western Isles,2,3
W005768_Isle of Man,3,2
M038858_Menorca,3,0
M038858_Saare County,0,3
M038859_Isle of Man,7,0
M038859_Alderney,0,7
M038860_Chile,2,1
M038860_Peru,1,2
M038861_Hitra,1,4
M038861_Shetland,4,1
M038862_Isle of Wight,3,0
M038862_Falkland Islands,0,3
M038863_Gibraltar,1,1
M038863_Ynys Môn,1,1
M038864_Guernsey,3,0
M038864_Gotland,0,3
M038865_Åland Islands,0,2
M038865_Greenland,2,0
M038866_Jersey,3,0
M038866_Western Isles,0,3
W005769_Isle of Wight,7,0
W005769_Ynys Môn,0,7
W005770_Åland,8,0
W005770_Guernsey,0,8
W005771_Isle of Man,6,1
W005771_Gibraltar,1,6
W005772_Gotland,7,0
W005772_Western Isles,0,7
W005773_Greenland,1,6
W005773_Hitra,6,1
M038867_Greenland,2,1
M038867_Saare County,1,2
M038868_Gotland,2,3
M038868_Ynys Môn,3,2
M038869_Argentina,6,1
M038869_Paraguay,1,6
M038870_Isle of Wight,3,1
M038870_Hitra,1,3
M038871_Falkland Islands,0,5
M038871_Shetland,5,0
M038872_Jersey,1,2
M038872_Isle of Man,2,1
M038873_Alderney,2,3
M038873_Western Isles,3,2
M038874_Åland Islands,1,3
M038874_Menorca,3,1
M038875_Gibraltar,0,4
M038875_Guernsey,4,0
W005774_United States,2,0
W005774_Germany,0,2
M038876_Honduras,0,0
M038876_Mexico,0,0
W005775_Isle of Man,1,0
W005775_Gotland,0,1
W005776_Jersey,2,1
W005776_Hitra,1,2
W005777_Guernsey,3,2
W005777_Ynys Môn,2,3
W005778_Gibraltar,0,5
W005778_Western Isles,5,0
W005779_Japan,2,1
W005779_England,1,2
W005780_Åland,3,2
W005780_Isle of Wight,2,3
M038877_Gibraltar,0,0
M038877_Åland Islands,0,0
M038878_Hitra,5,1
M038878_Alderney,1,5
M038879_Gotland,2,3
M038879_Saare County,3,2
M038880_Falkland Islands,1,2
M038880_Western Isles,2,1
M038881_Jersey,1,0
M038881_Ynys Môn,0,1
M038882_Isle of Wight,1,2
M038882_Greenland,2,1
M038883_Menorca,1,2
M038883_Guernsey,2,1
M038884_Shetland,1,3
M038884_Isle of Man,3,1
W005781_Åland,2,1
W005781_Isle of Man,1,2
W005782_Isle of Wight,2,1
W005782_Hitra,1,2
W005783_Guernsey,2,4
W005783_Western Isles,4,2
W005784_Greenland,4,0
W005784_Ynys Môn,0,4
W005785_Jersey,3,1
W005785_Gotland,1,3
M038885_Guernsey,3,0
M038885_Isle of Man,0,3
M038886_Peru,2,0
M038886_Paraguay,0,2
M038887_Menorca,1,0
M038887_Shetland,0,1
W005786_Isle of Man,0,2
W005786_Gotland,2,0
W005787_Jersey,1,0
W005787_Åland,0,1
M038888_Chile,0,0
M038888_Argentina,0,0
W005788_Germany,0,1
W005788_England,1,0
W005789_United States,5,2
W005789_Japan,2,5
M038889_Malawi,1,0
M038889_Uganda,0,1
W005790_Fiji,1,5
W005790_Papua New Guinea,5,1
W005791_Tonga,0,1
W005791_Samoa,1,0
W005792_New Caledonia,8,1
W005792_Solomon Islands,1,8
M038890_Panama,1,1
M038890_Haiti,1,1
M038891_United States,2,1
M038891_Honduras,1,2
M038892_El Salvador,0,0
M038892_Canada,0,0
M038893_Costa Rica,2,2
M038893_Jamaica,2,2
W005793_New Caledonia,2,2
W005793_Samoa,2,2
W005794_Solomon Islands,0,2
W005794_Tonga,2,0
W005795_Fiji,1,1
W005795_Cook Islands,1,1
M038894_Mexico,6,0
M038894_Cuba,0,6
M038895_Trinidad and Tobago,3,1
M038895_Guatemala,1,3
M038896_Luhansk PR,3,1
M038896_Donetsk PR,1,3
M038897_Honduras,1,1
M038897_Panama,1,1
M038898_United States,1,0
M038898_Haiti,0,1
M038899_Jamaica,1,0
M038899_Canada,0,1
M038900_Costa Rica,1,1
M038900_El Salvador,1,1
W005796_Mexico,0,1
W005796_Colombia,1,0
W005797_New Caledonia,6,0
W005797_Tonga,0,6
W005798_Costa Rica,0,3
W005798_Brazil,3,0
W005799_Canada,5,2
W005799_Ecuador,2,5
W005800_Argentina,2,2
W005800_Trinidad and Tobago,2,2
W005801_Samoa,2,1
W005801_Solomon Islands,1,2
W005802_Papua New Guinea,2,0
W005802_Cook Islands,0,2
M038901_Trinidad and Tobago,2,0
M038901_Cuba,0,2
M038902_Guatemala,0,0
M038902_Mexico,0,0
M038903_United States,1,1
M038903_Panama,1,1
M038904_Honduras,0,1
M038904_Haiti,1,0
W005803_Papua New Guinea,3,0
W005803_Samoa,0,3
W005804_New Caledonia,5,1
W005804_Cook Islands,1,5
M038905_Jamaica,1,0
M038905_El Salvador,0,1
M038906_Canada,0,0
M038906_Costa Rica,0,0
W005805_Argentina,1,3
W005805_Mexico,3,1
W005806_Colombia,1,1
W005806_Trinidad and Tobago,1,1
M038907_Guatemala,0,1
M038907_Cuba,1,0
M038908_Trinidad and Tobago,4,4
M038908_Mexico,4,4
W005807_Canada,0,2
W005807_Costa Rica,2,0
W005808_Brazil,7,1
W005808_Ecuador,1,7
W005809_New Caledonia,0,1
W005809_Papua New Guinea,1,0
W005810_Cook Islands,2,0
W005810_Samoa,0,2
M038909_United States,6,0
M038909_Cuba,0,6
M038910_Haiti,0,1
M038910_Jamaica,1,0
W005811_Trinidad and Tobago,1,3
W005811_Mexico,3,1
W005812_Argentina,0,2
W005812_Colombia,2,0
W005813_Nigeria,1,1
W005813_Equatorial Guinea,1,1
W005814_Cameroon,1,1
W005814_Ghana,1,1
W005815_South Africa,1,0
W005815_Kenya,0,1
M038911_Trinidad and Tobago,1,1
M038911_Panama,1,1
M038912_Mexico,1,0
M038912_Costa Rica,0,1
W005816_Ecuador,2,0
W005816_Costa Rica,0,2
W005817_Canada,0,2
W005817_Brazil,2,0
W005818_Ivory Coast,3,0
W005818_Zimbabwe,0,3
M038913_Panama,1,2
M038913_Mexico,2,1
M038914_United States,1,2
M038914_Jamaica,2,1
W005819_Brazil,4,2
W005819_Mexico,2,4
W005820_Canada,0,1
W005820_Colombia,1,0
W005821_Canada,1,2
W005821_Mexico,2,1
M038915_United States,1,1
M038915_Panama,1,1
W005822_Brazil,4,0
W005822_Colombia,0,4
M038916_Jamaica,1,3
M038916_Mexico,3,1
M038917_Seychelles,3,0
M038917_Madagascar,0,3
M038918_Réunion,1,0
M038918_Mauritius,0,1
M038919_Maldives,1,3
M038919_Mayotte,3,1
W005823_Madagascar,5,0
W005823_Mauritius,0,5
W005824_Maldives,1,1
W005824_Mayotte,1,1
W005825_North Korea,4,2
W005825_Japan,2,4
W005826_China PR,0,1
W005826_South Korea,1,0
W005827_Ghana,2,2
W005827_Cameroon,2,2
M038920_Comoros,0,3
M038920_Mauritius,3,0
M038921_China PR,0,2
M038921_South Korea,2,0
M038922_North Korea,2,1
M038922_Japan,1,2
M038923_Mayotte,1,1
M038923_Madagascar,1,1
M038924_Seychelles,1,2
M038924_Maldives,2,1
W005828_Equatorial Guinea,2,1
W005828_Nigeria,1,2
W005829_Kenya,0,1
W005829_South Africa,1,0
W005830_Seychelles,4,1
W005830_Maldives,1,4
W005831_Réunion,2,2
W005831_Madagascar,2,2
M038925_Réunion,3,0
M038925_Comoros,0,3
M038926_Seychelles,0,1
M038926_Mayotte,1,0
M038927_Maldives,0,4
M038927_Madagascar,4,0
W005832_Réunion,3,1
W005832_Mauritius,1,3
W005833_Seychelles,1,2
W005833_Mayotte,2,1
W005834_Japan,1,2
W005834_South Korea,2,1
W005835_China PR,2,3
W005835_North Korea,3,2
M038928_China PR,2,0
M038928_North Korea,0,2
M038929_Japan,1,1
M038929_South Korea,1,1
M038930_Mayotte,2,1
M038930_Mauritius,1,2
M038931_Réunion,1,0
M038931_Madagascar,0,1
W005836_Madagascar,8,2
W005836_Seychelles,2,8
W005837_Réunion,3,1
W005837_Mayotte,1,3
M038932_Mauritius,3,1
M038932_Madagascar,1,3
W005838_Mayotte,2,1
W005838_Seychelles,1,2
M038933_Donetsk PR,4,1
M038933_Luhansk PR,1,4
M038934_Réunion,3,1
M038934_Mayotte,1,3
W005839_Réunion,3,1
W005839_Madagascar,1,3
W005840_China PR,0,2
W005840_Japan,2,0
W005841_South Korea,0,2
W005841_North Korea,2,0
M038935_South Korea,0,0
M038935_North Korea,0,0
M038936_China PR,1,1
M038936_Japan,1,1
W005842_United States,8,0
W005842_Costa Rica,0,8
M038937_Fiji,5,0
M038937_Tonga,0,5
M038938_Cambodia,2,0
M038938_Bhutan,0,2
W005843_United States,7,2
W005843_Costa Rica,2,7
W005844_Saint Kitts and Nevis,0,8
W005844_Guyana,8,0
W005845_Aruba,0,14
W005845_Haiti,14,0
W005846_Puerto Rico,12,0
W005846_Grenada,0,12
W005847_Dominican Republic,11,0
W005847_Dominica,0,11
W005848_Puerto Rico,9,0
W005848_Aruba,0,9
W005849_Guyana,1,1
W005849_Cuba,1,1
W005850_Dominican Republic,0,6
W005850_Jamaica,6,0
W005851_Haiti,13,0
W005851_Grenada,0,13
W005852_Saint Kitts and Nevis,0,6
W005852_Cuba,6,0
W005853_Grenada,2,0
W005853_Aruba,0,2
W005854_Dominica,0,12
W005854_Jamaica,12,0
W005855_Puerto Rico,3,2
W005855_Haiti,2,3
M038939_Lebanon,2,3
M038939_Iraq,3,2
M038940_Fiji,6,0
M038940_American Samoa,0,6
M038941_Oman,1,0
M038941_Yemen,0,1
M038942_Qatar,4,0
M038942_Singapore,0,4
M038943_Rwanda,3,1
M038943_Ethiopia,1,3
M038944_Tanzania,1,2
M038944_Libya,2,1
M038945_United Arab Emirates,1,0
M038945_Myanmar,0,1
W005856_Estonia,1,0
W005856_Latvia,0,1
M038946_Laos,2,1
M038946_Cambodia,1,2
M038947_Malaysia,0,0
M038947_Bangladesh,0,0
W005857_Lithuania,3,0
W005857_Latvia,0,3
M038948_Niger,0,0
M038948_Burkina Faso,0,0
W005858_Estonia,1,1
W005858_Lithuania,1,1
M038949_Lebanon,0,0
M038949_Palestine,0,0
M038950_India,0,0
M038950_Nepal,0,0
M038951_Samoa,3,2
M038951_American Samoa,2,3
M038952_Tonga,0,3
M038952_Cook Islands,3,0
M038953_Congo,2,3
M038953_Ghana,3,2
M038954_Cook Islands,1,0
M038954_Samoa,0,1
M038955_Tonga,1,2
M038955_American Samoa,2,1
M038956_Israel,4,0
M038956_Andorra,0,4
M038957_Oman,3,1
M038957_Turkmenistan,1,3
M038958_Australia,5,0
M038958_Bangladesh,0,5
M038959_Azerbaijan,0,0
M038959_Croatia,0,0
M038960_Bahrain,0,1
M038960_North Korea,1,0
M038961_Belgium,3,1
M038961_Bosnia and Herzegovina,1,3
M038962_Bulgaria,0,1
M038962_Norway,1,0
M038963_China PR,0,0
M038963_Hong Kong,0,0
M038964_Cyprus,0,1
M038964_Wales,1,0
M038965_Czech Republic,2,1
M038965_Kazakhstan,1,2
M038966_Iraq,5,1
M038966_Taiwan,1,5
M038967_Italy,1,0
M038967_Malta,0,1
M038968_Japan,3,0
M038968_Cambodia,0,3
M038969_Jordan,0,0
M038969_Kyrgyzstan,0,0
M038970_South Korea,8,0
M038970_Laos,0,8
M038971_Kuwait,9,0
M038971_Myanmar,0,9
M038972_Netherlands,0,1
M038972_Iceland,1,0
M038973_Philippines,2,0
M038973_Maldives,0,2
M038974_Iran,6,0
M038974_Guam,0,6
M038975_Turkey,1,1
M038975_Latvia,1,1
M038976_Thailand,2,0
M038976_Afghanistan,0,2
M038977_Syria,1,0
M038977_Singapore,0,1
M038978_Uzbekistan,1,0
M038978_Yemen,0,1
M038979_Saudi Arabia,7,0
M038979_Timor-Leste,0,7
M038980_Qatar,15,0
M038980_Bhutan,0,15
M038981_United Arab Emirates,10,0
M038981_Malaysia,0,10
M038982_United States,2,1
M038982_Peru,1,2
M038983_Saint Vincent and the Grenadines,2,0
M038983_Aruba,0,2
M038984_Jamaica,2,3
M038984_Nicaragua,3,2
M038985_Canada,3,0
M038985_Belize,0,3
M038986_Antigua and Barbuda,1,0
M038986_Guatemala,0,1
M038987_Venezuela,0,3
M038987_Honduras,3,0
M038988_Tonga,0,3
M038988_Samoa,3,0
M038989_Serbia,2,0
M038989_Armenia,0,2
M038990_Portugal,0,1
M038990_France,1,0
M038991_American Samoa,2,0
M038991_Cook Islands,0,2
M038992_Grenada,1,3
M038992_Haiti,3,1
M038993_Curaçao,0,1
M038993_El Salvador,1,0
M038994_Denmark,0,0
M038994_Albania,0,0
M038995_Djibouti,0,2
M038995_Togo,2,0
M038996_Faroe Islands,1,3
M038996_Northern Ireland,3,1
M038997_Hungary,0,0
M038997_Romania,0,0
M038998_Germany,3,1
M038998_Poland,1,3
M038999_Gibraltar,0,4
M038999_Republic of Ireland,4,0
M039000_Greece,0,1
M039000_Finland,1,0
M039001_Georgia,1,0
M039001_Scotland,0,1
M039002_Ukraine,3,1
M039002_Belarus,1,3
M039003_Namibia,0,2
M039003_Senegal,2,0
M039004_Switzerland,3,2
M039004_Slovenia,2,3
M039005_Spain,2,0
M039005_Slovakia,0,2
M039006_South Sudan,1,0
M039006_Equatorial Guinea,0,1
M039007_Seychelles,1,1
M039007_Ethiopia,1,1
M039008_São Tomé and Príncipe,0,3
M039008_Morocco,3,0
M039009_San Marino,0,6
M039009_England,6,0
M039010_Rwanda,0,1
M039010_Ghana,1,0
M039011_Russia,1,0
M039011_Sweden,0,1
M039012_Tanzania,0,0
M039012_Nigeria,0,0
M039013_Montenegro,2,0
M039013_Liechtenstein,0,2
M039014_Luxembourg,1,0
M039014_North Macedonia,0,1
M039015_Argentina,7,0
M039015_Bolivia,0,7
M039016_Mauritania,3,1
M039016_South Africa,1,3
M039017_Botswana,1,0
M039017_Burkina Faso,0,1
M039018_Burundi,2,0
M039018_Niger,0,2
M039019_Chile,3,2
M039019_Paraguay,2,3
M039020_Austria,1,0
M039020_Moldova,0,1
M039021_Costa Rica,0,1
M039021_Brazil,1,0
M039022_Gabon,4,0
M039022_Sudan,0,4
M039023_Guinea-Bissau,2,4
M039023_Congo,4,2
M039024_Liberia,1,0
M039024_Tunisia,0,1
M039025_Comoros,0,1
M039025_Uganda,1,0
M039026_Estonia,1,0
M039026_Lithuania,0,1
M039027_Malta,2,2
M039027_Azerbaijan,2,2
M039028_Wales,0,0
M039028_Israel,0,0
M039029_Turkey,3,0
M039029_Netherlands,0,3
M039030_Zimbabwe,1,1
M039030_Guinea,1,1
M039031_Eswatini,2,2
M039031_Malawi,2,2
M039032_Sierra Leone,0,0
M039032_Ivory Coast,0,0
M039033_Norway,2,0
M039033_Croatia,0,2
M039034_Mauritius,1,0
M039034_Mozambique,0,1
M039035_Lesotho,1,3
M039035_Algeria,3,1
M039036_Raetia,6,0
M039036_Franconia,0,6
M039037_Bosnia and Herzegovina,3,0
M039037_Andorra,0,3
M039038_Libya,1,2
M039038_Cape Verde,2,1
M039039_Central African Republic,2,0
M039039_DR Congo,0,2
M039040_Benin,1,1
M039040_Mali,1,1
M039041_Madagascar,0,0
M039041_Angola,0,0
M039042_Iceland,0,0
M039042_Kazakhstan,0,0
M039043_Cyprus,0,1
M039043_Belgium,1,0
M039044_Gambia,0,1
M039044_Cameroon,1,0
M039045_Kenya,1,2
M039045_Zambia,2,1
M039046_Latvia,1,2
M039046_Czech Republic,2,1
M039047_Italy,1,0
M039047_Bulgaria,0,1
W005859_Congo,1,5
W005859_Nigeria,5,1
W005860_Tanzania,0,1
W005860_Ivory Coast,1,0
M039048_Finland,1,0
M039048_Faroe Islands,0,1
M039049_Myanmar,1,1
M039049_New Zealand,1,1
M039050_Armenia,0,0
M039050_Denmark,0,0
M039051_Albania,0,1
M039051_Portugal,1,0
M039052_Poland,8,1
M039052_Gibraltar,1,8
M039053_Northern Ireland,1,1
M039053_Hungary,1,1
M039054_Republic of Ireland,1,0
M039054_Georgia,0,1
M039055_France,2,1
M039055_Serbia,1,2
M039056_Romania,0,0
M039056_Greece,0,0
M039057_Scotland,2,3
M039057_Germany,3,2
W005861_Cameroon,1,1
W005861_South Africa,1,1
M039058_Yemen,0,4
M039058_Bahrain,4,0
M039059_South Africa,1,0
M039059_Senegal,0,1
M039060_Sweden,1,4
M039060_Austria,4,1
M039061_Tajikistan,0,3
M039061_Australia,3,0
M039062_Thailand,2,2
M039062_Iraq,2,2
M039063_Venezuela,1,1
M039063_Panama,1,1
M039064_Taiwan,1,2
M039064_Vietnam,2,1
M039065_Aruba,2,1
M039065_Saint Vincent and the Grenadines,1,2
M039066_Belize,1,1
M039066_Canada,1,1
M039067_Guatemala,2,0
M039067_Antigua and Barbuda,0,2
M039068_Haiti,3,0
M039068_Grenada,0,3
M039069_Nicaragua,0,2
M039069_Jamaica,2,0
M039070_Slovenia,1,0
M039070_Estonia,0,1
M039071_Colombia,1,1
M039071_Peru,1,1
M039072_Zambia,1,1
M039072_Gabon,1,1
M039073_Slovakia,0,0
M039073_Ukraine,0,0
M039074_Lithuania,2,1
M039074_San Marino,1,2
M039075_Palestine,0,0
M039075_United Arab Emirates,0,0
M039076_United States,1,4
M039076_Brazil,4,1
M039077_Afghanistan,0,6
M039077_Japan,6,0
M039078_Bangladesh,0,4
M039078_Jordan,4,0
M039079_Belarus,2,0
M039079_Luxembourg,0,2
M039080_Cambodia,0,6
M039080_Syria,6,0
M039081_China PR,3,0
M039081_Maldives,0,3
M039082_Ecuador,2,0
M039082_Honduras,0,2
M039083_El Salvador,1,0
M039083_Curaçao,0,1
M039084_Philippines,1,5
M039084_Uzbekistan,5,1
M039085_England,2,0
M039085_Switzerland,0,2
M039086_Hong Kong,2,3
M039086_Qatar,3,2
M039087_Laos,0,2
M039087_Kuwait,2,0
M039088_Lebanon,0,3
M039088_South Korea,3,0
M039089_Liechtenstein,0,7
M039089_Russia,7,0
M039090_Malaysia,0,3
M039090_Saudi Arabia,3,0
M039091_Mexico,2,2
M039091_Argentina,2,2
M039092_Moldova,0,2
M039092_Montenegro,2,0
M039093_Nigeria,2,0
M039093_Niger,0,2
M039094_Guam,0,0
M039094_Oman,0,0
M039095_India,0,3
M039095_Iran,3,0
M039096_North Macedonia,0,1
M039096_Spain,1,0
W005862_Nigeria,3,0
W005862_Tanzania,0,3
W005863_Congo,0,1
W005863_Ivory Coast,1,0
W005864_South Africa,0,0
W005864_Ghana,0,0
M039097_Rwanda,0,1
M039097_Gabon,1,0
W005865_Congo,1,1
W005865_Tanzania,1,1
W005866_Nigeria,1,2
W005866_Ivory Coast,2,1
W005867_Cameroon,1,1
W005867_Ghana,1,1
W005868_Taiwan,1,0
W005868_Vietnam,0,1
W005869_Myanmar,2,0
W005869_Jordan,0,2
W005870_Ivory Coast,0,1
W005870_Ghana,1,0
W005871_Cameroon,2,1
W005871_Nigeria,1,2
W005872_Jordan,0,3
W005872_Taiwan,3,0
W005873_Myanmar,1,2
W005873_Thailand,2,1
W005874_Kazakhstan,0,2
W005874_Austria,2,0
W005875_Finland,1,0
W005875_Montenegro,0,1
W005876_Moldova,0,3
W005876_Sweden,3,0
W005877_Turkey,1,4
W005877_Croatia,4,1
W005878_Estonia,0,1
W005878_Serbia,1,0
W005879_Ivory Coast,2,1
W005879_Nigeria,1,2
W005880_United States,5,0
W005880_Haiti,0,5
W005881_Germany,12,0
W005881_Hungary,0,12
W005882_Italy,6,1
W005882_Georgia,1,6
W005883_Ghana,1,0
W005883_Cameroon,0,1
W005884_Thailand,1,0
W005884_Jordan,0,1
W005885_Myanmar,2,4
W005885_Vietnam,4,2
W005886_Taiwan,0,0
W005886_Thailand,0,0
W005887_United States,8,0
W005887_Haiti,0,8
W005888_Vietnam,2,1
W005888_Jordan,1,2
W005889_Estonia,0,8
W005889_England,8,0
W005890_Republic of Ireland,0,2
W005890_Finland,2,0
W005891_Austria,3,0
W005891_Wales,0,3
W005892_Thailand,0,2
W005892_Vietnam,2,0
W005893_Slovenia,0,3
W005893_Scotland,3,0
W005894_Iceland,2,0
W005894_Belarus,0,2
W005895_France,3,0
W005895_Romania,0,3
W005896_Belgium,6,0
W005896_Bosnia and Herzegovina,0,6
W005897_Croatia,0,1
W005897_Germany,1,0
W005898_Georgia,0,3
W005898_Czech Republic,3,0
W005899_Kazakhstan,0,4
W005899_Norway,4,0
W005900_Myanmar,3,1
W005900_Taiwan,1,3
W005901_Sweden,3,0
W005901_Poland,0,3
M039098_Botswana,2,3
M039098_Ethiopia,3,2
W005902_Guatemala,1,2
W005902_Costa Rica,2,1
W005903_Nicaragua,0,1
W005903_El Salvador,1,0
M039099_Oman,2,1
M039099_Syria,1,2
W005904_Nicaragua,1,2
W005904_Guatemala,2,1
W005905_Costa Rica,3,0
W005905_El Salvador,0,3
M039100_Jordan,3,0
M039100_Iraq,0,3
W005906_South Africa,0,0
W005906_Equatorial Guinea,0,0
W005907_Cameroon,2,1
W005907_Zimbabwe,1,2
W005908_Nicaragua,0,5
W005908_Costa Rica,5,0
W005909_El Salvador,0,2
W005909_Guatemala,2,0
M039101_Tanzania,2,0
M039101_Malawi,0,2
M039102_South Sudan,1,1
M039102_Mauritania,1,1
M039103_Mauritius,2,5
M039103_Kenya,5,2
M039104_Comoros,0,0
M039104_Lesotho,0,0
M039105_Seychelles,0,1
M039105_Burundi,1,0
M039106_Qatar,1,0
M039106_China PR,0,1
M039107_Scotland,2,2
M039107_Poland,2,2
M039108_Singapore,1,0
M039108_Afghanistan,0,1
M039109_Syria,0,3
M039109_Japan,3,0
M039110_Turkmenistan,2,1
M039110_India,1,2
M039111_Venezuela,0,1
M039111_Paraguay,1,0
M039112_Saudi Arabia,2,1
M039112_United Arab Emirates,1,2
M039113_São Tomé and Príncipe,1,0
M039113_Ethiopia,0,1
M039114_Vietnam,1,1
M039114_Iraq,1,1
M039115_Romania,1,1
M039115_Finland,1,1
M039116_Portugal,1,0
M039116_Denmark,0,1
M039117_Liberia,1,1
M039117_Guinea-Bissau,1,1
M039118_Northern Ireland,3,1
M039118_Greece,1,3
M039119_Albania,0,2
M039119_Serbia,2,0
M039120_Argentina,0,2
M039120_Ecuador,2,0
M039121_Bahrain,0,4
M039121_Uzbekistan,4,0
M039122_Bolivia,0,2
M039122_Uruguay,2,0
M039123_Myanmar,0,2
M039123_Lebanon,2,0
M039124_Chile,2,0
M039124_Brazil,0,2
M039125_Colombia,2,0
M039125_Peru,0,2
M039126_France,4,0
M039126_Armenia,0,4
M039127_Georgia,4,0
M039127_Gibraltar,0,4
M039128_Hungary,2,1
M039128_Faroe Islands,1,2
M039129_Republic of Ireland,1,0
M039129_Germany,0,1
M039130_Jordan,2,0
M039130_Australia,0,2
M039131_North Korea,0,0
M039131_Philippines,0,0
M039132_Kuwait,0,1
M039132_South Korea,1,0
M039133_Kyrgyzstan,2,2
M039133_Tajikistan,2,2
M039134_Laos,1,3
M039134_Malaysia,3,1
M039135_Nigeria,0,2
M039135_DR Congo,2,0
M039136_Oman,1,1
M039136_Iran,1,1
M039137_Timor-Leste,0,3
M039137_Palestine,3,0
M039138_Bhutan,3,4
M039138_Maldives,4,3
M039139_Thailand,1,0
M039139_Hong Kong,0,1
M039140_Algeria,1,2
M039140_Guinea,2,1
M039141_Burkina Faso,1,4
M039141_Mali,4,1
M039142_Djibouti,0,6
M039142_Eswatini,6,0
M039143_England,2,0
M039143_Estonia,0,2
M039144_Gambia,1,1
M039144_Namibia,1,1
M039145_Liechtenstein,0,2
M039145_Sweden,2,0
M039146_North Macedonia,0,2
M039146_Ukraine,2,0
M039147_Moldova,1,2
M039147_Russia,2,1
M039148_Montenegro,2,3
M039148_Austria,3,2
M039149_Morocco,0,1
M039149_Ivory Coast,1,0
M039150_Slovakia,0,1
M039150_Belarus,1,0
M039151_Somalia,0,2
M039151_Niger,2,0
M039152_Slovenia,1,1
M039152_Lithuania,1,1
M039153_Switzerland,7,0
M039153_San Marino,0,7
M039154_Tunisia,3,3
M039154_Gabon,3,3
M039155_Spain,4,0
M039155_Luxembourg,0,4
M039156_United States,2,3
M039156_Mexico,3,2
M039157_Kosovo,2,0
M039157_Equatorial Guinea,0,2
M039158_Andorra,1,4
M039158_Belgium,4,1
M039159_Azerbaijan,1,3
M039159_Italy,3,1
M039160_Bosnia and Herzegovina,2,0
M039160_Wales,0,2
M039161_Chad,1,0
M039161_Sierra Leone,0,1
M039162_Croatia,3,0
M039162_Bulgaria,0,3
M039163_Czech Republic,0,2
M039163_Turkey,2,0
M039164_Eritrea,0,2
M039164_Botswana,2,0
M039165_Iceland,2,2
M039165_Latvia,2,2
M039166_Madagascar,3,0
M039166_Central African Republic,0,3
M039167_Norway,2,0
M039167_Malta,0,2
M039168_Israel,1,2
M039168_Cyprus,2,1
M039169_Kazakhstan,1,2
M039169_Netherlands,2,1
M039170_Faroe Islands,0,3
M039170_Romania,3,0
M039171_Serbia,1,2
M039171_Portugal,2,1
M039172_Poland,2,1
M039172_Republic of Ireland,1,2
M039173_Nigeria,3,0
M039173_Cameroon,0,3
M039174_Malawi,1,0
M039174_Tanzania,0,1
M039175_Greece,4,3
M039175_Hungary,3,4
M039176_Gibraltar,0,6
M039176_Scotland,6,0
M039177_Kenya,0,0
M039177_Mauritius,0,0
M039178_Finland,1,1
M039178_Northern Ireland,1,1
M039179_Ethiopia,3,0
M039179_São Tomé and Príncipe,0,3
M039180_Egypt,3,0
M039180_Zambia,0,3
M039181_Denmark,1,2
M039181_France,2,1
M039182_Armenia,0,3
M039182_Albania,3,0
M039183_Germany,2,1
M039183_Georgia,1,2
M039184_Gabon,1,2
M039184_DR Congo,2,1
M039185_Austria,3,0
M039185_Liechtenstein,0,3
M039186_Belarus,0,0
M039186_North Macedonia,0,0
M039187_Estonia,0,1
M039187_Switzerland,1,0
M039188_Lithuania,0,3
M039188_England,3,0
M039189_Luxembourg,2,4
M039189_Slovakia,4,2
M039190_Morocco,1,1
M039190_Guinea,1,1
M039191_Russia,2,0
M039191_Montenegro,0,2
M039192_San Marino,0,2
M039192_Slovenia,2,0
M039193_Sweden,2,0
M039193_Moldova,0,2
M039194_Ukraine,0,1
M039194_Spain,1,0
M039195_Madagascar,2,2
M039195_Central African Republic,2,2
M039196_Malta,0,1
M039196_Croatia,1,0
M039197_Mauritania,4,0
M039197_South Sudan,0,4
M039198_Namibia,2,1
M039198_Gambia,1,2
M039199_Netherlands,2,3
M039199_Czech Republic,3,2
M039200_Niger,4,0
M039200_Somalia,0,4
M039201_Oman,3,0
M039201_India,0,3
M039202_Paraguay,0,0
M039202_Argentina,0,0
M039203_Peru,3,4
M039203_Chile,4,3
M039204_Sierra Leone,2,1
M039204_Chad,1,2
M039205_Lesotho,1,1
M039205_Comoros,1,1
M039206_Singapore,2,1
M039206_Cambodia,1,2
M039207_Syria,5,2
M039207_Afghanistan,2,5
M039208_Turkey,1,0
M039208_Iceland,0,1
M039209_Turkmenistan,1,0
M039209_Guam,0,1
M039210_Uruguay,3,0
M039210_Colombia,0,3
M039211_Vietnam,0,3
M039211_Thailand,3,0
M039212_Wales,2,0
M039212_Andorra,0,2
M039213_Qatar,4,0
M039213_Maldives,0,4
M039214_Latvia,0,1
M039214_Kazakhstan,1,0
M039215_Kuwait,0,0
M039215_Lebanon,0,0
M039216_Guinea-Bissau,1,3
M039216_Liberia,3,1
M039217_Algeria,1,0
M039217_Senegal,0,1
M039218_Bahrain,2,0
M039218_Philippines,0,2
M039219_Belgium,3,1
M039219_Israel,1,3
M039220_Bhutan,0,1
M039220_Hong Kong,1,0
M039221_Botswana,3,1
M039221_Eritrea,1,3
M039222_Brazil,3,1
M039222_Venezuela,1,3
M039223_Bulgaria,2,0
M039223_Azerbaijan,0,2
M039224_Myanmar,3,1
M039224_Laos,1,3
M039225_Kyrgyzstan,2,0
M039225_Bangladesh,0,2
M039226_El Salvador,1,1
M039226_Guatemala,1,1
M039227_Congo,2,1
M039227_Benin,1,2
M039228_Cyprus,2,3
M039228_Bosnia and Herzegovina,3,2
M039229_Timor-Leste,0,3
M039229_Malaysia,3,0
M039230_Iran,1,1
M039230_Japan,1,1
M039231_Italy,2,1
M039231_Norway,1,2
M039232_Jordan,3,0
M039232_Tajikistan,0,3
M039233_North Korea,1,0
M039233_Yemen,0,1
M039234_South Korea,3,0
M039234_Jamaica,0,3
M039235_Burundi,2,0
M039235_Seychelles,0,2
M039236_Ecuador,2,0
M039236_Bolivia,0,2
M039237_Eswatini,2,1
M039237_Djibouti,1,2
W005910_Equatorial Guinea,0,1
W005910_South Africa,1,0
W005911_Zimbabwe,1,0
W005911_Cameroon,0,1
W005912_Slovenia,3,0
W005912_Belarus,0,3
W005913_Hungary,1,0
W005913_Turkey,0,1
W005914_United States,1,1
W005914_Brazil,1,1
W005915_Macedonia,0,4
W005915_Iceland,4,0
W005916_Albania,1,4
W005916_Greece,4,1
W005917_Ukraine,2,2
W005917_Romania,2,2
W005918_Poland,2,0
W005918_Slovakia,0,2
W005919_Denmark,4,0
W005919_Moldova,0,4
W005920_Germany,2,0
W005920_Russia,0,2
W005921_Israel,0,0
W005921_Kazakhstan,0,0
W005922_China PR,2,1
W005922_England,1,2
W005923_Scotland,7,0
W005923_Belarus,0,7
W005924_Bosnia and Herzegovina,4,0
W005924_Estonia,0,4
W005925_Norway,4,0
W005925_Wales,0,4
W005926_Italy,0,3
W005926_Switzerland,3,0
W005927_Georgia,0,3
W005927_Northern Ireland,3,0
W005928_United States,3,1
W005928_Brazil,1,3
W005929_Germany,7,0
W005929_Turkey,0,7
W005930_Croatia,1,1
W005930_Hungary,1,1
W005931_Israel,0,1
W005931_Austria,1,0
W005932_China PR,1,1
W005932_Australia,1,1
W005933_Slovenia,0,6
W005933_Iceland,6,0
W005934_Slovakia,4,0
W005934_Moldova,0,4
W005935_Macedonia,1,4
W005935_Scotland,4,1
W005936_Serbia,3,0
W005936_Estonia,0,3
W005937_Switzerland,4,0
W005937_Georgia,0,4
W005938_Czech Republic,0,3
W005938_Italy,3,0
W005939_Sweden,1,0
W005939_Denmark,0,1
W005940_Ukraine,0,3
W005940_France,3,0
W005941_Australia,0,1
W005941_England,1,0
W005942_Finland,1,2
W005942_Spain,2,1
W005943_Portugal,1,2
W005943_Republic of Ireland,2,1
W005944_Bosnia and Herzegovina,0,5
W005944_Belgium,5,0
W005945_Romania,3,0
W005945_Albania,0,3
M039238_Cambodia,6,1
M039238_Brunei,1,6
M039239_United Arab Emirates,5,1
M039239_Turkmenistan,1,5
M039240_DR Congo,3,0
M039240_Zambia,0,3
M039241_Angola,1,0
M039241_Namibia,0,1
M039242_Hong Kong,5,0
M039242_Myanmar,0,5
M039243_Namibia,0,0
M039243_Zambia,0,0
M039244_Vanuatu,1,1
M039244_Fiji,1,1
M039245_Angola,1,0
M039245_DR Congo,0,1
M039246_Palestine,0,0
M039246_Saudi Arabia,0,0
M039247_Vanuatu,2,1
M039247_Fiji,1,2
M039248_Estonia,3,0
M039248_Georgia,0,3
M039249_Jordan,2,0
M039249_Malta,0,2
M039250_Mozambique,1,0
M039250_Gabon,0,1
M039251_Sudan,0,1
M039251_Zambia,1,0
M039252_Morocco,2,0
M039252_Equatorial Guinea,0,2
M039253_Norway,0,1
M039253_Hungary,1,0
M039254_Oman,0,1
M039254_New Zealand,1,0
M039255_Palestine,6,0
M039255_Malaysia,0,6
M039256_Togo,0,1
M039256_Uganda,1,0
M039257_Singapore,0,3
M039257_Japan,3,0
M039258_Tajikistan,5,0
M039258_Bangladesh,0,5
M039259_Thailand,4,2
M039259_Taiwan,2,4
M039260_Maldives,0,1
M039260_Hong Kong,1,0
M039261_United Arab Emirates,8,0
M039261_Timor-Leste,0,8
M039262_Philippines,0,1
M039262_Yemen,1,0
M039263_North Macedonia,4,1
M039263_Montenegro,1,4
M039264_Ecuador,2,1
M039264_Uruguay,1,2
M039265_South Korea,4,0
M039265_Myanmar,0,4
M039266_Iran,3,1
M039266_Turkmenistan,1,3
M039267_India,1,0
M039267_Guam,0,1
M039268_China PR,12,0
M039268_Bhutan,0,12
M039269_Chile,1,1
M039269_Colombia,1,1
M039270_Burundi,2,3
M039270_DR Congo,3,2
M039271_Bolivia,4,2
M039271_Venezuela,2,4
M039272_Benin,2,1
M039272_Burkina Faso,1,2
M039273_Australia,3,0
M039273_Kyrgyzstan,0,3
M039274_Andorra,0,1
M039274_Saint Kitts and Nevis,1,0
M039275_Afghanistan,3,0
M039275_Cambodia,0,3
M039276_Lebanon,7,0
M039276_Laos,0,7
M039277_Uzbekistan,3,1
M039277_North Korea,1,3
M039278_Namibia,0,1
M039278_Guinea,1,0
M039279_Eswatini,0,0
M039279_Nigeria,0,0
M039280_Slovakia,3,2
M039280_Switzerland,2,3
M039281_Qatar,1,2
M039281_Turkey,2,1
M039282_Poland,4,2
M039282_Iceland,2,4
M039283_Peru,1,0
M039283_Paraguay,0,1
M039284_Northern Ireland,1,0
M039284_Latvia,0,1
M039285_Niger,0,3
M039285_Cameroon,3,0
M039286_Mauritania,1,2
M039286_Tunisia,2,1
M039287_Madagascar,2,2
M039287_Senegal,2,2
M039288_Luxembourg,1,0
M039288_Greece,0,1
M039289_Libya,1,0
M039289_Rwanda,0,1
M039290_Liberia,0,1
M039290_Ivory Coast,1,0
M039291_Kosovo,2,2
M039291_Albania,2,2
M039292_Angola,1,3
M039292_South Africa,3,1
M039293_Argentina,1,1
M039293_Brazil,1,1
M039294_Belgium,3,1
M039294_Italy,1,3
M039295_Bosnia and Herzegovina,1,1
M039295_Republic of Ireland,1,1
M039296_Comoros,0,0
M039296_Ghana,0,0
M039297_Costa Rica,1,0
M039297_Haiti,0,1
M039298_Czech Republic,4,1
M039298_Serbia,1,4
M039299_Spain,2,0
M039299_England,0,2
M039300_France,2,0
M039300_Germany,0,2
M039301_Kenya,1,0
M039301_Cape Verde,0,1
M039302_Canada,1,0
M039302_Honduras,0,1
M039303_Guatemala,1,2
M039303_Trinidad and Tobago,2,1
M039304_Jamaica,0,2
M039304_Panama,2,0
M039305_Mexico,3,0
M039305_El Salvador,0,3
M039306_United States,6,1
M039306_Saint Vincent and the Grenadines,1,6
M039307_Wales,2,3
M039307_Netherlands,3,2
W005946_Trinidad and Tobago,6,0
W005946_Saint Lucia,0,6
M039308_Ukraine,2,0
M039308_Slovenia,0,2
M039309_Tanzania,2,2
M039309_Algeria,2,2
M039310_Sweden,2,1
M039310_Denmark,1,2
M039311_Russia,1,0
M039311_Portugal,0,1
M039312_Gabon,1,0
M039312_Mozambique,0,1
M039313_Ethiopia,3,4
M039313_Congo,4,3
M039314_Chad,1,0
M039314_Egypt,0,1
M039315_Botswana,2,1
M039315_Mali,1,2
M039316_Hong Kong,2,0
M039316_Macau,0,2
M039317_DR Congo,3,0
M039317_Burundi,0,3
M039318_Guinea,2,0
M039318_Namibia,0,2
M039319_Hungary,2,1
M039319_Norway,1,2
M039320_Uganda,3,0
M039320_Togo,0,3
M039321_Zambia,2,0
M039321_Sudan,0,2
M039322_Equatorial Guinea,1,0
M039322_Morocco,0,1
W005947_Trinidad and Tobago,8,1
W005947_Saint Lucia,1,8
M039323_Republic of Ireland,2,0
M039323_Bosnia and Herzegovina,0,2
M039324_Albania,2,2
M039324_Georgia,2,2
M039325_England,2,0
M039325_France,0,2
M039326_North Korea,2,0
M039326_Bahrain,0,2
M039327_Ivory Coast,3,0
M039327_Liberia,0,3
M039328_Italy,2,2
M039328_Romania,2,2
M039329_Hong Kong,0,0
M039329_China PR,0,0
M039330_Honduras,0,2
M039330_Mexico,2,0
M039331_Guam,0,6
M039331_Iran,6,0
M039332_Ghana,2,0
M039332_Comoros,0,2
M039333_Estonia,3,0
M039333_Saint Kitts and Nevis,0,3
M039334_Saint Vincent and the Grenadines,0,4
M039334_Guatemala,4,0
M039335_Egypt,4,0
M039335_Chad,0,4
M039336_Timor-Leste,0,10
M039336_Saudi Arabia,10,0
M039337_Denmark,2,2
M039337_Sweden,2,2
M039338_Congo,2,1
M039338_Ethiopia,1,2
M039339_Colombia,0,1
M039339_Argentina,1,0
M039340_Cape Verde,2,0
M039340_Kenya,0,2
M039341_Cameroon,0,0
M039341_Niger,0,0
M039342_Kyrgyzstan,1,0
M039342_Jordan,0,1
M039343_Cambodia,0,2
M039343_Japan,2,0
M039344_Laos,0,5
M039344_South Korea,5,0
M039345_North Macedonia,0,1
M039345_Lebanon,1,0
M039346_Yemen,1,3
M039346_Uzbekistan,3,1
M039347_Venezuela,1,3
M039347_Ecuador,3,1
M039348_Uruguay,3,0
M039348_Chile,0,3
M039349_Turkmenistan,2,1
M039349_Oman,1,2
M039350_Turkey,0,0
M039350_Greece,0,0
M039351_Tunisia,2,1
M039351_Mauritania,1,2
M039352_South Africa,1,0
M039352_Angola,0,1
M039353_Slovenia,1,1
M039353_Ukraine,1,1
M039354_Luxembourg,0,2
M039354_Portugal,2,0
M039355_Slovakia,3,1
M039355_Iceland,1,3
M039356_Senegal,3,0
M039356_Madagascar,0,3
M039357_Rwanda,1,3
M039357_Libya,3,1
M039358_Russia,1,3
M039358_Croatia,3,1
M039359_Poland,3,1
M039359_Czech Republic,1,3
M039360_Paraguay,2,1
M039360_Bolivia,1,2
M039361_Nigeria,2,0
M039361_Eswatini,0,2
M039362_Mali,2,0
M039362_Botswana,0,2
M039363_Malaysia,1,2
M039363_United Arab Emirates,2,1
M039364_Singapore,1,2
M039364_Syria,2,1
M039365_Myanmar,3,0
M039365_Kuwait,0,3
M039366_Burkina Faso,2,0
M039366_Benin,0,2
M039367_Brazil,3,0
M039367_Peru,0,3
M039368_Haiti,0,1
M039368_Jamaica,1,0
M039369_Taiwan,0,2
M039369_Iraq,2,0
M039370_Algeria,7,0
M039370_Tanzania,0,7
M039371_Panama,1,2
M039371_Costa Rica,2,1
M039372_Azerbaijan,2,1
M039372_Moldova,1,2
M039373_Austria,1,2
M039373_Switzerland,2,1
M039374_Bangladesh,0,4
M039374_Australia,4,0
M039375_Bhutan,0,3
M039375_Qatar,3,0
W005948_Puerto Rico,1,0
W005948_Guyana,0,1
W005949_Trinidad and Tobago,2,1
W005949_Jamaica,1,2
W005950_Guyana,2,1
W005950_Jamaica,1,2
W005951_Trinidad and Tobago,1,0
W005951_Puerto Rico,0,1
M039376_Ethiopia,0,1
M039376_Rwanda,1,0
M039377_Burundi,1,0
M039377_Zanzibar,0,1
M039378_Kenya,2,0
M039378_Uganda,0,2
M039379_Somalia,0,4
M039379_Tanzania,4,0
M039380_Sudan,1,2
M039380_Malawi,2,1
M039381_South Sudan,2,0
M039381_Djibouti,0,2
M039382_Zanzibar,0,4
M039382_Uganda,4,0
M039383_Rwanda,1,2
M039383_Tanzania,2,1
M039384_Malawi,3,0
M039384_Djibouti,0,3
M039385_Kenya,1,1
M039385_Burundi,1,1
M039386_Ethiopia,2,0
M039386_Somalia,0,2
M039387_South Sudan,0,0
M039387_Sudan,0,0
W005952_Turkey,0,0
W005952_Russia,0,0
W005953_Serbia,0,1
W005953_Bosnia and Herzegovina,1,0
W005954_Macedonia,0,2
W005954_Belarus,2,0
W005955_Germany,0,0
W005955_England,0,0
W005956_Wales,4,0
W005956_Kazakhstan,0,4
W005957_Slovakia,0,1
W005957_Denmark,1,0
W005958_Portugal,6,1
W005958_Montenegro,1,6
W005959_Republic of Ireland,0,3
W005959_Spain,3,0
M039388_Zanzibar,3,1
M039388_Kenya,1,3
M039389_South Sudan,2,0
M039389_Malawi,0,2
M039390_Rwanda,3,0
M039390_Somalia,0,3
M039391_Djibouti,0,4
M039391_Sudan,4,0
W005960_Northern Ireland,1,8
W005960_Switzerland,8,1
W005961_Moldova,1,3
W005961_Poland,3,1
W005962_Greece,1,3
W005962_Romania,3,1
W005963_Albania,0,6
W005963_France,6,0
M039392_Uganda,1,0
M039392_Burundi,0,1
M039393_Ethiopia,1,1
M039393_Tanzania,1,1
W005964_Scotland,10,0
W005964_Macedonia,0,10
W005965_Hungary,0,1
W005965_Russia,1,0
W005966_England,1,0
W005966_Bosnia and Herzegovina,0,1
W005967_South Korea,0,1
W005967_Australia,1,0
M039394_Ethiopia,1,1
M039394_Tanzania,1,1
M039395_Uganda,2,0
M039395_Malawi,0,2
W005968_Croatia,3,0
W005968_Turkey,0,3
W005969_Belgium,1,1
W005969_Serbia,1,1
M039396_South Sudan,0,0
M039396_Sudan,0,0
M039397_Rwanda,0,0
M039397_Kenya,0,0
W005970_Spain,2,0
W005970_Portugal,0,2
W005971_Moldova,0,4
W005971_Slovakia,4,0
W005972_Switzerland,5,1
W005972_Czech Republic,1,5
W005973_Israel,2,2
W005973_Wales,2,2
W005974_Greece,0,3
W005974_France,3,0
M039398_Rwanda,1,1
M039398_Sudan,1,1
M039399_Ethiopia,0,0
M039399_Uganda,0,0
M039400_Ethiopia,1,1
M039400_Sudan,1,1
M039401_Uganda,1,0
M039401_Rwanda,0,1
W005975_United States,0,0
W005975_Trinidad and Tobago,0,0
M039402_Nicaragua,5,0
M039402_Cuba,0,5
W005976_Brazil,11,0
W005976_Trinidad and Tobago,0,11
W005977_Canada,3,0
W005977_Mexico,0,3
M039403_Nicaragua,1,0
M039403_Cuba,0,1
W005978_United States,6,0
W005978_Trinidad and Tobago,0,6
W005979_Brazil,6,0
W005979_Mexico,0,6
W005980_Trinidad and Tobago,0,4
W005980_Canada,4,0
W005981_United States,2,0
W005981_China PR,0,2
M039404_Honduras,2,0
M039404_Cuba,0,2
W005982_Brazil,2,1
W005982_Canada,1,2
W005983_Trinidad and Tobago,0,3
W005983_Mexico,3,0
M039405_Bangladesh,1,0
M039405_Nepal,0,1
W005984_United States,0,1
W005984_China PR,1,0
M039406_Panjab,4,1
M039406_Chagos Islands,1,4
W005985_Mexico,2,1
W005985_Trinidad and Tobago,1,2
W005986_Brazil,3,1
W005986_Canada,1,3
M039407_Nepal,0,1
M039407_Sri Lanka,1,0
M039408_Afghanistan,4,0
M039408_Bangladesh,0,4
M039409_Maldives,3,1
M039409_Bhutan,1,3
M039410_India,2,0
M039410_Sri Lanka,0,2
M039411_Martinique,2,0
M039411_Guadeloupe,0,2
M039412_Catalonia,0,1
M039412_Basque Country,1,0
M039413_Bangladesh,1,3
M039413_Maldives,3,1
M039414_Bhutan,0,3
M039414_Afghanistan,3,0
M039415_India,4,1
M039415_Nepal,1,4
M039416_Afghanistan,4,1
M039416_Maldives,1,4
M039417_Bhutan,0,3
M039417_Bangladesh,3,0
M039418_Afghanistan,5,0
M039418_Sri Lanka,0,5
M039419_India,3,2
M039419_Maldives,2,3
M039420_India,2,1
M039420_Afghanistan,1,2
M039421_Sweden,1,1
M039421_Estonia,1,1
M039422_Rwanda,1,1
M039422_Cameroon,1,1
M039423_Trinidad and Tobago,0,1
M039423_Haiti,1,0
M039424_Panama,4,0
M039424_Cuba,0,4
M039425_Bangladesh,4,2
M039425_Sri Lanka,2,4
M039426_Rwanda,1,0
M039426_DR Congo,0,1
M039427_Sweden,3,0
M039427_Finland,0,3
M039428_Maldives,3,2
M039428_Cambodia,2,3
M039429_Uganda,0,0
M039429_Cameroon,0,0
M039430_Nepal,1,0
M039430_Sri Lanka,0,1
M039431_Finland,0,1
M039431_Iceland,1,0
M039432_Bangladesh,0,0
M039432_Nepal,0,0
M039433_United Arab Emirates,2,1
M039433_Iceland,1,2
M039434_Maldives,1,4
M039434_Nepal,4,1
W005987_South Korea,5,0
W005987_Vietnam,0,5
W005988_China PR,0,0
W005988_Mexico,0,0
W005989_Papua New Guinea,1,7
W005989_New Zealand,7,1
W005990_China PR,8,0
W005990_Vietnam,0,8
W005991_Mexico,2,0
W005991_South Korea,0,2
W005992_Montenegro,0,7
W005992_Spain,7,0
W005993_United States,5,0
W005993_Republic of Ireland,0,5
W005994_Greece,3,2
W005994_Albania,2,3
W005995_Mexico,1,0
W005995_Vietnam,0,1
W005996_Sweden,6,0
W005996_Scotland,0,6
W005997_France,1,0
W005997_Norway,0,1
W005998_China PR,2,0
W005998_South Korea,0,2
M039435_Egypt,0,1
M039435_Jordan,1,0
M039436_Egypt,2,0
M039436_Libya,0,2
M039437_United States,3,2
M039437_Iceland,2,3
M039438_Bahrain,2,0
M039438_Lebanon,0,2
W005999_Nepal,3,0
W005999_Bangladesh,0,3
W006000_India,0,0
W006000_Maldives,0,0
M039439_Guadeloupe,1,1
M039439_Martinique,1,1
W006001_Nepal,2,0
W006001_Maldives,0,2
W006002_Sri Lanka,1,2
W006002_Bangladesh,2,1
W006003_Maldives,0,2
W006003_Bangladesh,2,0
W006004_India,5,0
W006004_Sri Lanka,0,5
W006005_Puerto Rico,0,6
W006005_Mexico,6,0
W006006_United States,5,0
W006006_Costa Rica,0,5
W006007_Sri Lanka,1,2
W006007_Maldives,2,1
W006008_India,0,0
W006008_Nepal,0,0
W006009_Canada,5,0
W006009_Guyana,0,5
W006010_Guatemala,1,2
W006010_Trinidad and Tobago,2,1
W006011_Nepal,4,0
W006011_Sri Lanka,0,4
W006012_Costa Rica,9,0
W006012_Puerto Rico,0,9
W006013_India,5,1
W006013_Bangladesh,1,5
W006014_United States,1,0
W006014_Mexico,0,1
M039440_Uzbekistan,2,0
M039440_Lebanon,0,2
W006015_Guyana,2,1
W006015_Guatemala,1,2
W006016_Trinidad and Tobago,0,6
W006016_Canada,6,0
W006017_Mexico,1,2
W006017_Costa Rica,2,1
W006018_United States,10,0
W006018_Puerto Rico,0,10
W006019_India,4,0
W006019_Nepal,0,4
W006020_Trinidad and Tobago,5,1
W006020_Guyana,1,5
W006021_Canada,10,0
W006021_Guatemala,0,10
W006022_Canada,3,1
W006022_Costa Rica,1,3
W006023_United States,5,0
W006023_Trinidad and Tobago,0,5
M039441_Guyana,2,0
M039441_Suriname,0,2
W006024_United States,2,0
W006024_Canada,0,2
M039442_French Guiana,2,3
M039442_Suriname,3,2
M039443_Egypt,2,0
M039443_Burkina Faso,0,2
W006025_China PR,2,0
W006025_Vietnam,0,2
W006026_North Korea,1,1
W006026_South Korea,1,1
W006027_Japan,1,3
W006027_Australia,3,1
W006028_Canada,0,1
W006028_Denmark,1,0
W006029_Portugal,0,1
W006029_Russia,1,0
W006030_Brazil,1,0
W006030_New Zealand,0,1
W006031_Austria,2,0
W006031_Republic of Ireland,0,2
W006032_Hungary,0,2
W006032_Italy,2,0
W006033_Poland,1,0
W006033_Czech Republic,0,1
W006034_Slovakia,1,0
W006034_Northern Ireland,0,1
W006035_Australia,9,0
W006035_Vietnam,0,9
W006036_North Korea,1,1
W006036_China PR,1,1
W006037_Japan,1,1
W006037_South Korea,1,1
W006038_Norway,0,1
W006038_Sweden,1,0
W006039_Netherlands,4,3
W006039_Switzerland,3,4
W006040_Iceland,2,1
W006040_Belgium,1,2
W006041_Wales,2,2
W006041_Finland,2,2
W006042_United States,1,0
W006042_England,0,1
W006043_Germany,1,0
W006043_France,0,1
W006044_Albania,0,4
W006044_Ukraine,4,0
W006045_Canada,1,0
W006045_Belgium,0,1
W006046_Denmark,1,4
W006046_Iceland,4,1
W006047_New Zealand,0,0
W006047_Russia,0,0
W006048_Portugal,1,3
W006048_Brazil,3,1
W006049_Austria,2,1
W006049_Hungary,1,2
W006050_Italy,1,1
W006050_Republic of Ireland,1,1
W006051_Wales,1,1
W006051_Poland,1,1
W006052_Finland,1,3
W006052_Czech Republic,3,1
W006053_Croatia,0,1
W006053_Northern Ireland,1,0
W006054_Vietnam,0,1
W006054_North Korea,1,0
W006055_South Korea,0,2
W006055_Australia,2,0
W006056_Japan,1,2
W006056_China PR,2,1
W006057_Tanzania,1,2
W006057_Zimbabwe,2,1
W006058_Netherlands,1,4
W006058_Norway,4,1
W006059_Sweden,1,0
W006059_Switzerland,0,1
W006060_Burkina Faso,0,0
W006060_Tunisia,0,0
W006061_Botswana,7,0
W006061_Mauritius,0,7
W006062_Senegal,1,0
W006062_Guinea,0,1
W006063_Mali,0,0
W006063_Morocco,0,0
W006064_Libya,0,8
W006064_Egypt,8,0
W006065_Germany,2,1
W006065_England,1,2
W006066_Zambia,3,1
W006066_Namibia,1,3
W006067_Algeria,1,0
W006067_Ethiopia,0,1
W006068_United States,1,0
W006068_France,0,1
W006069_Denmark,1,2
W006069_Belgium,2,1
W006070_Canada,1,0
W006070_Iceland,0,1
W006071_Brazil,3,0
W006071_Russia,0,3
W006072_Portugal,0,1
W006072_New Zealand,1,0
W006073_Republic of Ireland,0,1
W006073_Hungary,1,0
W006074_Finland,0,1
W006074_Poland,1,0
W006075_Czech Republic,1,0
W006075_Wales,0,1
W006076_Croatia,0,2
W006076_Slovakia,2,0
W006077_China PR,1,0
W006077_South Korea,0,1
W006078_North Korea,1,2
W006078_Australia,2,1
W006079_Japan,6,1
W006079_Vietnam,1,6
W006080_Italy,0,0
W006080_Austria,0,0
W006081_Greece,1,3
W006081_Ukraine,3,1
W006082_Iceland,1,1
W006082_New Zealand,1,1
W006083_Netherlands,1,1
W006083_Sweden,1,1
W006084_Switzerland,2,1
W006084_Norway,1,2
W006085_Japan,1,0
W006085_North Korea,0,1
W006086_Australia,1,1
W006086_China PR,1,1
W006087_Belgium,5,0
W006087_Russia,0,5
W006088_Austria,2,1
W006088_Poland,1,2
W006089_South Korea,4,0
W006089_Vietnam,0,4
W006090_Hungary,2,1
W006090_Wales,1,2
W006091_Republic of Ireland,2,0
W006091_Finland,0,2
W006092_United States,2,1
W006092_Germany,1,2
W006093_France,0,0
W006093_England,0,0
W006094_Canada,2,1
W006094_Brazil,1,2
W006095_Italy,3,1
W006095_Czech Republic,1,3
W006096_Portugal,1,3
W006096_Denmark,3,1
W006097_Cyprus,3,1
W006097_Lithuania,1,3
W006098_Malta,1,1
W006098_Israel,1,1
W006099_Malta,2,3
W006099_Lithuania,3,2
W006100_Cyprus,1,0
W006100_Estonia,0,1
M039444_Sint Maarten,2,0
M039444_Anguilla,0,2
M039445_Tamil Eelam,4,1
M039445_Romani people,1,4
W006101_Israel,2,0
W006101_Lithuania,0,2
W006102_Estonia,0,2
W006102_Malta,2,0
W006103_Israel,2,0
W006103_Estonia,0,2
W006104_Cyprus,1,0
W006104_Malta,0,1
W006105_Estonia,3,0
W006105_Lithuania,0,3
W006106_Cyprus,0,1
W006106_Israel,1,0
M039446_United Arab Emirates,6,1
M039446_Bangladesh,1,6
M039447_Iraq,0,1
M039447_Syria,1,0
W006107_Namibia,2,2
W006107_Zambia,2,2
W006108_Morocco,1,2
W006108_Mali,2,1
W006109_Guinea,1,0
W006109_Senegal,0,1
W006110_Tunisia,2,0
W006110_Burkina Faso,0,2
W006111_Mauritius,0,4
W006111_Botswana,4,0
W006112_Zimbabwe,1,1
W006112_Tanzania,1,1
W006113_Egypt,4,0
W006113_Libya,0,4
M039448_Cuba,2,1
M039448_Bermuda,1,2
M039449_Romania,1,0
M039449_Lithuania,0,1
M039450_Zambia,1,1
M039450_Congo,1,1
M039451_South Sudan,1,2
M039451_Benin,2,1
M039452_Slovenia,1,0
M039452_North Macedonia,0,1
M039453_São Tomé and Príncipe,2,1
M039453_Libya,1,2
M039454_Poland,1,0
M039454_Serbia,0,1
M039455_Guinea-Bissau,1,0
M039455_Kenya,0,1
M039456_Guadeloupe,0,0
M039456_Suriname,0,0
M039457_Gibraltar,0,0
M039457_Liechtenstein,0,0
M039458_Croatia,2,0
M039458_Israel,0,2
M039459_Barbados,1,0
M039459_Curaçao,0,1
M039460_Antigua and Barbuda,2,1
M039460_Aruba,1,2
M039461_Martinique,3,0
M039461_British Virgin Islands,0,3
M039462_South Korea,1,0
M039462_Lebanon,0,1
M039463_Madagascar,1,1
M039463_Central African Republic,1,1
M039464_Malta,0,0
M039464_Moldova,0,0
M039465_Oman,1,0
M039465_Guam,0,1
M039466_Peru,2,2
M039466_Venezuela,2,2
M039467_Qatar,2,0
M039467_Hong Kong,0,2
M039468_Saudi Arabia,2,0
M039468_Malaysia,0,2
M039469_Singapore,2,1
M039469_Myanmar,1,2
M039470_Turkey,2,1
M039470_Sweden,1,2
M039471_Syria,6,0
M039471_Cambodia,0,6
M039472_Ukraine,1,0
M039472_Cyprus,0,1
M039473_United Arab Emirates,2,0
M039473_Palestine,0,2
M039474_Uzbekistan,1,0
M039474_Philippines,0,1
M039475_Vietnam,4,1
M039475_Taiwan,1,4
M039476_Wales,1,1
M039476_Northern Ireland,1,1
M039477_Solomon Islands,2,0
M039477_Papua New Guinea,0,2
M039478_Jordan,8,0
M039478_Bangladesh,0,8
M039479_Japan,5,0
M039479_Afghanistan,0,5
M039480_Italy,1,1
M039480_Spain,1,1
M039481_Australia,7,0
M039481_Tajikistan,0,7
M039482_Bahrain,3,0
M039482_Yemen,0,3
M039483_Chile,1,2
M039483_Argentina,2,1
M039484_China PR,4,0
M039484_Maldives,0,4
M039485_Comoros,1,0
M039485_Botswana,0,1
M039486_Czech Republic,0,1
M039486_Scotland,1,0
M039487_Denmark,2,1
M039487_Iceland,1,2
M039488_Bolivia,2,3
M039488_Colombia,3,2
M039489_Ecuador,2,2
M039489_Paraguay,2,2
M039490_Estonia,0,0
M039490_Norway,0,0
M039491_Ghana,3,1
M039491_Mozambique,1,3
M039492_Greece,2,1
M039492_Montenegro,1,2
M039493_Iran,4,0
M039493_India,0,4
M039494_Iraq,2,2
M039494_Thailand,2,2
M039495_Djibouti,0,1
M039495_Liberia,1,0
M039496_Mali,1,0
M039496_Equatorial Guinea,0,1
M039497_Mauritania,2,1
M039497_Gambia,1,2
M039498_Netherlands,2,3
M039498_France,3,2
M039499_Nigeria,1,1
M039499_Egypt,1,1
M039500_Tunisia,1,0
M039500_Togo,0,1
M039501_Slovakia,0,0
M039501_Latvia,0,0
M039502_Eswatini,1,1
M039502_Zimbabwe,1,1
M039503_Saint Vincent and the Grenadines,2,3
M039503_Trinidad and Tobago,3,2
M039504_Luxembourg,0,3
M039504_Bosnia and Herzegovina,3,0
M039505_Portugal,0,1
M039505_Bulgaria,1,0
M039506_Jamaica,1,1
M039506_Costa Rica,1,1
M039507_Guinea,0,0
M039507_Malawi,0,0
M039508_Republic of Ireland,1,0
M039508_Switzerland,0,1
M039509_Ivory Coast,1,0
M039509_Sudan,0,1
M039510_Armenia,0,0
M039510_Belarus,0,0
M039511_Brazil,2,2
M039511_Uruguay,2,2
M039512_Canada,0,3
M039512_Mexico,3,0
M039513_Algeria,7,1
M039513_Ethiopia,1,7
M039514_Gabon,2,1
M039514_Sierra Leone,1,2
M039515_Guatemala,2,0
M039515_United States,0,2
M039516_Haiti,0,0
M039516_Panama,0,0
M039517_El Salvador,2,2
M039517_Honduras,2,2
M039518_Cameroon,2,2
M039518_South Africa,2,2
M039519_Anguilla,0,4
M039519_Puerto Rico,4,0
M039520_Aruba,0,2
M039520_Saint Kitts and Nevis,2,0
M039521_Austria,2,1
M039521_Albania,1,2
M039522_Azerbaijan,0,1
M039522_Kazakhstan,1,0
M039523_Bermuda,2,1
M039523_French Guiana,1,2
M039524_British Virgin Islands,0,7
M039524_Dominica,7,0
M039525_Burkina Faso,1,0
M039525_Uganda,0,1
M039526_Burundi,1,3
M039526_Namibia,3,1
M039527_Cape Verde,0,1
M039527_Morocco,1,0
M039528_Hungary,1,1
M039528_Croatia,1,1
M039529_Zimbabwe,4,0
M039529_Eswatini,0,4
M039530_Curaçao,2,1
M039530_Dominican Republic,1,2
M039531_Germany,2,3
M039531_England,3,2
M039532_DR Congo,2,1
M039532_Angola,1,2
M039533_Mauritius,1,0
M039533_Rwanda,0,1
M039534_Poland,5,0
M039534_Finland,0,5
M039535_Russia,3,0
M039535_Lithuania,0,3
M039536_Senegal,2,0
M039536_Niger,0,2
M039537_Seychelles,2,0
M039537_Lesotho,0,2
M039538_Sint Maarten,1,2
M039538_United States Virgin Islands,2,1
W006114_Ethiopia,1,1
W006114_Algeria,1,1
M039539_Thailand,0,1
M039539_South Korea,1,0
M039540_Romania,0,0
M039540_Spain,0,0
M039541_Mozambique,0,0
M039541_Ghana,0,0
M039542_Benin,4,1
M039542_South Sudan,1,4
M039543_Congo,1,1
M039543_Zambia,1,1
M039544_Botswana,2,1
M039544_Comoros,1,2
M039545_Kenya,0,1
M039545_Guinea-Bissau,1,0
M039546_Sierra Leone,1,0
M039546_Gabon,0,1
M039547_Ukraine,1,0
M039547_Wales,0,1
M039548_Northern Ireland,1,0
M039548_Slovenia,0,1
M039549_Equatorial Guinea,0,1
M039549_Mali,1,0
M039550_Libya,4,0
M039550_São Tomé and Príncipe,0,4
M039551_Central African Republic,2,1
M039551_Madagascar,1,2
M039552_Andorra,0,1
M039552_Moldova,1,0
M039553_Liechtenstein,2,3
M039553_Faroe Islands,3,2
M039554_Paraguay,2,2
M039554_Brazil,2,2
M039555_Panama,1,0
M039555_Haiti,0,1
M039556_Malaysia,0,0
M039556_Macau,0,0
M039557_Palestine,7,0
M039557_Timor-Leste,0,7
M039558_Norway,2,0
M039558_Finland,0,2
M039559_Namibia,1,3
M039559_Burundi,3,1
M039560_Morocco,2,0
M039560_Cape Verde,0,2
M039561_Montenegro,0,0
M039561_Belarus,0,0
M039562_Mexico,2,0
M039562_Canada,0,2
M039563_Maldives,4,2
M039563_Bhutan,2,4
M039564_Philippines,3,2
M039564_North Korea,2,3
M039565_Niger,1,2
M039565_Senegal,2,1
M039566_Portugal,2,1
M039566_Belgium,1,2
M039567_United States,4,0
M039567_Guatemala,0,4
M039568_Scotland,1,0
M039568_Denmark,0,1
M039569_South Africa,0,0
M039569_Cameroon,0,0
M039570_Saint Kitts and Nevis,1,0
M039570_Antigua and Barbuda,0,1
M039571_Sudan,1,1
M039571_Ivory Coast,1,1
M039572_Suriname,3,2
M039572_Guadeloupe,2,3
M039573_Sweden,1,1
M039573_Czech Republic,1,1
M039574_Switzerland,0,2
M039574_Bosnia and Herzegovina,2,0
M039575_Tajikistan,0,1
M039575_Kyrgyzstan,1,0
M039576_Togo,0,0
M039576_Tunisia,0,0
M039577_Uganda,0,0
M039577_Burkina Faso,0,0
M039578_Malawi,1,2
M039578_Guinea,2,1
M039579_Uzbekistan,1,0
M039579_Bahrain,0,1
M039580_Venezuela,1,4
M039580_Chile,4,1
M039581_United States Virgin Islands,1,2
M039581_Grenada,2,1
M039582_Rwanda,5,0
M039582_Mauritius,0,5
M039583_North Macedonia,0,2
M039583_Bulgaria,2,0
M039584_Gibraltar,0,5
M039584_Latvia,5,0
M039585_Liberia,5,0
M039585_Djibouti,0,5
M039586_Trinidad and Tobago,6,0
M039586_Saint Vincent and the Grenadines,0,6
M039587_Afghanistan,2,1
M039587_Singapore,1,2
M039588_Angola,0,2
M039588_DR Congo,2,0
M039589_Argentina,2,0
M039589_Bolivia,0,2
M039590_Australia,5,1
M039590_Jordan,1,5
M039591_Austria,1,2
M039591_Turkey,2,1
M039592_China PR,2,0
M039592_Qatar,0,2
M039593_Colombia,3,1
M039593_Ecuador,1,3
M039594_Costa Rica,3,0
M039594_Jamaica,0,3
M039595_Dominica,1,4
M039595_Martinique,4,1
M039596_Dominican Republic,2,0
M039596_Barbados,0,2
M039597_Egypt,1,0
M039597_Nigeria,0,1
M039598_England,1,2
M039598_Netherlands,2,1
M039599_Estonia,0,1
M039599_Serbia,1,0
M039600_Ethiopia,3,3
M039600_Algeria,3,3
M039601_France,4,2
M039601_Russia,2,4
M039602_French Guiana,3,0
M039602_Cuba,0,3
M039603_Gambia,0,0
M039603_Mauritania,0,0
M039604_Georgia,1,1
M039604_Kazakhstan,1,1
M039605_Germany,4,1
M039605_Italy,1,4
M039606_Greece,2,3
M039606_Iceland,3,2
M039607_Honduras,2,0
M039607_El Salvador,0,2
M039608_India,1,2
M039608_Turkmenistan,2,1
M039609_Iran,2,0
M039609_Oman,0,2
M039610_Iraq,1,0
M039610_Vietnam,0,1
M039611_Republic of Ireland,2,2
M039611_Slovakia,2,2
M039612_Japan,5,0
M039612_Syria,0,5
M039613_Lebanon,1,1
M039613_Myanmar,1,1
M039614_Lesotho,2,1
M039614_Seychelles,1,2
M039615_Luxembourg,0,2
M039615_Albania,2,0
M039616_United Arab Emirates,1,1
M039616_Saudi Arabia,1,1
M039617_Uruguay,1,0
M039617_Peru,0,1
M039618_Alderney,0,1
M039618_Guernsey,1,0
W006115_Israel,0,1
W006115_Norway,1,0
W006116_Austria,6,1
W006116_Kazakhstan,1,6
W006117_Mali,1,1
W006117_Equatorial Guinea,1,1
W006118_Zimbabwe,1,0
W006118_Zambia,0,1
W006119_Tunisia,1,2
W006119_Ghana,2,1
W006120_United States,7,0
W006120_Colombia,0,7
W006121_Montenegro,0,5
W006121_Republic of Ireland,5,0
W006122_Poland,0,0
W006122_Denmark,0,0
W006123_Egypt,1,0
W006123_Ivory Coast,0,1
W006124_Netherlands,2,0
W006124_New Zealand,0,2
W006125_Senegal,1,1
W006125_Nigeria,1,1
W006126_Algeria,2,2
W006126_Kenya,2,2
W006127_England,1,1
W006127_Belgium,1,1
W006128_Hungary,2,0
W006128_Croatia,0,2
W006129_Turkey,0,6
W006129_Germany,6,0
W006130_Ukraine,2,0
W006130_Albania,0,2
W006131_Romania,0,1
W006131_France,1,0
W006132_Portugal,1,4
W006132_Spain,4,1
W006133_Scotland,3,1
W006133_Slovenia,1,3
W006134_Slovakia,0,3
W006134_Sweden,3,0
W006135_Switzerland,2,1
W006135_Italy,1,2
W006136_Botswana,0,2
W006136_South Africa,2,0
W006137_Zambia,2,3
W006137_Zimbabwe,3,2
W006138_United States,3,0
W006138_Colombia,0,3
W006139_Austria,0,1
W006139_Norway,1,0
W006140_Equatorial Guinea,2,1
W006140_Mali,1,2
W006141_Netherlands,1,2
W006141_Canada,2,1
W006142_Ivory Coast,2,1
W006142_Egypt,1,2
W006143_France,4,0
W006143_Ukraine,0,4
W006144_Ghana,4,0
W006144_Tunisia,0,4
W006145_South Africa,3,0
W006145_Botswana,0,3
W006146_Nigeria,2,0
W006146_Senegal,0,2
W006147_Kenya,1,1
W006147_Algeria,1,1
W006148_Kazakhstan,0,4
W006148_Wales,4,0
W006149_Bosnia and Herzegovina,0,1
W006149_England,1,0
W006150_Italy,3,1
W006150_Northern Ireland,1,3
W006151_Belgium,6,0
W006151_Estonia,0,6
W006152_Russia,3,3
W006152_Hungary,3,3
W006153_Germany,2,0
W006153_Croatia,0,2
W006154_Czech Republic,4,1
W006154_Georgia,1,4
W006155_Slovakia,2,1
W006155_Poland,1,2
W006156_Spain,3,0
W006156_Republic of Ireland,0,3
W006157_Montenegro,1,7
W006157_Finland,7,1
W006158_Slovenia,8,1
W006158_Macedonia,1,8
W006159_Belarus,0,5
W006159_Iceland,5,0
M039619_Panjab,0,2
M039619_Jersey,2,0
M039620_Martinique,0,2
M039620_Panama,2,0
M039621_Jersey,1,0
M039621_Guernsey,0,1
M039622_Romani people,0,2
M039622_Padania,2,0
M039623_Galicia,1,1
M039623_Venezuela,1,1
M039624_Hungary,0,0
M039624_Ivory Coast,0,0
M039625_Abkhazia,0,0
M039625_Donetsk PR,0,0
M039626_Botswana,2,1
M039626_Lesotho,1,2
M039627_Puerto Rico,1,3
M039627_United States,3,1
M039628_England,2,1
M039628_Turkey,1,2
M039629_Peru,4,0
M039629_Trinidad and Tobago,0,4
M039630_Romania,1,1
M039630_DR Congo,1,1
M039631_Serbia,2,1
M039631_Cyprus,1,2
M039632_Azerbaijan,0,0
M039632_Andorra,0,0
M039633_Croatia,1,0
M039633_Moldova,0,1
M039634_Slovakia,3,1
M039634_Georgia,1,3
M039635_England,2,1
M039635_Australia,1,2
M039636_Republic of Ireland,1,1
M039636_Netherlands,1,1
M039637_Morocco,2,0
M039637_Congo,0,2
M039638_Nigeria,1,0
M039638_Mali,0,1
M039639_Northern Ireland,3,0
M039639_Belarus,0,3
M039640_Czech Republic,6,0
M039640_Malta,0,6
M039641_Togo,1,0
M039641_Zambia,0,1
M039642_Uruguay,3,1
M039642_Trinidad and Tobago,1,3
M039643_Corsica,1,1
M039643_Basque Country,1,1
M039644_Gabon,0,2
M039644_Mauritania,2,0
M039645_El Salvador,1,3
M039645_Peru,3,1
M039646_Guatemala,1,7
M039646_Armenia,7,1
M039647_Costa Rica,2,1
M039647_Venezuela,1,2
M039648_Vanuatu,0,1
M039648_Solomon Islands,1,0
M039649_New Zealand,3,1
M039649_Fiji,1,3
M039650_Rwanda,0,2
M039650_Senegal,2,0
M039651_Switzerland,1,2
M039651_Belgium,2,1
M039652_Myanmar,0,0
M039652_Malaysia,0,0
M039653_Mexico,1,0
M039653_Paraguay,0,1
M039654_Italy,1,0
M039654_Scotland,0,1
M039655_Azerbaijan,1,3
M039655_North Macedonia,3,1
M039656_Bosnia and Herzegovina,1,3
M039656_Spain,3,1
M039657_Cambodia,2,0
M039657_Timor-Leste,0,2
M039658_Germany,1,3
M039658_Slovakia,3,1
M039659_Sápmi,5,0
M039659_Somaliland,0,5
M039660_Kenya,1,1
M039660_Tanzania,1,1
M039661_Laos,1,1
M039661_Nepal,1,1
M039662_Lithuania,2,0
M039662_Estonia,0,2
M039663_Papua New Guinea,1,1
M039663_New Caledonia,1,1
M039664_Portugal,3,0
M039664_Norway,0,3
M039665_Romania,3,4
M039665_Ukraine,4,3
M039666_Turkey,1,0
M039666_Montenegro,0,1
M039667_Abkhazia,9,0
M039667_Chagos Islands,0,9
M039668_Albania,3,1
M039668_Qatar,1,3
M039669_Tahiti,4,0
M039669_Samoa,0,4
M039670_Padania,1,2
M039670_Northern Cyprus,2,1
M039671_Iraqi Kurdistan,3,0
M039671_Székely Land,0,3
M039672_Gambia,0,0
M039672_Zambia,0,0
M039673_France,3,2
M039673_Cameroon,2,3
M039674_Raetia,0,6
M039674_Padania,6,0
M039675_Sápmi,0,1
M039675_Panjab,1,0
M039676_Chagos Islands,0,12
M039676_Western Armenia,12,0
M039677_Sweden,0,0
M039677_Slovenia,0,0
M039678_United Koreans in Japan,1,0
M039678_Székely Land,0,1
M039679_Austria,2,1
M039679_Malta,1,2
M039680_Republic of Ireland,1,2
M039680_Belarus,2,1
M039681_Kenya,1,1
M039681_Sudan,1,1
M039682_Serbia,3,1
M039682_Israel,1,3
M039683_Solomon Islands,0,1
M039683_Fiji,1,0
M039684_Vanuatu,0,5
M039684_New Zealand,5,0
M039685_Vietnam,2,0
M039685_Syria,0,2
M039686_Zimbabwe,2,0
M039686_Uganda,0,2
M039687_United Koreans in Japan,0,3
M039687_Iraqi Kurdistan,3,0
M039688_Northern Cyprus,7,0
M039688_Raetia,0,7
M039689_Somaliland,0,5
M039689_Panjab,5,0
M039690_Luxembourg,1,3
M039690_Nigeria,3,1
M039691_Abkhazia,1,0
M039691_Western Armenia,0,1
M039692_United Koreans in Japan,1,1
M039692_Northern Cyprus,1,1
M039693_Estonia,2,0
M039693_Andorra,0,2
M039694_El Salvador,0,4
M039694_Armenia,4,0
M039695_Czech Republic,2,1
M039695_Russia,1,2
M039696_Curaçao,5,2
M039696_Guyana,2,5
M039697_Belgium,1,1
M039697_Finland,1,1
M039698_Martinique,2,0
M039698_Guadeloupe,0,2
M039699_New Caledonia,7,0
M039699_Samoa,0,7
M039700_Norway,3,2
M039700_Iceland,2,3
M039701_Papua New Guinea,2,2
M039701_Tahiti,2,2
M039702_Poland,1,2
M039702_Netherlands,2,1
M039703_Spain,6,1
M039703_South Korea,1,6
M039704_Saint Kitts and Nevis,1,0
M039704_Suriname,0,1
M039705_Abkhazia,2,0
M039705_Sápmi,0,2
M039706_Grenada,3,3
M039706_Puerto Rico,3,3
M039707_Latvia,2,1
M039707_Lithuania,1,2
M039708_England,1,0
M039708_Portugal,0,1
M039709_Laos,0,1
M039709_India,1,0
M039710_North Macedonia,1,3
M039710_Iran,3,1
M039711_Malaysia,3,0
M039711_Timor-Leste,0,3
M039712_Maldives,0,2
M039712_Yemen,2,0
M039713_Seychelles,0,2
M039713_Algeria,2,0
M039714_Tajikistan,5,0
M039714_Bangladesh,0,5
M039715_Iraqi Kurdistan,2,2
M039715_Padania,2,2
M039716_Western Armenia,2,3
M039716_Panjab,3,2
M039717_Chagos Islands,2,3
M039717_Somaliland,3,2
M039718_Székely Land,7,0
M039718_Raetia,0,7
W006160_Poland,0,4
W006160_Sweden,4,0
W006161_Norway,2,2
W006161_Austria,2,2
W006162_Kazakhstan,1,0
W006162_Israel,0,1
W006163_Albania,0,3
W006163_Romania,3,0
W006164_Denmark,4,0
W006164_Slovakia,0,4
W006165_Russia,2,0
W006165_Turkey,0,2
M039719_Somaliland,7,0
M039719_Székely Land,0,7
M039720_Chagos Islands,3,3
M039720_Raetia,3,3
M039721_Iraqi Kurdistan,0,0
M039721_Western Armenia,0,0
M039722_United Koreans in Japan,1,2
M039722_Sápmi,2,1
M039723_Japan,7,2
M039723_Bulgaria,2,7
M039724_United States,0,2
M039724_Colombia,2,0
M039725_United Arab Emirates,1,3
M039725_Jordan,3,1
M039726_Thailand,2,2
M039726_Syria,2,2
M039727_Switzerland,2,1
M039727_Moldova,1,2
M039728_Sierra Leone,1,0
M039728_Sudan,0,1
M039729_Romania,5,1
M039729_Georgia,1,5
M039730_Mauritania,0,1
M039730_Cameroon,1,0
M039731_Libya,1,1
M039731_Morocco,1,1
M039732_Vietnam,2,2
M039732_Hong Kong,2,2
M039733_Faroe Islands,0,2
M039733_Kosovo,2,0
M039734_Djibouti,0,3
M039734_Tunisia,3,0
M039735_Albania,1,3
M039735_Ukraine,3,1
M039736_China PR,4,2
M039736_Trinidad and Tobago,2,4
M039737_Myanmar,0,1
M039737_Singapore,1,0
M039738_Bosnia and Herzegovina,2,2
M039738_Denmark,2,2
M039739_Azerbaijan,1,1
M039739_Canada,1,1
W006166_United States,3,3
W006166_Japan,3,3
W006167_Macedonia,0,9
W006167_Slovenia,9,0
W006168_Scotland,0,4
W006168_Iceland,4,0
W006169_Montenegro,0,3
W006169_Portugal,3,0
W006170_France,1,0
W006170_Greece,0,1
W006171_Finland,4,1
W006171_Republic of Ireland,1,4
W006172_Estonia,0,5
W006172_Belgium,5,0
W006173_Northern Ireland,4,0
W006173_Georgia,0,4
M039740_Burundi,0,2
M039740_Senegal,2,0
M039741_Australia,1,0
M039741_Greece,0,1
M039742_Austria,0,2
M039742_Netherlands,2,0
M039743_Botswana,1,2
M039743_Uganda,2,1
M039744_Brazil,0,0
M039744_Ecuador,0,0
M039745_Padania,1,0
M039745_Panjab,0,1
M039746_Croatia,10,0
M039746_San Marino,0,10
M039747_Sápmi,3,0
M039747_Western Armenia,0,3
M039748_United Koreans in Japan,1,1
M039748_Iraqi Kurdistan,1,1
M039749_Abkhazia,2,0
M039749_Northern Cyprus,0,2
M039750_United States Virgin Islands,0,7
M039750_Guyana,7,0
M039751_Tanzania,0,2
M039751_Egypt,2,0
M039752_South Sudan,0,3
M039752_Mali,3,0
M039753_São Tomé and Príncipe,1,2
M039753_Cape Verde,2,1
M039754_Costa Rica,0,0
M039754_Paraguay,0,0
M039755_Slovakia,0,0
M039755_Northern Ireland,0,0
M039756_Namibia,1,0
M039756_Niger,0,1
M039757_Rwanda,2,3
M039757_Mozambique,3,2
M039758_New Zealand,1,0
M039758_Solomon Islands,0,1
M039759_Ivory Coast,2,1
M039759_Gabon,1,2
M039760_Haiti,0,1
M039760_Peru,1,0
M039761_Guadeloupe,2,1
M039761_Dominica,1,2
M039762_Germany,2,0
M039762_Hungary,0,2
M039763_Gambia,0,4
M039763_South Africa,4,0
M039764_France,3,0
M039764_Scotland,0,3
M039765_Fiji,2,3
M039765_Vanuatu,3,2
M039766_Estonia,0,0
M039766_Latvia,0,0
M039767_Guinea-Bissau,3,2
M039767_Zambia,2,3
W006174_Canada,0,2
W006174_Brazil,2,0
W006175_Australia,2,0
W006175_New Zealand,0,2
W006176_England,7,0
W006176_Serbia,0,7
W006177_Czech Republic,0,5
W006177_Switzerland,5,0
M039768_Eswatini,1,0
M039768_Guinea,0,1
M039769_Central African Republic,3,0
M039769_Angola,0,3
M039770_Abkhazia,1,1
M039770_Panjab,1,1
M039771_Padania,0,2
M039771_Northern Cyprus,2,0
M039772_Zimbabwe,3,0
M039772_Malawi,0,3
M039773_United Arab Emirates,0,1
M039773_Syria,1,0
M039774_Thailand,2,0
M039774_Jordan,0,2
M039775_Tahiti,1,1
M039775_New Caledonia,1,1
M039776_Sweden,3,0
M039776_Wales,0,3
M039777_Slovenia,0,1
M039777_Turkey,1,0
M039778_Russia,1,1
M039778_Serbia,1,1
M039779_Belgium,3,2
M039779_Norway,2,3
M039780_Mexico,3,1
M039780_Uruguay,1,3
M039781_Mauritius,0,2
M039781_Ghana,2,0
M039782_Madagascar,1,6
M039782_DR Congo,6,1
M039783_Liberia,2,2
M039783_Togo,2,2
M039784_Lesotho,1,2
M039784_Ethiopia,2,1
M039785_Kenya,2,1
M039785_Congo,1,2
M039786_Jamaica,0,1
M039786_Venezuela,1,0
M039787_Czech Republic,1,2
M039787_South Korea,2,1
M039788_Comoros,0,1
M039788_Burkina Faso,1,0
M039789_Papua New Guinea,8,0
M039789_Samoa,0,8
W006178_United States,2,0
W006178_Japan,0,2
M039790_Singapore,0,3
M039790_Vietnam,3,0
M039791_Poland,0,0
M039791_Lithuania,0,0
M039792_Italy,2,0
M039792_Finland,0,2
M039793_Malaysia,3,0
M039793_Timor-Leste,0,3
M039794_Argentina,2,1
M039794_Chile,1,2
M039795_Myanmar,3,0
M039795_Hong Kong,0,3
M039796_Iceland,4,0
M039796_Liechtenstein,0,4
M039797_Panama,2,1
M039797_Bolivia,1,2
W006179_Croatia,0,3
W006179_Russia,3,0
W006180_Estonia,0,1
W006180_Bosnia and Herzegovina,1,0
W006181_Austria,4,0
W006181_Israel,0,4
W006182_Turkey,2,1
W006182_Hungary,1,2
W006183_Sweden,6,0
W006183_Moldova,0,6
M039798_Yemen,2,0
M039798_Maldives,0,2
M039799_Cambodia,2,0
M039799_Taiwan,0,2
M039800_Japan,1,2
M039800_Bosnia and Herzegovina,2,1
M039801_Spain,0,1
M039801_Georgia,1,0
M039802_Saint Vincent and the Grenadines,0,1
M039802_Saint Kitts and Nevis,1,0
M039803_Dominican Republic,2,1
M039803_French Guiana,1,2
M039804_Curaçao,7,0
M039804_United States Virgin Islands,0,7
M039805_Colombia,2,1
M039805_Paraguay,1,2
M039806_China PR,0,1
M039806_Kazakhstan,1,0
M039807_Canada,2,1
M039807_Uzbekistan,1,2
M039808_Iran,6,0
M039808_Kyrgyzstan,0,6
M039809_India,6,1
M039809_Laos,1,6
M039810_Bangladesh,0,1
M039810_Tajikistan,1,0
M039811_Australia,1,2
M039811_Greece,2,1
M039812_United States,4,0
M039812_Costa Rica,0,4
M039813_Bulgaria,0,4
M039813_Denmark,4,0
W006184_Serbia,0,7
W006184_England,7,0
W006185_Czech Republic,3,0
W006185_Northern Ireland,0,3
W006186_Georgia,0,7
W006186_Italy,7,0
W006187_Denmark,6,0
W006187_Poland,0,6
W006188_Canada,1,0
W006188_Brazil,0,1
W006189_Wales,0,2
W006189_Norway,2,0
W006190_Republic of Ireland,9,0
W006190_Montenegro,0,9
W006191_Iceland,8,0
W006191_Macedonia,0,8
W006192_Belarus,0,1
W006192_Scotland,1,0
W006193_Australia,1,1
W006193_New Zealand,1,1
W006194_Ukraine,2,0
W006194_Greece,0,2
W006195_Finland,0,0
W006195_Portugal,0,0
M039814_Brazil,7,1
M039814_Haiti,1,7
M039815_Portugal,7,0
M039815_Estonia,0,7
M039816_Papua New Guinea,2,1
M039816_Solomon Islands,1,2
M039817_New Zealand,1,0
M039817_New Caledonia,0,1
M039818_Ecuador,2,2
M039818_Peru,2,2
M039819_Uruguay,0,1
M039819_Venezuela,1,0
M039820_Mexico,2,0
M039820_Jamaica,0,2
M039821_Argentina,5,0
M039821_Panama,0,5
M039822_France,2,1
M039822_Romania,1,2
M039823_Chile,2,1
M039823_Bolivia,1,2
M039824_United States,1,0
M039824_Paraguay,0,1
M039825_Seychelles,0,1
M039825_Madagascar,1,0
M039826_Papua New Guinea,0,0
M039826_New Zealand,0,0
M039827_England,1,1
M039827_Russia,1,1
M039828_Colombia,2,3
M039828_Costa Rica,3,2
M039829_Albania,0,1
M039829_Switzerland,1,0
M039830_Wales,2,1
M039830_Slovakia,1,2
M039831_Zimbabwe,2,2
M039831_Eswatini,2,2
M039832_Lesotho,3,0
M039832_Mauritius,0,3
M039833_Benin,2,1
M039833_Equatorial Guinea,1,2
M039834_Brazil,0,1
M039834_Peru,1,0
M039835_Ecuador,4,0
M039835_Haiti,0,4
M039836_Germany,2,0
M039836_Ukraine,0,2
M039837_Malawi,3,0
M039837_Angola,0,3
M039838_Poland,1,0
M039838_Northern Ireland,0,1
M039839_Turkey,0,1
M039839_Croatia,1,0
M039840_Republic of Ireland,1,1
M039840_Sweden,1,1
M039841_Belgium,0,2
M039841_Italy,2,0
M039842_Madagascar,0,0
M039842_Zimbabwe,0,0
M039843_Mexico,1,1
M039843_Venezuela,1,1
M039844_Spain,1,0
M039844_Czech Republic,0,1
M039845_Eswatini,4,0
M039845_Seychelles,0,4
M039846_Uruguay,3,0
M039846_Jamaica,0,3
M039847_Angola,0,2
M039847_Lesotho,2,0
M039848_Argentina,3,0
M039848_Bolivia,0,3
M039849_Austria,0,2
M039849_Hungary,2,0
M039850_Chile,4,2
M039850_Panama,2,4
M039851_Mauritius,0,1
M039851_Malawi,1,0
M039852_Portugal,1,1
M039852_Iceland,1,1
M039853_Zimbabwe,5,0
M039853_Seychelles,0,5
M039854_France,2,0
M039854_Albania,0,2
M039855_Romania,1,1
M039855_Switzerland,1,1
M039856_Russia,1,2
M039856_Slovakia,2,1
M039857_Eswatini,1,0
M039857_Madagascar,0,1
M039858_United States,2,1
M039858_Ecuador,1,2
M039859_Angola,0,2
M039859_Mauritius,2,0
M039860_Ukraine,0,2
M039860_Northern Ireland,2,0
M039861_England,2,1
M039861_Wales,1,2
M039862_Germany,0,0
M039862_Poland,0,0
M039863_Malawi,0,1
M039863_Lesotho,1,0
M039864_Peru,0,0
M039864_Colombia,0,0
M039865_Spain,3,0
M039865_Turkey,0,3
M039866_Czech Republic,2,2
M039866_Croatia,2,2
M039867_Italy,1,0
M039867_Sweden,0,1
M039868_Argentina,4,1
M039868_Venezuela,1,4
M039869_Iceland,1,1
M039869_Hungary,1,1
M039870_Mexico,0,7
M039870_Chile,7,0
M039871_Namibia,1,1
M039871_Botswana,1,1
M039872_Portugal,0,0
M039872_Austria,0,0
M039873_South Africa,1,1
M039873_Lesotho,1,1
M039874_Belgium,3,0
M039874_Republic of Ireland,0,3
M039875_Zambia,0,0
M039875_Eswatini,0,0
M039876_French Guiana,3,0
M039876_Bermuda,0,3
M039877_France,0,0
M039877_Switzerland,0,0
M039878_DR Congo,1,0
M039878_Mozambique,0,1
M039879_Romania,0,1
M039879_Albania,1,0
M039880_Slovakia,0,0
M039880_England,0,0
M039881_Russia,0,3
M039881_Wales,3,0
M039882_Croatia,2,1
M039882_Spain,1,2
M039883_Czech Republic,0,2
M039883_Turkey,2,0
M039884_Lesotho,2,3
M039884_Zambia,3,2
M039885_Namibia,3,0
M039885_Mozambique,0,3
M039886_Northern Ireland,0,1
M039886_Germany,1,0
M039887_Ukraine,0,1
M039887_Poland,1,0
M039888_United States,0,4
M039888_Argentina,4,0
M039889_Colombia,0,2
M039889_Chile,2,0
M039890_Hungary,3,3
M039890_Portugal,3,3
M039891_Iceland,2,1
M039891_Austria,1,2
M039892_Italy,0,1
M039892_Republic of Ireland,1,0
M039893_New Caledonia,1,2
M039893_Malaysia,2,1
M039894_South Africa,5,1
M039894_Eswatini,1,5
M039895_Sweden,0,1
M039895_Belgium,1,0
M039896_Botswana,0,0
M039896_DR Congo,0,0
M039897_Namibia,1,0
M039897_Zambia,0,1
M039898_Croatia,0,1
M039898_Portugal,1,0
M039899_South Africa,3,2
M039899_Botswana,2,3
M039900_Eswatini,1,0
M039900_DR Congo,0,1
M039901_Switzerland,1,1
M039901_Poland,1,1
M039902_United States,0,1
M039902_Colombia,1,0
M039903_Wales,1,0
M039903_Northern Ireland,0,1
M039904_Fiji,1,1
M039904_Malaysia,1,1
M039905_France,2,1
M039905_Republic of Ireland,1,2
M039906_Argentina,0,0
M039906_Chile,0,0
M039907_Hungary,0,4
M039907_Belgium,4,0
M039908_Germany,3,0
M039908_Slovakia,0,3
M039909_England,1,2
M039909_Iceland,2,1
M039910_Italy,2,0
M039910_Spain,0,2
W006196_Guam,5,0
W006196_Macau,0,5
M039911_Poland,1,1
M039911_Portugal,1,1
M039912_Macau,2,2
M039912_Mongolia,2,2
M039913_Wales,3,1
M039913_Belgium,1,3
W006197_Macau,0,0
W006197_Northern Mariana Islands,0,0
M039914_Germany,1,1
M039914_Italy,1,1
M039915_Mongolia,0,2
M039915_Taiwan,2,0
M039916_Northern Mariana Islands,1,3
M039916_Macau,3,1
M039917_France,5,2
M039917_Iceland,2,5
W006198_Guam,5,0
W006198_Northern Mariana Islands,0,5
M039918_Northern Mariana Islands,0,8
M039918_Mongolia,8,0
M039919_Portugal,2,0
M039919_Wales,0,2
M039920_France,2,0
M039920_Germany,0,2
W006199_United States,1,0
W006199_South Africa,0,1
M039921_France,0,1
M039921_Portugal,1,0
W006200_France,3,0
W006200_China PR,0,3
W006201_Sweden,3,0
W006201_Japan,0,3
W006202_Germany,11,0
W006202_Ghana,0,11
W006203_France,1,0
W006203_Canada,0,1
W006204_Brazil,3,1
W006204_Australia,1,3
W006205_United States,4,0
W006205_Costa Rica,0,4
M039922_Uzbekistan,2,1
M039922_Iraq,1,2
W006206_Vietnam,14,0
W006206_Singapore,0,14
W006207_Thailand,4,0
W006207_Philippines,0,4
W006208_Myanmar,17,0
W006208_Timor-Leste,0,17
M039923_Cambodia,2,1
M039923_Singapore,1,2
W006209_Singapore,0,8
W006209_Thailand,8,0
W006210_Philippines,0,4
W006210_Vietnam,4,0
W006211_Myanmar,2,1
W006211_Malaysia,1,2
W006212_Philippines,2,0
W006212_Singapore,0,2
W006213_Thailand,0,2
W006213_Vietnam,2,0
W006214_Timor-Leste,0,13
W006214_Malaysia,13,0
M039924_Felvidék,1,1
M039924_Kárpátalja,1,1
M039925_Délvidék,3,1
M039925_Székely Land,1,3
W006215_Myanmar,3,3
W006215_Vietnam,3,3
M039926_Délvidék,1,2
M039926_Felvidék,2,1
W006216_Brazil,3,0
W006216_China PR,0,3
W006217_United States,2,0
W006217_New Zealand,0,2
W006218_Zimbabwe,1,6
W006218_Germany,6,1
W006219_Canada,2,0
W006219_Australia,0,2
W006220_Sweden,1,0
W006220_South Africa,0,1
W006221_Northern Ireland,1,1
W006221_Czech Republic,1,1
W006222_France,4,0
W006222_Colombia,0,4
W006223_Latvia,2,2
W006223_Lithuania,2,2
W006224_Vietnam,1,1
W006224_Thailand,1,1
W006225_Faroe Islands,2,2
W006225_Estonia,2,2
W006226_Faroe Islands,1,0
W006226_Lithuania,0,1
W006227_Latvia,2,0
W006227_Estonia,0,2
W006228_Canada,3,1
W006228_Zimbabwe,1,3
W006229_South Africa,0,2
W006229_China PR,2,0
W006230_Brazil,5,1
W006230_Sweden,1,5
W006231_Colombia,0,1
W006231_New Zealand,1,0
W006232_United States,1,0
W006232_France,0,1
W006233_Germany,2,2
W006233_Australia,2,2
W006234_Lithuania,1,1
W006234_Estonia,1,1
W006235_Latvia,1,3
W006235_Faroe Islands,3,1
M039927_Qatar,2,1
M039927_Iraq,1,2
M039928_Oman,1,0
M039928_Turkmenistan,0,1
W006236_Brazil,0,0
W006236_South Africa,0,0
W006237_China PR,0,0
W006237_Sweden,0,0
W006238_Germany,1,2
W006238_Canada,2,1
W006239_Australia,6,1
W006239_Zimbabwe,1,6
W006240_Colombia,2,2
W006240_United States,2,2
W006241_New Zealand,0,3
W006241_France,3,0
W006242_Brazil,0,0
W006242_Australia,0,0
W006243_Canada,1,0
W006243_France,0,1
W006244_China PR,0,1
W006244_Germany,1,0
W006245_United States,1,1
W006245_Sweden,1,1
M039929_Bhutan,0,3
M039929_India,3,0
M039930_Donetsk PR,1,1
M039930_Luhansk PR,1,1
W006246_Brazil,0,0
W006246_Sweden,0,0
W006247_Canada,0,2
W006247_Germany,2,0
M039931_Jordan,2,3
M039931_Qatar,3,2
W006248_Sweden,1,2
W006248_Germany,2,1
W006249_Brazil,1,2
W006249_Canada,2,1
M039932_Iraq,1,1
M039932_North Korea,1,1
M039933_North Korea,2,0
M039933_United Arab Emirates,0,2
M039934_Saudi Arabia,4,0
M039934_Laos,0,4
M039935_Uzbekistan,1,0
M039935_Burkina Faso,0,1
M039936_Honduras,1,0
M039936_Nicaragua,0,1
M039937_Barawa,0,5
M039937_Tamil Eelam,5,0
M039938_Barawa,2,3
M039938_Chagos Islands,3,2
M039939_Tajikistan,0,0
M039939_Syria,0,0
M039940_Chagos Islands,1,5
M039940_Tamil Eelam,5,1
M039941_Dominican Republic,5,0
M039941_Puerto Rico,0,5
M039942_Egypt,1,1
M039942_Guinea,1,1
M039943_Kyrgyzstan,2,0
M039943_Kazakhstan,0,2
M039944_Uganda,0,0
M039944_Kenya,0,0
M039945_Albania,0,0
M039945_Morocco,0,0
M039946_Czech Republic,3,0
M039946_Armenia,0,3
M039947_Denmark,5,0
M039947_Liechtenstein,0,5
M039948_Estonia,1,1
M039948_Malta,1,1
M039949_Germany,2,0
M039949_Finland,0,2
M039950_Republic of Ireland,4,0
M039950_Oman,0,4
M039951_Norway,0,1
M039951_Belarus,1,0
M039952_Turkey,0,0
M039952_Russia,0,0
M039953_Lebanon,1,1
M039953_Jordan,1,1
M039954_Saudi Arabia,1,0
M039954_Thailand,0,1
M039955_Portugal,5,0
M039955_Gibraltar,0,5
M039956_Paraguay,2,1
M039956_Chile,1,2
M039957_Netherlands,1,2
M039957_Greece,2,1
M039958_Maldives,5,0
M039958_Bangladesh,0,5
M039959_South Korea,3,2
M039959_China PR,2,3
M039960_Japan,1,2
M039960_United Arab Emirates,2,1
M039961_Iran,2,0
M039961_Qatar,0,2
M039962_Hong Kong,4,2
M039962_Cambodia,2,4
M039963_Ecuador,0,3
M039963_Brazil,3,0
M039964_Colombia,2,0
M039964_Venezuela,0,2
M039965_Bolivia,0,3
M039965_Peru,3,0
M039966_Belgium,0,2
M039966_Spain,2,0
M039967_Australia,2,0
M039967_Iraq,0,2
M039968_Argentina,1,0
M039968_Uruguay,0,1
M039969_Italy,1,3
M039969_France,3,1
M039970_Uzbekistan,1,0
M039970_Syria,0,1
M039971_Bahrain,3,1
M039971_Singapore,1,3
M039972_El Salvador,1,3
M039972_Mexico,3,1
M039973_Haiti,0,1
M039973_Costa Rica,1,0
M039974_Honduras,2,1
M039974_Canada,1,2
M039975_Latvia,3,1
M039975_Luxembourg,1,3
M039976_Panama,2,0
M039976_Jamaica,0,2
M039977_South Africa,1,1
M039977_Mauritania,1,1
M039978_Saint Vincent and the Grenadines,0,6
M039978_United States,6,0
M039979_Sudan,1,2
M039979_Gabon,2,1
M039980_Trinidad and Tobago,2,2
M039980_Guatemala,2,2
M039981_Senegal,2,0
M039981_Namibia,0,2
M039982_Nigeria,1,0
M039982_Tanzania,0,1
M039983_Mozambique,1,0
M039983_Mauritius,0,1
M039984_Ivory Coast,1,1
M039984_Sierra Leone,1,1
M039985_India,4,1
M039985_Puerto Rico,1,4
M039986_Ethiopia,2,1
M039986_Seychelles,1,2
M039987_Cape Verde,0,1
M039987_Libya,1,0
M039988_Cameroon,2,0
M039988_Gambia,0,2
M039989_Angola,1,1
M039989_Madagascar,1,1
M039990_Ghana,1,1
M039990_Rwanda,1,1
M039991_Czech Republic,0,0
M039991_Northern Ireland,0,0
M039992_Algeria,6,0
M039992_Lesotho,0,6
M039993_Bahrain,0,0
M039993_Jordan,0,0
M039994_Congo,1,0
M039994_Guinea-Bissau,0,1
M039995_DR Congo,4,1
M039995_Central African Republic,1,4
M039996_Burkina Faso,2,1
M039996_Botswana,1,2
M039997_Denmark,1,0
M039997_Armenia,0,1
M039998_Guinea,1,0
M039998_Zimbabwe,0,1
M039999_Zambia,1,1
M039999_Kenya,1,1
M040000_Uganda,1,0
M040000_Comoros,0,1
M040001_Tunisia,4,1
M040001_Liberia,1,4
M040002_Togo,5,0
M040002_Djibouti,0,5
M040003_Equatorial Guinea,4,0
M040003_South Sudan,0,4
M040004_San Marino,0,1
M040004_Azerbaijan,1,0
M040005_Romania,1,1
M040005_Montenegro,1,1
M040006_Norway,0,3
M040006_Germany,3,0
M040007_Slovakia,0,1
M040007_England,1,0
M040008_Niger,3,1
M040008_Burundi,1,3
M040009_Morocco,2,0
M040009_São Tomé and Príncipe,0,2
M040010_Mali,5,2
M040010_Benin,2,5
M040011_Malawi,1,0
M040011_Eswatini,0,1
M040012_Lithuania,2,2
M040012_Slovenia,2,2
M040013_Kazakhstan,2,2
M040013_Poland,2,2
M040014_Malta,1,5
M040014_Scotland,5,1
M040015_Wales,4,0
M040015_Moldova,0,4
M040016_Albania,2,1
M040016_North Macedonia,1,2
M040017_Croatia,1,1
M040017_Turkey,1,1
M040018_Finland,1,1
M040018_Kosovo,1,1
M040019_Georgia,1,2
M040019_Austria,2,1
M040020_Israel,1,3
M040020_Italy,3,1
M040021_Lebanon,2,0
M040021_Afghanistan,0,2
M040022_Serbia,2,2
M040022_Republic of Ireland,2,2
M040023_Spain,8,0
M040023_Liechtenstein,0,8
M040024_Ukraine,1,1
M040024_Iceland,1,1
M040025_Qatar,0,1
M040025_Uzbekistan,1,0
M040026_Brazil,2,1
M040026_Colombia,1,2
M040027_Bulgaria,4,3
M040027_Luxembourg,3,4
M040028_Cameroon,2,1
M040028_Gabon,1,2
M040029_Canada,3,1
M040029_El Salvador,1,3
M040030_Chile,3,0
M040030_Bolivia,0,3
M040031_China PR,0,0
M040031_Iran,0,0
M040032_Costa Rica,3,1
M040032_Panama,1,3
M040033_Cyprus,0,3
M040033_Belgium,3,0
M040034_Faroe Islands,0,0
M040034_Hungary,0,0
M040035_Gibraltar,1,4
M040035_Greece,4,1
M040036_Indonesia,3,0
M040036_Malaysia,0,3
M040037_Iraq,1,2
M040037_Saudi Arabia,2,1
M040038_Jamaica,0,2
M040038_Haiti,2,0
M040039_Kyrgyzstan,1,2
M040039_Philippines,2,1
M040040_Maldives,4,0
M040040_Laos,0,4
M040041_Mexico,0,0
M040041_Honduras,0,0
M040042_Palestine,1,1
M040042_Tajikistan,1,1
M040043_Peru,2,1
M040043_Ecuador,1,2
M040044_Russia,1,0
M040044_Ghana,0,1
M040045_South Africa,1,0
M040045_Egypt,0,1
M040046_Sweden,1,1
M040046_Netherlands,1,1
M040047_Switzerland,2,0
M040047_Portugal,0,2
M040048_Syria,0,0
M040048_South Korea,0,0
M040049_Thailand,0,2
M040049_Japan,2,0
M040050_United Arab Emirates,0,1
M040050_Australia,1,0
M040051_Uruguay,4,0
M040051_Paraguay,0,4
M040052_United States,4,0
M040052_Trinidad and Tobago,0,4
M040053_Venezuela,2,2
M040053_Argentina,2,2
M040054_Guatemala,9,3
M040054_Saint Vincent and the Grenadines,3,9
M040055_Bosnia and Herzegovina,5,0
M040055_Estonia,0,5
M040056_Bangladesh,0,0
M040056_Bhutan,0,0
M040057_Belarus,0,0
M040057_France,0,0
M040058_Andorra,0,1
M040058_Latvia,1,0
W006250_Zanzibar,1,10
W006250_Burundi,10,1
W006251_Uganda,0,4
W006251_Kenya,4,0
W006252_Tanzania,3,2
W006252_Rwanda,2,3
W006253_Burundi,0,4
W006253_Kenya,4,0
W006254_Uganda,9,0
W006254_Zanzibar,0,9
W006255_Rwanda,2,3
W006255_Ethiopia,3,2
W006256_England,5,0
W006256_Estonia,0,5
W006257_Uganda,1,0
W006257_Burundi,0,1
W006258_Kenya,11,0
W006258_Zanzibar,0,11
W006259_Serbia,1,3
W006259_Belgium,3,1
W006260_Georgia,0,3
W006260_Switzerland,3,0
W006261_Norway,10,0
W006261_Kazakhstan,0,10
W006262_Sweden,2,1
W006262_Slovakia,1,2
W006263_Belarus,6,2
W006263_Macedonia,2,6
W006264_Moldova,0,5
W006264_Denmark,5,0
W006265_Wales,3,0
W006265_Israel,0,3
W006266_Romania,2,1
W006266_Ukraine,1,2
W006267_Spain,13,0
W006267_Montenegro,0,13
W006268_France,1,1
W006268_Brazil,1,1
W006269_Northern Ireland,0,3
W006269_Italy,3,0
W006270_Russia,0,4
W006270_Germany,4,0
W006271_Portugal,3,2
W006271_Finland,2,3
W006272_Iceland,4,0
W006272_Slovenia,0,4
W006273_United States,9,0
W006273_Thailand,0,9
W006274_Tanzania,0,0
W006274_Ethiopia,0,0
W006275_Uganda,1,4
W006275_Tanzania,4,1
W006276_Kenya,3,2
W006276_Ethiopia,2,3
W006277_Norway,5,0
W006277_Israel,0,5
W006278_United States,3,1
W006278_Netherlands,1,3
W006279_Iceland,1,2
W006279_Scotland,2,1
W006280_Spain,5,0
W006280_Finland,0,5
W006281_Belarus,2,0
W006281_Slovenia,0,2
W006282_Kenya,1,2
W006282_Tanzania,2,1
W006283_Uganda,1,4
W006283_Ethiopia,4,1
W006284_Wales,0,0
W006284_Austria,0,0
W006285_Belgium,0,2
W006285_England,2,0
W006286_Bosnia and Herzegovina,2,4
W006286_Serbia,4,2
W006287_Italy,3,1
W006287_Czech Republic,1,3
W006288_Switzerland,4,0
W006288_Northern Ireland,0,4
W006289_Russia,5,0
W006289_Croatia,0,5
W006290_Hungary,0,1
W006290_Germany,1,0
W006291_Denmark,2,0
W006291_Sweden,0,2
W006292_Poland,4,0
W006292_Moldova,0,4
W006293_France,6,0
W006293_Albania,0,6
W006294_Romania,4,0
W006294_Greece,0,4
W006295_Republic of Ireland,0,1
W006295_Portugal,1,0
M040059_Qatar,3,0
M040059_Serbia,0,3
M040060_Botswana,1,1
M040060_Angola,1,1
M040061_DR Congo,0,1
M040061_Kenya,1,0
M040062_Togo,1,0
M040062_Uganda,0,1
M040063_Curaçao,3,0
M040063_Antigua and Barbuda,0,3
M040064_Solomon Islands,0,3
M040064_New Caledonia,3,0
M040065_Tajikistan,3,3
M040065_Palestine,3,3
M040066_Trinidad and Tobago,4,0
M040066_Dominican Republic,0,4
M040067_Liechtenstein,0,2
M040067_Albania,2,0
M040068_North Macedonia,1,2
M040068_Israel,2,1
M040069_Mauritania,0,4
M040069_Canada,4,0
M040070_Paraguay,0,1
M040070_Colombia,1,0
M040071_Peru,2,2
M040071_Argentina,2,2
M040072_Uruguay,3,0
M040072_Venezuela,0,3
M040073_Turkey,2,2
M040073_Ukraine,2,2
M040074_United Arab Emirates,3,1
M040074_Thailand,1,3
M040075_Vietnam,5,2
M040075_North Korea,2,5
M040076_Uzbekistan,0,1
M040076_Iran,1,0
M040077_Saudi Arabia,2,2
M040077_Australia,2,2
M040078_Kyrgyzstan,0,0
M040078_Lebanon,0,0
M040079_Moldova,0,3
M040079_Serbia,3,0
M040080_South Korea,3,2
M040080_Qatar,2,3
M040081_Austria,2,2
M040081_Wales,2,2
M040082_Kosovo,0,6
M040082_Croatia,6,0
M040083_Cambodia,0,2
M040083_Hong Kong,2,0
M040084_China PR,0,1
M040084_Syria,1,0
M040085_Brazil,5,0
M040085_Bolivia,0,5
M040086_Iceland,3,2
M040086_Finland,2,3
M040087_Republic of Ireland,1,0
M040087_Georgia,0,1
M040088_Italy,1,1
M040088_Spain,1,1
M040089_Japan,2,1
M040089_Iraq,1,2
M040090_Ecuador,3,0
M040090_Chile,0,3
M040091_Singapore,0,0
M040091_Malaysia,0,0
M040092_Portugal,6,0
M040092_Andorra,0,6
M040093_Philippines,1,3
M040093_Bahrain,3,1
M040094_Oman,1,1
M040094_Jordan,1,1
M040095_Netherlands,4,1
M040095_Belarus,1,4
M040096_Latvia,0,2
M040096_Faroe Islands,2,0
M040097_Luxembourg,0,1
M040097_Sweden,1,0
M040098_Greece,2,0
M040098_Cyprus,0,2
M040099_Ghana,0,0
M040099_Uganda,0,0
M040100_France,4,1
M040100_Bulgaria,1,4
M040101_Estonia,4,0
M040101_Gibraltar,0,4
M040102_Cuba,0,2
M040102_United States,2,0
M040103_Belgium,4,0
M040103_Bosnia and Herzegovina,0,4
M040104_Hungary,2,3
M040104_Switzerland,3,2
M040105_Montenegro,5,0
M040105_Kazakhstan,0,5
M040106_Mexico,2,1
M040106_New Zealand,1,2
M040107_Ivory Coast,3,1
M040107_Mali,1,3
M040108_Germany,3,0
M040108_Czech Republic,0,3
M040109_Gabon,0,0
M040109_Morocco,0,0
M040110_French Guiana,1,0
M040110_Saint Kitts and Nevis,0,1
M040111_Burkina Faso,1,1
M040111_South Africa,1,1
M040112_Dominican Republic,1,2
M040112_Martinique,2,1
M040113_Belize,1,2
M040113_Honduras,2,1
M040114_Azerbaijan,1,0
M040114_Norway,0,1
M040115_Armenia,0,5
M040115_Romania,5,0
M040116_Northern Ireland,4,0
M040116_San Marino,0,4
M040117_England,2,0
M040117_Malta,0,2
M040118_Poland,3,2
M040118_Denmark,2,3
M040119_DR Congo,4,0
M040119_Libya,0,4
M040120_Senegal,2,0
M040120_Cape Verde,0,2
M040121_Slovenia,1,0
M040121_Slovakia,0,1
M040122_Solomon Islands,0,1
M040122_New Caledonia,1,0
M040123_Suriname,3,2
M040123_Guyana,2,3
M040124_Taiwan,2,1
M040124_Timor-Leste,1,2
M040125_Scotland,1,1
M040125_Lithuania,1,1
M040126_Zambia,1,2
M040126_Nigeria,2,1
M040127_Wales,1,1
M040127_Georgia,1,1
M040128_Ukraine,3,0
M040128_Kosovo,0,3
M040129_Tunisia,2,0
M040129_Guinea,0,2
M040130_Togo,2,0
M040130_Mozambique,0,2
M040131_Serbia,3,2
M040131_Austria,2,3
M040132_Russia,3,4
M040132_Costa Rica,4,3
M040133_Moldova,1,3
M040133_Republic of Ireland,3,1
M040134_Israel,2,1
M040134_Liechtenstein,1,2
M040135_Indonesia,2,2
M040135_Vietnam,2,2
M040136_Iceland,2,0
M040136_Turkey,0,2
M040137_Finland,0,1
M040137_Croatia,1,0
M040138_Congo,1,2
M040138_Egypt,2,1
M040139_Cambodia,4,0
M040139_Sri Lanka,0,4
M040140_Algeria,1,1
M040140_Cameroon,1,1
M040141_Albania,0,2
M040141_Spain,2,0
M040142_North Macedonia,2,3
M040142_Italy,3,2
M040143_Latvia,0,2
M040143_Hungary,2,0
M040144_Sweden,3,0
M040144_Bulgaria,0,3
M040145_Philippines,1,3
M040145_North Korea,3,1
M040146_Netherlands,0,1
M040146_France,1,0
M040147_Gibraltar,0,6
M040147_Belgium,6,0
M040148_Belarus,1,1
M040148_Luxembourg,1,1
M040149_Estonia,0,2
M040149_Greece,2,0
M040150_Bosnia and Herzegovina,2,0
M040150_Cyprus,0,2
M040151_Bhutan,3,1
M040151_Bangladesh,1,3
M040152_Andorra,1,2
M040152_Switzerland,2,1
M040153_Faroe Islands,0,6
M040153_Portugal,6,0
M040154_Mexico,1,0
M040154_Panama,0,1
M040155_Morocco,4,0
M040155_Canada,0,4
M040156_Norway,4,1
M040156_San Marino,1,4
M040157_Oman,2,2
M040157_Bahrain,2,2
M040158_Poland,2,1
M040158_Armenia,1,2
M040159_Puerto Rico,2,4
M040159_Curaçao,4,2
M040160_Slovakia,3,0
M040160_Scotland,0,3
M040161_Saudi Arabia,3,0
M040161_United Arab Emirates,0,3
M040162_Slovenia,0,0
M040162_England,0,0
M040163_South Africa,1,1
M040163_Ghana,1,1
M040164_Uzbekistan,2,0
M040164_China PR,0,2
M040165_Venezuela,0,2
M040165_Brazil,2,0
M040166_Malaysia,1,1
M040166_Afghanistan,1,1
M040167_Qatar,1,0
M040167_Syria,0,1
M040168_Lithuania,2,0
M040168_Malta,0,2
M040169_Czech Republic,0,0
M040169_Azerbaijan,0,0
M040170_Laos,1,1
M040170_Maldives,1,1
M040171_Kyrgyzstan,1,0
M040171_Turkmenistan,0,1
M040172_Kazakhstan,0,0
M040172_Romania,0,0
M040173_Iraq,4,0
M040173_Thailand,0,4
M040174_Iran,1,0
M040174_South Korea,0,1
M040175_Hong Kong,2,0
M040175_Singapore,0,2
M040176_Germany,2,0
M040176_Northern Ireland,0,2
M040177_Denmark,0,1
M040177_Montenegro,1,0
M040178_Colombia,2,2
M040178_Uruguay,2,2
M040179_Chile,2,1
M040179_Peru,1,2
M040180_Lebanon,1,1
M040180_Equatorial Guinea,1,1
M040181_Bolivia,2,2
M040181_Ecuador,2,2
M040182_Australia,1,1
M040182_Japan,1,1
M040183_Argentina,0,1
M040183_Paraguay,1,0
M040184_Cambodia,2,1
M040184_Laos,1,2
M040185_Brunei,2,1
M040185_Timor-Leste,1,2
M040186_Cambodia,3,0
M040186_Brunei,0,3
M040187_Timor-Leste,1,2
M040187_Laos,2,1
W006296_United States,4,0
W006296_Switzerland,0,4
W006297_China PR,2,2
W006297_Iceland,2,2
W006298_Denmark,2,1
W006298_Uzbekistan,1,2
M040188_Cambodia,3,2
M040188_Timor-Leste,2,3
M040189_Laos,4,3
M040189_Brunei,3,4
W006299_Portugal,0,0
W006299_Romania,0,0
W006300_England,0,0
W006300_France,0,0
W006301_China PR,4,1
W006301_Uzbekistan,1,4
W006302_Denmark,1,0
W006302_Iceland,0,1
W006303_Germany,4,2
W006303_Austria,2,4
W006304_United States,5,1
W006304_Switzerland,1,5
W006305_China PR,1,0
W006305_Denmark,0,1
W006306_Norway,0,0
W006306_Sweden,0,0
W006307_Iceland,1,0
W006307_Uzbekistan,0,1
W006308_Germany,4,2
W006308_Netherlands,2,4
W006309_Romania,1,1
W006309_Portugal,1,1
W006310_Spain,1,2
W006310_England,2,1
M040190_Brunei,4,0
M040190_Timor-Leste,0,4
M040191_Sri Lanka,1,2
M040191_Laos,2,1
M040192_Macau,2,1
M040192_Mongolia,1,2
M040193_Myanmar,0,0
M040193_Indonesia,0,0
M040194_Timor-Leste,0,0
M040194_Nepal,0,0
M040195_Zimbabwe,1,0
M040195_Zambia,0,1
M040196_Mongolia,2,0
M040196_Sri Lanka,0,2
M040197_Hong Kong,3,2
M040197_Guam,2,3
M040198_Jordan,0,0
M040198_Iraq,0,0
M040199_North Korea,2,0
M040199_Taiwan,0,2
M040200_Laos,1,4
M040200_Macau,4,1
M040201_Tahiti,3,0
M040201_Solomon Islands,0,3
M040202_Vietnam,3,2
M040202_Indonesia,2,3
M040203_Uganda,0,1
M040203_Zambia,1,0
M040204_Nepal,3,0
M040204_Brunei,0,3
W006311_Hong Kong,0,5
W006311_Taiwan,5,0
W006312_Guam,0,13
W006312_South Korea,13,0
M040205_United Arab Emirates,2,0
M040205_Bahrain,0,2
M040206_Tajikistan,3,0
M040206_Turkmenistan,0,3
M040207_Syria,2,0
M040207_Singapore,0,2
M040208_Guam,0,2
M040208_North Korea,2,0
M040209_Greece,0,1
M040209_Belarus,1,0
M040210_Sri Lanka,1,1
M040210_Macau,1,1
M040211_Philippines,1,0
M040211_Kyrgyzstan,0,1
M040212_Netherlands,1,1
M040212_Belgium,1,1
M040213_Mongolia,0,3
M040213_Laos,3,0
M040214_Hong Kong,4,2
M040214_Taiwan,2,4
M040215_Haiti,2,5
M040215_French Guiana,5,2
M040216_Uzbekistan,1,0
M040216_Jordan,0,1
M040217_Uruguay,2,1
M040217_Ecuador,1,2
M040218_Qatar,2,1
M040218_Russia,1,2
M040219_Paraguay,1,4
M040219_Peru,4,1
M040220_Lebanon,1,1
M040220_Palestine,1,1
M040221_Iran,8,1
M040221_Papua New Guinea,1,8
M040222_Colombia,0,0
M040222_Chile,0,0
M040223_Venezuela,5,0
M040223_Bolivia,0,5
M040224_Brazil,3,0
M040224_Argentina,0,3
M040225_Japan,4,0
M040225_Oman,0,4
M040226_Romania,0,3
M040226_Poland,3,0
M040227_San Marino,0,8
M040227_Germany,8,0
M040228_Slovakia,4,0
M040228_Lithuania,0,4
M040229_Togo,2,2
M040229_Comoros,2,2
M040230_Trinidad and Tobago,0,2
M040230_Costa Rica,2,0
M040231_United States,1,2
M040231_Mexico,2,1
M040232_Northern Ireland,4,0
M040232_Azerbaijan,0,4
M040233_Malta,0,1
M040233_Slovenia,1,0
M040234_Libya,0,1
M040234_Tunisia,1,0
M040235_South Korea,2,0
M040235_Canada,0,2
M040236_Honduras,0,1
M040236_Panama,1,0
M040237_England,3,0
M040237_Scotland,0,3
M040238_Denmark,4,1
M040238_Kazakhstan,1,4
M040239_Czech Republic,2,1
M040239_Norway,1,2
M040240_Armenia,3,2
M040240_Montenegro,2,3
M040241_France,2,1
M040241_Sweden,1,2
W006313_Hong Kong,0,14
W006313_South Korea,14,0
W006314_United States,8,1
W006314_Romania,1,8
W006315_Taiwan,8,1
W006315_Guam,1,8
M040242_Macau,1,1
M040242_Brunei,1,1
M040243_Mali,0,0
M040243_Gabon,0,0
M040244_Morocco,0,0
M040244_Ivory Coast,0,0
M040245_Nepal,2,2
M040245_Laos,2,2
M040246_Uganda,1,0
M040246_Congo,0,1
M040247_Turkey,2,0
M040247_Kosovo,0,2
M040248_Nigeria,3,1
M040248_Algeria,1,3
M040249_New Zealand,2,0
M040249_New Caledonia,0,2
M040250_Liechtenstein,0,4
M040250_Italy,4,0
M040251_Spain,4,0
M040251_North Macedonia,0,4
M040252_Kenya,1,0
M040252_Mozambique,0,1
M040253_Cameroon,1,1
M040253_Zambia,1,1
M040254_Georgia,1,1
M040254_Moldova,1,1
M040255_Hong Kong,0,1
M040255_North Korea,1,0
M040256_Wales,1,1
M040256_Serbia,1,1
M040257_Albania,0,3
M040257_Israel,3,0
M040258_Ukraine,1,0
M040258_Finland,0,1
M040259_Cape Verde,0,2
M040259_Burkina Faso,2,0
M040260_Austria,0,1
M040260_Republic of Ireland,1,0
M040261_Croatia,2,0
M040261_Iceland,0,2
M040262_Belgium,8,1
M040262_Estonia,1,8
M040263_Tajikistan,1,0
M040263_Afghanistan,0,1
M040264_Switzerland,2,0
M040264_Faroe Islands,0,2
M040265_Saint Kitts and Nevis,0,2
M040265_Haiti,2,0
M040266_Solomon Islands,1,0
M040266_Tahiti,0,1
M040267_Singapore,1,0
M040267_Cambodia,0,1
M040268_Portugal,4,1
M040268_Latvia,1,4
M040269_Luxembourg,1,3
M040269_Netherlands,3,1
M040270_Zimbabwe,3,0
M040270_Tanzania,0,3
M040271_Hungary,4,0
M040271_Andorra,0,4
M040272_Guinea,1,2
M040272_DR Congo,2,1
M040273_Greece,1,1
M040273_Bosnia and Herzegovina,1,1
M040274_Egypt,2,0
M040274_Ghana,0,2
M040275_Cyprus,3,1
M040275_Gibraltar,1,3
M040276_Bulgaria,1,0
M040276_Belarus,0,1
M040277_Jamaica,1,0
M040277_Suriname,0,1
M040278_Poland,1,1
M040278_Slovenia,1,1
M040279_Malaysia,2,1
M040279_Papua New Guinea,1,2
M040280_Myanmar,0,3
M040280_Oman,3,0
M040281_Laos,3,2
M040281_Brunei,2,3
W006316_United States,5,0
W006316_Romania,0,5
W006317_Hong Kong,1,0
W006317_Guam,0,1
W006318_South Korea,9,0
W006318_Taiwan,0,9
M040282_Mozambique,1,1
M040282_South Africa,1,1
M040283_Nepal,1,0
M040283_Macau,0,1
M040284_New Caledonia,0,0
M040284_New Zealand,0,0
M040285_Northern Ireland,0,3
M040285_Croatia,3,0
M040286_Panama,0,0
M040286_Mexico,0,0
M040287_Peru,0,2
M040287_Brazil,2,0
M040288_Russia,1,0
M040288_Romania,0,1
M040289_Thailand,2,2
M040289_Australia,2,2
M040290_Tunisia,0,0
M040290_Mauritania,0,0
M040291_Ukraine,2,0
M040291_Serbia,0,2
M040292_Morocco,2,1
M040292_Togo,1,2
M040293_United Arab Emirates,2,0
M040293_Iraq,0,2
M040294_Syria,0,0
M040294_Iran,0,0
M040295_Malta,0,2
M040295_Iceland,2,0
M040296_Chile,3,1
M040296_Uruguay,1,3
M040297_Kenya,1,0
M040297_Liberia,0,1
M040298_Jordan,0,0
M040298_Lebanon,0,0
M040299_Japan,2,1
M040299_Saudi Arabia,1,2
M040300_Honduras,3,1
M040300_Trinidad and Tobago,1,3
M040301_Gabon,1,1
M040301_Comoros,1,1
M040302_France,0,0
M040302_Ivory Coast,0,0
M040303_England,2,2
M040303_Spain,2,2
M040304_Ecuador,3,0
M040304_Venezuela,0,3
M040305_Czech Republic,1,1
M040305_Denmark,1,1
M040306_Costa Rica,4,0
M040306_United States,0,4
M040307_China PR,0,0
M040307_Qatar,0,0
M040308_Bolivia,1,0
M040308_Paraguay,0,1
M040309_Bahrain,0,0
M040309_Kyrgyzstan,0,0
M040310_Argentina,3,0
M040310_Colombia,0,3
M040311_South Korea,2,1
M040311_Uzbekistan,1,2
M040312_Austria,0,0
M040312_Slovakia,0,0
M040313_Italy,0,0
M040313_Germany,0,0
M040314_Saint Kitts and Nevis,1,1
M040314_Estonia,1,1
M040315_Thailand,4,2
M040315_Indonesia,2,4
M040316_Philippines,0,0
M040316_Singapore,0,0
W006319_Cameroon,2,0
W006319_Egypt,0,2
W006320_South Africa,0,0
W006320_Zimbabwe,0,0
M040317_Malaysia,3,2
M040317_Cambodia,2,3
M040318_Myanmar,1,2
M040318_Vietnam,2,1
W006321_Nigeria,6,0
W006321_Mali,0,6
W006322_Ghana,3,1
W006322_Kenya,1,3
M040319_Thailand,1,0
M040319_Singapore,0,1
M040320_Philippines,2,2
M040320_Indonesia,2,2
M040321_Antigua and Barbuda,0,1
M040321_Estonia,1,0
W006323_Zimbabwe,0,1
W006323_Egypt,1,0
W006324_Cameroon,1,0
W006324_South Africa,0,1
M040322_Malaysia,0,1
M040322_Vietnam,1,0
M040323_Myanmar,3,1
M040323_Cambodia,1,3
W006325_Nigeria,1,1
W006325_Ghana,1,1
W006326_Kenya,1,3
W006326_Mali,3,1
M040324_Singapore,1,2
M040324_Indonesia,2,1
M040325_Philippines,0,1
M040325_Thailand,1,0
W006327_Cameroon,2,0
W006327_Zimbabwe,0,2
W006328_Egypt,0,5
W006328_South Africa,5,0
M040326_Myanmar,1,0
M040326_Malaysia,0,1
M040327_Ryūkyū,0,9
M040327_United Koreans in Japan,9,0
M040328_Vietnam,2,1
M040328_Cambodia,1,2
W006329_Kenya,0,4
W006329_Nigeria,4,0
W006330_Mali,1,3
W006330_Ghana,3,1
W006331_France,1,0
W006331_Spain,0,1
W006332_Netherlands,0,1
W006332_England,1,0
W006333_Cameroon,1,0
W006333_Ghana,0,1
W006334_Nigeria,1,0
W006334_South Africa,0,1
W006335_Germany,1,1
W006335_Norway,1,1
W006336_Ghana,1,0
W006336_South Africa,0,1
M040329_Indonesia,2,1
M040329_Vietnam,1,2
W006337_Cameroon,0,1
W006337_Nigeria,1,0
M040330_Myanmar,0,2
M040330_Thailand,2,0
M040331_Vietnam,2,2
M040331_Indonesia,2,2
W006338_Italy,3,0
W006338_Russia,0,3
W006339_Brazil,6,0
W006339_Costa Rica,0,6
M040332_Thailand,4,0
M040332_Myanmar,0,4
W006340_Italy,3,0
W006340_Costa Rica,0,3
W006341_Brazil,4,0
W006341_Russia,0,4
M040333_Indonesia,2,1
M040333_Thailand,1,2
W006342_Brazil,3,1
W006342_Italy,1,3
W006343_Costa Rica,1,3
W006343_Russia,3,1
M040334_Thailand,2,0
M040334_Indonesia,0,2
W006344_Russia,1,0
W006344_Costa Rica,0,1
W006345_Brazil,5,3
W006345_Italy,3,5
M040335_Ivory Coast,0,0
M040335_Zimbabwe,0,0
W006346_Nepal,8,0
W006346_Bhutan,0,8
W006347_Sri Lanka,2,5
W006347_Maldives,5,2
M040336_Nicaragua,2,1
M040336_Trinidad and Tobago,1,2
W006348_India,5,1
W006348_Afghanistan,1,5
M040337_Catalonia,3,3
M040337_Tunisia,3,3
W006349_Bhutan,0,2
W006349_Sri Lanka,2,0
W006350_Maldives,0,9
W006350_Nepal,9,0
W006351_Bangladesh,6,0
W006351_Afghanistan,0,6
M040338_Basque Country,3,1
M040338_Tunisia,1,3
M040339_Nicaragua,1,3
M040339_Trinidad and Tobago,3,1
W006352_Nepal,1,0
W006352_Sri Lanka,0,1
W006353_Maldives,3,1
W006353_Bhutan,1,3
W006354_India,0,0
W006354_Bangladesh,0,0
W006355_Bangladesh,6,0
W006355_Maldives,0,6
W006356_India,3,1
W006356_Nepal,1,3
M040340_Trinidad and Tobago,1,2
M040340_Suriname,2,1
M040341_Tunisia,2,0
M040341_Uganda,0,2
W006357_India,3,1
W006357_Bangladesh,1,3
M040342_Cameroon,2,0
M040342_DR Congo,0,2
M040343_Suriname,2,4
M040343_Haiti,4,2
M040344_Algeria,3,1
M040344_Mauritania,1,3
M040345_Burkina Faso,2,1
M040345_Mali,1,2
M040346_Egypt,1,0
M040346_Tunisia,0,1
M040347_Ivory Coast,2,1
M040347_Sweden,1,2
M040348_Libya,1,2
M040348_Senegal,2,1
M040349_Trinidad and Tobago,3,4
M040349_Haiti,4,3
M040350_Morocco,0,1
M040350_Finland,1,0
M040351_Algeria,6,0
M040351_Mauritania,0,6
M040352_Cameroon,1,1
M040352_Zimbabwe,1,1
M040353_China PR,0,2
M040353_Iceland,2,0
M040354_Chile,1,1
M040354_Croatia,1,1
M040355_Ivory Coast,3,0
M040355_Uganda,0,3
M040356_Congo,0,2
M040356_Senegal,2,0
M040357_Honduras,2,1
M040357_Nicaragua,1,2
M040358_Gabon,1,1
M040358_Guinea-Bissau,1,1
M040359_Cambodia,2,7
M040359_Saudi Arabia,7,2
M040360_China PR,1,1
M040360_Croatia,1,1
M040361_Burkina Faso,1,1
M040361_Cameroon,1,1
M040362_Algeria,2,2
M040362_Zimbabwe,2,2
M040363_Belize,0,3
M040363_Costa Rica,3,0
M040364_Iceland,0,1
M040364_Chile,1,0
M040365_Tunisia,0,2
M040365_Senegal,2,0
M040366_El Salvador,1,2
M040366_Honduras,2,1
M040367_DR Congo,1,0
M040367_Morocco,0,1
M040368_Ivory Coast,0,0
M040368_Togo,0,0
M040369_Qatar,1,1
M040369_Moldova,1,1
M040370_El Salvador,3,1
M040370_Belize,1,3
M040371_Ghana,1,0
M040371_Uganda,0,1
M040372_Mali,0,0
M040372_Egypt,0,0
M040373_Cameroon,2,1
M040373_Guinea-Bissau,1,2
M040374_Gabon,1,1
M040374_Burkina Faso,1,1
M040375_Algeria,1,2
M040375_Tunisia,2,1
M040376_Senegal,2,0
M040376_Zimbabwe,0,2
W006358_Myanmar,0,4
W006358_Ukraine,4,0
W006359_Norway,2,1
W006359_Sweden,1,2
W006360_China PR,2,0
W006360_Thailand,0,2
M040377_Ivory Coast,2,2
M040377_DR Congo,2,2
M040378_Nicaragua,3,1
M040378_Belize,1,3
M040379_Morocco,3,1
M040379_Togo,1,3
W006361_Romania,7,1
W006361_Netherlands,1,7
M040380_Egypt,1,0
M040380_Uganda,0,1
M040381_Ghana,1,0
M040381_Mali,0,1
W006362_China PR,2,0
W006362_Myanmar,0,2
W006363_Ukraine,0,1
W006363_Thailand,1,0
M040382_Guinea-Bissau,0,2
M040382_Burkina Faso,2,0
M040383_Belize,0,1
M040383_Honduras,1,0
M040384_Bermuda,2,4
M040384_Canada,4,2
M040385_Gabon,0,0
M040385_Cameroon,0,0
M040386_El Salvador,1,0
M040386_Nicaragua,0,1
M040387_Panama,1,0
M040387_Costa Rica,0,1
W006364_England,0,1
W006364_Norway,1,0
W006365_France,2,0
W006365_South Africa,0,2
M040388_Zimbabwe,2,4
M040388_Tunisia,4,2
M040389_Senegal,2,2
M040389_Algeria,2,2
M040390_Uzbekistan,2,2
M040390_Georgia,2,2
M040391_Togo,1,3
M040391_DR Congo,3,1
M040392_Morocco,1,0
M040392_Ivory Coast,0,1
W006366_Thailand,3,0
W006366_Myanmar,0,3
W006367_England,0,0
W006367_Sweden,0,0
W006368_China PR,5,0
W006368_Ukraine,0,5
W006369_Russia,0,4
W006369_Netherlands,4,0
M040393_Egypt,1,0
M040393_Ghana,0,1
M040394_Jordan,1,0
M040394_Georgia,0,1
M040395_Uganda,1,1
M040395_Mali,1,1
M040396_Brazil,1,0
M040396_Colombia,0,1
M040397_Senegal,0,0
M040397_Cameroon,0,0
M040398_Burkina Faso,2,0
M040398_Tunisia,0,2
M040399_United States,0,0
M040399_Serbia,0,0
M040400_Egypt,1,0
M040400_Morocco,0,1
M040401_DR Congo,1,2
M040401_Ghana,2,1
M040402_Burkina Faso,1,1
M040402_Egypt,1,1
M040403_Cameroon,2,0
M040403_Ghana,0,2
M040404_Burkina Faso,1,0
M040404_Ghana,0,1
M040405_Egypt,1,2
M040405_Cameroon,2,1
M040406_Mexico,1,0
M040406_Iceland,0,1
M040407_Ecuador,3,1
M040407_Honduras,1,3
W006370_Portugal,0,1
W006370_Russia,1,0
W006371_Taiwan,1,5
W006371_Slovenia,5,1
W006372_South Korea,0,0
W006372_Austria,0,0
W006373_Belgium,2,2
W006373_Switzerland,2,2
W006374_North Korea,3,0
W006374_Italy,0,3
W006375_United States,1,0
W006375_Germany,0,1
W006376_England,1,2
W006376_France,2,1
W006377_Australia,0,1
W006377_Sweden,1,0
W006378_Netherlands,1,0
W006378_China PR,0,1
W006379_Norway,1,1
W006379_Iceland,1,1
W006380_Japan,1,2
W006380_Spain,2,1
W006381_Denmark,0,1
W006381_Canada,1,0
W006382_New Zealand,2,3
W006382_Scotland,3,2
W006383_Slovakia,0,0
W006383_Northern Ireland,0,0
W006384_Hungary,0,2
W006384_Wales,2,0
W006385_Czech Republic,0,2
W006385_Republic of Ireland,2,0
W006386_Japan,2,0
W006386_Iceland,0,2
W006387_Portugal,0,6
W006387_Denmark,6,0
W006388_Russia,1,2
W006388_Canada,2,1
W006389_Australia,3,2
W006389_Netherlands,2,3
W006390_China PR,0,0
W006390_Sweden,0,0
W006391_Switzerland,1,0
W006391_North Korea,0,1
W006392_Italy,1,4
W006392_Belgium,4,1
W006393_Austria,3,0
W006393_New Zealand,0,3
W006394_Scotland,0,2
W006394_South Korea,2,0
W006395_Wales,0,0
W006395_Czech Republic,0,0
W006396_Republic of Ireland,0,0
W006396_Hungary,0,0
W006397_Spain,3,0
W006397_Norway,0,3
W006398_Northern Ireland,8,0
W006398_Taiwan,0,8
W006399_Slovenia,1,2
W006399_Slovakia,2,1
W006400_United States,0,1
W006400_England,1,0
W006401_France,0,0
W006401_Germany,0,0
W006402_Croatia,0,0
W006402_Bosnia and Herzegovina,0,0
W006403_Russia,1,6
W006403_Denmark,6,1
W006404_Portugal,0,0
W006404_Canada,0,0
W006405_Norway,0,2
W006405_Japan,2,0
W006406_Iceland,0,0
W006406_Spain,0,0
W006407_China PR,1,2
W006407_Australia,2,1
W006408_Sweden,0,1
W006408_Netherlands,1,0
W006409_Italy,0,6
W006409_Switzerland,6,0
W006410_North Korea,4,1
W006410_Belgium,1,4
W006411_Austria,1,3
W006411_Scotland,3,1
W006412_New Zealand,0,2
W006412_South Korea,2,0
W006413_Republic of Ireland,1,0
W006413_Wales,0,1
W006414_Czech Republic,1,2
W006414_Hungary,2,1
W006415_Slovakia,1,0
W006415_Taiwan,0,1
W006416_Northern Ireland,4,4
W006416_Slovenia,4,4
W006417_Germany,1,0
W006417_England,0,1
W006418_United States,0,3
W006418_France,3,0
W006419_Sweden,4,0
W006419_Russia,0,4
W006420_Portugal,0,2
W006420_Norway,2,0
W006421_Australia,1,1
W006421_Denmark,1,1
W006422_Spain,1,0
W006422_Canada,0,1
W006423_Italy,6,2
W006423_Czech Republic,2,6
W006424_New Zealand,3,1
W006424_Hungary,1,3
W006425_Belgium,1,1
W006425_Austria,1,1
W006426_Scotland,0,0
W006426_Wales,0,0
W006427_North Korea,2,0
W006427_Republic of Ireland,0,2
W006428_Switzerland,1,0
W006428_South Korea,0,1
W006429_Slovakia,2,0
W006429_Bosnia and Herzegovina,0,2
W006430_Japan,2,3
W006430_Netherlands,3,2
W006431_Croatia,3,1
W006431_Slovenia,1,3
W006432_Iceland,2,1
W006432_China PR,1,2
M040408_Qatar,1,2
M040408_Azerbaijan,2,1
M040409_Trinidad and Tobago,2,0
M040409_Barbados,0,2
M040410_Burundi,7,0
M040410_Djibouti,0,7
W006433_Malta,0,1
W006433_Latvia,1,0
W006434_Estonia,3,0
W006434_Bahrain,0,3
M040411_Raetia,0,5
M040411_Tamil Eelam,5,0
W006435_Lithuania,2,0
W006435_Bahrain,0,2
W006436_Cyprus,1,2
W006436_Latvia,2,1
M040412_Burundi,1,0
M040412_Djibouti,0,1
W006437_Cyprus,1,2
W006437_Malta,2,1
W006438_Estonia,0,0
W006438_Lithuania,0,0
W006439_Latvia,0,0
W006439_Estonia,0,0
W006440_Lithuania,1,1
W006440_Malta,1,1
W006441_Cyprus,7,1
W006441_Bahrain,1,7
M040413_Honduras,2,0
M040413_Nicaragua,0,2
M040414_Iran,0,1
M040414_Iraq,1,0
M040415_San Marino,0,2
M040415_Moldova,2,0
M040416_Indonesia,1,3
M040416_Myanmar,3,1
M040417_São Tomé and Príncipe,0,1
M040417_Madagascar,1,0
M040418_Vietnam,1,1
M040418_Taiwan,1,1
M040419_Cambodia,2,3
M040419_India,3,2
M040420_Curaçao,1,1
M040420_El Salvador,1,1
M040421_Cyprus,3,1
M040421_Kazakhstan,1,3
M040422_Czech Republic,3,0
M040422_Lithuania,0,3
M040423_Djibouti,2,0
M040423_South Sudan,0,2
M040424_Germany,1,0
M040424_England,0,1
M040425_Philippines,0,0
M040425_Malaysia,0,0
M040426_Scotland,1,1
M040426_Canada,1,1
M040427_Yemen,0,1
M040427_Palestine,1,0
M040428_Paraguay,2,1
M040428_Ecuador,1,2
M040429_Qatar,0,1
M040429_Iran,1,0
M040430_Syria,1,0
M040430_Uzbekistan,0,1
M040431_United Arab Emirates,0,2
M040431_Japan,2,0
M040432_Uruguay,1,4
M040432_Brazil,4,1
M040433_Venezuela,2,2
M040433_Peru,2,2
M040434_Papua New Guinea,1,3
M040434_Tahiti,3,1
M040435_Thailand,0,3
M040435_Saudi Arabia,3,0
M040436_Nigeria,1,1
M040436_Senegal,1,1
M040437_Kenya,1,1
M040437_Uganda,1,1
M040438_Jordan,4,0
M040438_Hong Kong,0,4
M040439_Iraq,1,1
M040439_Australia,1,1
M040440_Colombia,1,0
M040440_Bolivia,0,1
M040441_China PR,1,0
M040441_South Korea,0,1
M040442_Bahrain,1,1
M040442_Tajikistan,1,1
M040443_Argentina,1,0
M040443_Chile,0,1
M040444_Afghanistan,2,1
M040444_Singapore,1,2
M040445_Mexico,2,0
M040445_Costa Rica,0,2
M040446_Morocco,2,0
M040446_Burkina Faso,0,2
M040447_Russia,0,2
M040447_Ivory Coast,2,0
M040448_Spain,4,1
M040448_Israel,1,4
M040449_Turkey,2,0
M040449_Finland,0,2
M040450_Tunisia,0,1
M040450_Cameroon,1,0
M040451_Mauritania,1,0
M040451_Benin,0,1
M040452_United States,6,0
M040452_Honduras,0,6
M040453_Trinidad and Tobago,1,0
M040453_Panama,0,1
M040454_Liechtenstein,0,3
M040454_North Macedonia,3,0
M040455_Comoros,2,0
M040455_Mauritius,0,2
M040456_Kosovo,1,2
M040456_Iceland,2,1
M040457_Italy,2,0
M040457_Albania,0,2
M040458_Republic of Ireland,0,0
M040458_Wales,0,0
M040459_Guinea,2,2
M040459_Gabon,2,2
M040460_Georgia,1,3
M040460_Serbia,3,1
M040461_Croatia,1,0
M040461_Ukraine,0,1
M040462_Austria,2,0
M040462_Moldova,0,2
M040463_Libya,0,0
M040463_Togo,0,0
M040464_Portugal,3,0
M040464_Hungary,0,3
M040465_South Africa,3,1
M040465_Guinea-Bissau,1,3
M040466_Fiji,0,2
M040466_New Zealand,2,0
M040467_Mozambique,2,0
M040467_Angola,0,2
M040468_Luxembourg,1,3
M040468_France,3,1
M040469_Cyprus,0,0
M040469_Estonia,0,0
M040470_Sweden,4,0
M040470_Belarus,0,4
M040471_Bosnia and Herzegovina,5,0
M040471_Gibraltar,0,5
M040472_Belgium,1,1
M040472_Greece,1,1
M040473_Andorra,0,0
M040473_Faroe Islands,0,0
M040474_Tanzania,2,0
M040474_Botswana,0,2
M040475_Switzerland,1,0
M040475_Latvia,0,1
M040476_Bulgaria,2,0
M040476_Netherlands,0,2
M040477_Alderney,1,2
M040477_Jersey,2,1
M040478_Armenia,2,0
M040478_Kazakhstan,0,2
M040479_San Marino,0,6
M040479_Czech Republic,6,0
M040480_Azerbaijan,1,4
M040480_Germany,4,1
M040481_Barbados,2,1
M040481_Martinique,1,2
M040482_England,2,0
M040482_Lithuania,0,2
M040483_Kenya,2,1
M040483_DR Congo,1,2
M040484_Madagascar,3,2
M040484_São Tomé and Príncipe,2,3
M040485_Malta,1,3
M040485_Slovakia,3,1
M040486_Montenegro,1,2
M040486_Poland,2,1
M040487_Northern Ireland,2,0
M040487_Norway,0,2
M040488_Romania,0,0
M040488_Denmark,0,0
M040489_Scotland,1,0
M040489_Slovenia,0,1
M040490_Zimbabwe,0,0
M040490_Zambia,0,0
M040491_Turkey,3,1
M040491_Moldova,1,3
M040492_Mauritania,2,1
M040492_Congo,1,2
M040493_Ivory Coast,1,1
M040493_Senegal,1,1
M040494_Central African Republic,1,2
M040494_Gambia,2,1
M040495_Brazil,3,0
M040495_Paraguay,0,3
M040496_Cameroon,1,2
M040496_Guinea,2,1
M040497_Myanmar,0,1
M040497_India,1,0
M040498_Chile,3,1
M040498_Venezuela,1,3
M040499_Bolivia,2,0
M040499_Argentina,0,2
M040500_Peru,2,1
M040500_Uruguay,1,2
M040501_Austria,1,1
M040501_Finland,1,1
M040502_Australia,2,0
M040502_United Arab Emirates,0,2
M040503_Albania,1,2
M040503_Bosnia and Herzegovina,2,1
M040504_Afghanistan,1,1
M040504_Vietnam,1,1
M040505_Ecuador,0,2
M040505_Colombia,2,0
M040506_Bahrain,0,0
M040506_Singapore,0,0
M040507_Egypt,3,0
M040507_Togo,0,3
M040508_Estonia,3,0
M040508_Croatia,0,3
M040509_France,0,2
M040509_Spain,2,0
M040510_Russia,3,3
M040510_Belgium,3,3
M040511_Saudi Arabia,1,0
M040511_Iraq,0,1
M040512_South Africa,0,0
M040512_Angola,0,0
M040513_South Sudan,6,0
M040513_Djibouti,0,6
M040514_Tanzania,2,1
M040514_Burundi,1,2
M040515_Trinidad and Tobago,0,1
M040515_Mexico,1,0
M040516_Uzbekistan,1,0
M040516_Qatar,0,1
M040517_Yemen,2,1
M040517_Tajikistan,1,2
M040518_Tahiti,1,2
M040518_Papua New Guinea,2,1
M040519_New Zealand,2,0
M040519_Fiji,0,2
M040520_Netherlands,1,2
M040520_Italy,2,1
M040521_Mozambique,1,0
M040521_Lesotho,0,1
M040522_Morocco,1,0
M040522_Tunisia,0,1
M040523_Mauritius,1,1
M040523_Comoros,1,1
M040524_Maldives,0,3
M040524_Palestine,3,0
M040525_North Macedonia,3,0
M040525_Belarus,0,3
M040526_Luxembourg,0,2
M040526_Cape Verde,2,0
M040527_Lebanon,2,0
M040527_Hong Kong,0,2
M040528_Kyrgyzstan,1,0
M040528_Macau,0,1
M040529_South Korea,1,0
M040529_Syria,0,1
M040530_Jordan,7,0
M040530_Cambodia,0,7
M040531_Japan,4,0
M040531_Thailand,0,4
M040532_Republic of Ireland,0,1
M040532_Iceland,1,0
M040533_Iran,1,0
M040533_China PR,0,1
M040534_Honduras,1,1
M040534_Costa Rica,1,1
M040535_Guyana,0,0
M040535_Martinique,0,0
M040536_Georgia,5,0
M040536_Latvia,0,5
M040537_Portugal,2,3
M040537_Sweden,3,2
M040538_Philippines,4,1
M040538_Nepal,1,4
M040539_Panama,1,1
M040539_United States,1,1
M040540_Oman,14,0
M040540_Bhutan,0,14
W006442_Bahrain,0,6
W006442_Jordan,6,0
W006443_Tajikistan,1,0
W006443_Iraq,0,1
W006444_Philippines,4,0
W006444_United Arab Emirates,0,4
W006445_North Korea,8,0
W006445_India,0,8
W006446_Hong Kong,1,2
W006446_Uzbekistan,2,1
W006447_Palestine,0,6
W006447_Thailand,6,0
W006448_Iran,0,2
W006448_Myanmar,2,0
W006449_Singapore,1,0
W006449_Syria,0,1
W006450_Vietnam,11,0
W006450_Syria,0,11
W006451_Palestine,0,5
W006451_Taiwan,5,0
W006452_India,0,10
W006452_South Korea,10,0
W006453_Singapore,0,6
W006453_Iran,6,0
W006454_Jordan,6,0
W006454_United Arab Emirates,0,6
W006455_Tajikistan,0,4
W006455_Bahrain,4,0
W006456_Philippines,4,0
W006456_Iraq,0,4
W006457_North Korea,5,0
W006457_Hong Kong,0,5
W006458_Sweden,0,1
W006458_Canada,1,0
W006459_China PR,2,0
W006459_Croatia,0,2
W006460_Faroe Islands,5,1
W006460_Luxembourg,1,5
W006461_Turkey,3,0
W006461_Montenegro,0,3
W006462_Lithuania,0,2
W006462_Israel,2,0
W006463_Greece,1,0
W006463_Malta,0,1
W006464_Albania,3,2
W006464_Kosovo,2,3
W006465_Georgia,0,1
W006465_Kazakhstan,1,0
W006466_Estonia,0,4
W006466_Latvia,4,0
W006467_Moldova,4,0
W006467_Andorra,0,4
W006468_Myanmar,14,0
W006468_Syria,0,14
W006469_England,1,1
W006469_Italy,1,1
W006470_Netherlands,1,2
W006470_France,2,1
W006471_Vietnam,8,0
W006471_Singapore,0,8
W006472_Thailand,1,0
W006472_Taiwan,0,1
W006473_Uzbekistan,7,1
W006473_India,1,7
W006474_North Korea,1,1
W006474_South Korea,1,1
W006475_Jordan,10,0
W006475_Iraq,0,10
W006476_Tajikistan,0,8
W006476_Philippines,8,0
W006477_United Arab Emirates,1,1
W006477_Bahrain,1,1
W006478_United States,4,0
W006478_Russia,0,4
W006479_Turkey,9,1
W006479_Luxembourg,1,9
W006480_Faroe Islands,2,1
W006480_Montenegro,1,2
W006481_Israel,7,0
W006481_Andorra,0,7
W006482_Lithuania,0,2
W006482_Moldova,2,0
W006483_Albania,0,0
W006483_Malta,0,0
W006484_Greece,6,0
W006484_Kosovo,0,6
W006485_Georgia,2,1
W006485_Estonia,1,2
W006486_Kazakhstan,2,2
W006486_Latvia,2,2
W006487_Germany,2,1
W006487_Canada,1,2
W006488_Japan,3,0
W006488_Costa Rica,0,3
W006489_China PR,2,1
W006489_Croatia,1,2
W006490_Vietnam,6,1
W006490_Iran,1,6
W006491_Hong Kong,0,6
W006491_South Korea,6,0
W006492_North Korea,4,0
W006492_Uzbekistan,0,4
W006493_United States,5,1
W006493_Russia,1,5
W006494_Myanmar,6,0
W006494_Singapore,0,6
W006495_Iraq,0,3
W006495_United Arab Emirates,3,0
W006496_Tajikistan,2,10
W006496_Jordan,10,2
W006497_Philippines,1,1
W006497_Bahrain,1,1
W006498_Norway,2,1
W006498_Switzerland,1,2
W006499_England,3,0
W006499_Austria,0,3
W006500_Luxembourg,1,7
W006500_Montenegro,7,1
W006501_Netherlands,4,0
W006501_Iceland,0,4
W006502_Vietnam,2,0
W006502_Myanmar,0,2
W006503_Syria,0,12
W006503_Iran,12,0
W006504_India,2,0
W006504_Hong Kong,0,2
W006505_Faroe Islands,2,1
W006505_Turkey,1,2
W006506_South Korea,4,0
W006506_Uzbekistan,0,4
W006507_Moldova,0,0
W006507_Israel,0,0
W006508_Estonia,0,1
W006508_Kazakhstan,1,0
W006509_Georgia,1,1
W006509_Latvia,1,1
W006510_Lithuania,2,0
W006510_Andorra,0,2
W006511_Kosovo,1,3
W006511_Malta,3,1
W006512_Albania,2,1
W006512_Greece,1,2
W006513_Jordan,5,1
W006513_Philippines,1,5
W006514_Tajikistan,0,1
W006514_United Arab Emirates,1,0
W006515_Bahrain,4,0
W006515_Iraq,0,4
M040541_Jersey,0,2
M040541_Panjab,2,0
M040542_Martinique,4,1
M040542_Guadeloupe,1,4
M040543_Vatican City,0,0
M040543_Monaco,0,0
M040544_Burkina Faso,1,1
M040544_Benin,1,1
M040545_Saint Kitts and Nevis,2,1
M040545_Barbados,1,2
M040546_Senegal,2,0
M040546_Mauritania,0,2
M040547_Guernsey,2,1
M040547_Jersey,1,2
M040548_Egypt,1,0
M040548_Libya,0,1
M040549_Guadeloupe,2,2
M040549_Dominica,2,2
M040550_Benin,2,2
M040550_Burkina Faso,2,2
M040551_Ghana,1,1
M040551_Benin,1,1
M040552_Fiji,1,1
M040552_Solomon Islands,1,1
M040553_Corsica,1,1
M040553_Nigeria,1,1
M040554_Fiji,1,0
M040554_Solomon Islands,0,1
M040555_Mexico,1,2
M040555_Croatia,2,1
M040556_El Salvador,2,2
M040556_Honduras,2,2
M040557_Italy,8,0
M040557_San Marino,0,8
M040558_Ivory Coast,1,1
M040558_Benin,1,1
M040559_Morocco,1,2
M040559_Netherlands,2,1
M040560_Iraq,1,0
M040560_Jordan,0,1
M040561_Mexico,3,1
M040561_Republic of Ireland,1,3
M040562_Switzerland,1,0
M040562_Belarus,0,1
M040563_Nigeria,3,0
M040563_Togo,0,3
M040564_Chile,3,0
M040564_Burkina Faso,0,3
M040565_France,5,0
M040565_Paraguay,0,5
M040566_Nicaragua,0,1
M040566_Bolivia,1,0
M040567_Northern Ireland,1,0
M040567_New Zealand,0,1
M040568_Oman,1,1
M040568_Syria,1,1
M040569_Ethiopia,0,0
M040569_Uganda,0,0
M040570_Portugal,4,0
M040570_Cyprus,0,4
M040571_United States,1,1
M040571_Venezuela,1,1
M040572_Northern Cyprus,1,0
M040572_Kárpátalja,0,1
M040573_Luxembourg,2,1
M040573_Albania,1,2
M040574_Gabon,0,0
M040574_Zambia,0,0
M040575_Republic of Ireland,3,1
M040575_Uruguay,1,3
M040576_Lesotho,1,0
M040576_Mauritania,0,1
M040577_Togo,2,0
M040577_Comoros,0,2
M040578_Montenegro,1,2
M040578_Iran,2,1
M040579_Netherlands,5,0
M040579_Ivory Coast,0,5
M040580_Armenia,5,0
M040580_Saint Kitts and Nevis,0,5
M040581_Felvidék,1,0
M040581_Székely Land,0,1
M040582_Padania,1,0
M040582_Ellan Vannin,0,1
M040583_Abkhazia,2,1
M040583_South Ossetia,1,2
M040584_North Macedonia,0,0
M040584_Turkey,0,0
M040585_Belgium,2,1
M040585_Czech Republic,1,2
M040586_Hungary,0,3
M040586_Russia,3,0
M040587_DR Congo,2,0
M040587_Botswana,0,2
M040588_Egypt,1,0
M040588_Libya,0,1
M040589_Senegal,0,0
M040589_Uganda,0,0
M040590_Ellan Vannin,1,0
M040590_Felvidék,0,1
M040591_Székely Land,1,1
M040591_Padania,1,1
M040592_Kárpátalja,2,2
M040592_Abkhazia,2,2
M040593_Northern Cyprus,8,0
M040593_South Ossetia,0,8
M040594_Uzbekistan,2,0
M040594_Thailand,0,2
M040595_Malta,1,0
M040595_Ukraine,0,1
M040596_Israel,1,1
M040596_Moldova,1,1
M040597_India,2,0
M040597_Nepal,0,2
M040598_Denmark,1,1
M040598_Germany,1,1
M040599_Bahrain,0,2
M040599_Palestine,2,0
M040600_Afghanistan,2,1
M040600_Maldives,1,2
M040601_Qatar,2,2
M040601_North Korea,2,2
M040602_Algeria,2,1
M040602_Guinea,1,2
M040603_China PR,8,1
M040603_Philippines,1,8
M040604_Finland,1,1
M040604_Liechtenstein,1,1
M040605_Bolivia,3,2
M040605_Nicaragua,2,3
M040606_Padania,2,0
M040606_Felvidék,0,2
M040607_Ellan Vannin,2,4
M040607_Székely Land,4,2
M040608_South Ossetia,1,4
M040608_Kárpátalja,4,1
M040609_Fiji,2,2
M040609_New Caledonia,2,2
M040610_United Arab Emirates,4,0
M040610_Laos,0,4
M040611_Northern Cyprus,0,0
M040611_Abkhazia,0,0
M040612_Japan,1,1
M040612_Syria,1,1
M040613_Italy,3,0
M040613_Uruguay,0,3
M040614_Iraq,0,0
M040614_South Korea,0,0
M040615_Hong Kong,0,0
M040615_Jordan,0,0
M040616_Georgia,3,0
M040616_Saint Kitts and Nevis,0,3
M040617_Spain,2,2
M040617_Colombia,2,2
M040618_United States,2,0
M040618_Trinidad and Tobago,0,2
M040619_Costa Rica,0,0
M040619_Panama,0,0
M040620_Mexico,3,0
M040620_Honduras,0,3
M040621_Ecuador,1,1
M040621_Venezuela,1,1
M040622_Cambodia,0,2
M040622_Indonesia,2,0
M040623_Australia,3,2
M040623_Saudi Arabia,2,3
M040624_Peru,1,0
M040624_Paraguay,0,1
W006516_China PR,0,1
W006516_North Korea,1,0
W006517_Sweden,0,1
W006517_United States,1,0
M040625_Sweden,2,1
M040625_France,1,2
M040626_Padania,0,0
M040626_Abkhazia,0,0
M040627_Northern Cyprus,2,1
M040627_Székely Land,1,2
M040628_Kárpátalja,3,3
M040628_Ellan Vannin,3,3
M040629_South Ossetia,0,2
M040629_Felvidék,2,0
M040630_Sudan,1,3
M040630_Madagascar,3,1
M040631_Andorra,1,0
M040631_Hungary,0,1
M040632_Russia,1,1
M040632_Chile,1,1
M040633_Netherlands,5,0
M040633_Luxembourg,0,5
M040634_Libya,5,1
M040634_Seychelles,1,5
M040635_Latvia,0,3
M040635_Portugal,3,0
M040636_Faroe Islands,0,2
M040636_Switzerland,2,0
M040637_Estonia,0,2
M040637_Belgium,2,0
M040638_Bosnia and Herzegovina,0,0
M040638_Greece,0,0
M040639_Argentina,1,0
M040639_Brazil,0,1
M040640_Solomon Islands,3,2
M040640_Papua New Guinea,2,3
M040641_Gibraltar,1,2
M040641_Cyprus,2,1
M040642_Belarus,2,1
M040642_Bulgaria,1,2
W006518_Netherlands,0,1
W006518_Japan,1,0
M040643_Lithuania,1,2
M040643_Slovakia,2,1
M040644_Azerbaijan,0,1
M040644_Northern Ireland,1,0
M040645_Burkina Faso,3,1
M040645_Angola,1,3
M040646_Burundi,3,0
M040646_South Sudan,0,3
M040647_Cameroon,1,0
M040647_Morocco,0,1
M040648_DR Congo,3,1
M040648_Congo,1,3
M040649_Germany,7,0
M040649_San Marino,0,7
M040650_Grenada,1,2
M040650_Bermuda,2,1
M040651_Guinea-Bissau,1,0
M040651_Namibia,0,1
M040652_Ivory Coast,2,3
M040652_Guinea,3,2
M040653_Botswana,0,1
M040653_Mauritania,1,0
M040654_Kazakhstan,1,3
M040654_Denmark,3,1
M040655_Malawi,1,0
M040655_Comoros,0,1
M040656_Mali,2,1
M040656_Gabon,1,2
M040657_Montenegro,4,1
M040657_Armenia,1,4
M040658_Niger,0,0
M040658_Eswatini,0,0
M040659_Nigeria,0,2
M040659_South Africa,2,0
M040660_Norway,1,1
M040660_Czech Republic,1,1
M040661_Poland,3,1
M040661_Romania,1,3
M040662_Scotland,2,2
M040662_England,2,2
M040663_Senegal,3,0
M040663_Equatorial Guinea,0,3
M040664_Singapore,1,2
M040664_Taiwan,2,1
M040665_Slovenia,2,0
M040665_Malta,0,2
M040666_Tanzania,1,1
M040666_Lesotho,1,1
M040667_Northern Cyprus,1,1
M040667_Padania,1,1
M040668_Zambia,0,1
M040668_Mozambique,1,0
M040669_Székely Land,3,1
M040669_Abkhazia,1,3
W006519_Spain,1,2
W006519_Brazil,2,1
W006520_Switzerland,0,4
W006520_England,4,0
M040670_Cape Verde,0,1
M040670_Uganda,1,0
M040671_Tunisia,1,0
M040671_Egypt,0,1
M040672_Zimbabwe,3,0
M040672_Liberia,0,3
M040673_Benin,1,0
M040673_Gambia,0,1
M040674_New Caledonia,2,1
M040674_Fiji,1,2
M040675_Moldova,2,2
M040675_Georgia,2,2
M040676_Mexico,1,1
M040676_United States,1,1
M040677_North Macedonia,1,2
M040677_Spain,2,1
M040678_Kosovo,1,4
M040678_Turkey,4,1
M040679_Serbia,1,1
M040679_Wales,1,1
M040680_Israel,0,3
M040680_Albania,3,0
M040681_Italy,5,0
M040681_Liechtenstein,0,5
M040682_Central African Republic,2,1
M040682_Rwanda,1,2
M040683_Algeria,1,0
M040683_Togo,0,1
M040684_Ghana,5,0
M040684_Ethiopia,0,5
M040685_Iceland,1,0
M040685_Croatia,0,1
M040686_Republic of Ireland,1,1
M040686_Austria,1,1
M040687_Finland,1,2
M040687_Ukraine,2,1
W006521_China PR,4,2
W006521_Finland,2,4
W006522_Norway,0,1
W006522_United States,1,0
M040688_Belarus,1,0
M040688_New Zealand,0,1
M040689_Iran,2,0
M040689_Uzbekistan,0,2
M040690_Latvia,1,2
M040690_Estonia,2,1
M040691_Australia,0,4
M040691_Brazil,4,0
M040692_Bhutan,0,2
M040692_Maldives,2,0
M040693_Cambodia,1,0
M040693_Afghanistan,0,1
M040694_Cameroon,0,4
M040694_Colombia,4,0
M040695_Canada,2,1
M040695_Curaçao,1,2
M040696_Costa Rica,2,1
M040696_Trinidad and Tobago,1,2
M040697_El Salvador,0,3
M040697_Ecuador,3,0
M040698_France,3,2
M040698_England,2,3
M040699_Hong Kong,1,1
M040699_North Korea,1,1
M040700_Thailand,1,1
M040700_United Arab Emirates,1,1
M040701_Peru,3,1
M040701_Jamaica,1,3
M040702_Vietnam,0,0
M040702_Jordan,0,0
M040703_Turkmenistan,1,2
M040703_Bahrain,2,1
M040704_Tajikistan,3,4
M040704_Philippines,4,3
M040705_India,1,0
M040705_Kyrgyzstan,0,1
M040706_South Africa,1,2
M040706_Zambia,2,1
M040707_Singapore,0,6
M040707_Argentina,6,0
M040708_Romania,3,2
M040708_Chile,2,3
M040709_Qatar,3,2
M040709_South Korea,2,3
M040710_Papua New Guinea,1,2
M040710_Solomon Islands,2,1
M040711_Syria,2,2
M040711_China PR,2,2
M040712_Palestine,2,1
M040712_Oman,1,2
M040713_Panama,2,2
M040713_Honduras,2,2
M040714_Indonesia,0,0
M040714_Puerto Rico,0,0
M040715_Macau,0,4
M040715_Myanmar,4,0
M040716_Malaysia,1,2
M040716_Lebanon,2,1
M040717_Nepal,0,0
M040717_Yemen,0,0
M040718_Norway,1,1
M040718_Sweden,1,1
M040719_Iraq,1,1
M040719_Japan,1,1
W006523_Sweden,1,0
W006523_Scotland,0,1
W006524_Belgium,1,1
W006524_Japan,1,1
W006525_Iceland,0,1
W006525_Brazil,1,0
W006526_Netherlands,3,0
W006526_Austria,0,3
M040720_Curaçao,0,0
M040720_Nicaragua,0,0
M040721_Russia,2,0
M040721_New Zealand,0,2
M040722_French Guiana,3,0
M040722_Barbados,0,3
M040723_Cameroon,0,2
M040723_Chile,2,0
M040724_Portugal,2,2
M040724_Mexico,2,2
M040725_Australia,2,3
M040725_Germany,3,2
M040726_Mexico,2,1
M040726_New Zealand,1,2
M040727_Russia,0,1
M040727_Portugal,1,0
M040728_Cameroon,1,1
M040728_Australia,1,1
M040729_Germany,1,1
M040729_Chile,1,1
M040730_Jamaica,1,1
M040730_French Guiana,1,1
M040731_Martinique,1,2
M040731_Curaçao,2,1
M040732_Russia,1,2
M040732_Mexico,2,1
M040733_New Zealand,0,4
M040733_Portugal,4,0
M040734_Mauritius,0,1
M040734_Angola,1,0
M040735_Martinique,0,1
M040735_French Guiana,1,0
M040736_Jamaica,1,2
M040736_Curaçao,2,1
M040737_Germany,3,1
M040737_Cameroon,1,3
M040738_Chile,1,1
M040738_Australia,1,1
M040739_Alderney,0,3
M040739_Jersey,3,0
M040740_Gotland,7,1
M040740_Frøya,1,7
M040741_Western Isles,0,3
M040741_Greenland,3,0
M040742_Guernsey,1,1
M040742_Åland Islands,1,1
M040743_Saare County,4,5
M040743_Shetland,5,4
M040744_Isle of Man,5,0
M040744_Hitra,0,5
M040745_Ynys Môn,3,0
M040745_Falkland Islands,0,3
M040746_Menorca,1,0
M040746_Orkney,0,1
M040747_Tanzania,2,0
M040747_Malawi,0,2
W006527_Hitra,1,2
W006527_Menorca,2,1
W006528_Gotland,6,0
W006528_Greenland,0,6
W006529_Jersey,2,3
W006529_Isle of Wight,3,2
W006530_Isle of Man,3,0
W006530_Ynys Môn,0,3
W006531_Åland,5,2
W006531_Western Isles,2,5
M040748_Jersey,3,3
M040748_Menorca,3,3
M040749_Orkney,3,0
M040749_Alderney,0,3
M040750_Gotland,8,0
M040750_Western Isles,0,8
M040751_Frøya,2,2
M040751_Greenland,2,2
M040752_Shetland,0,3
M040752_Guernsey,3,0
M040753_Åland Islands,0,0
M040753_Saare County,0,0
M040754_Falkland Islands,2,5
M040754_Isle of Man,5,2
M040755_Hitra,1,5
M040755_Ynys Môn,5,1
M040756_Madagascar,2,0
M040756_Seychelles,0,2
M040757_Mozambique,0,4
M040757_Zimbabwe,4,0
W006532_Gotland,2,0
W006532_Hitra,0,2
W006533_Menorca,2,1
W006533_Greenland,1,2
W006534_Ynys Môn,1,4
W006534_Åland,4,1
W006535_Isle of Wight,8,1
W006535_Gibraltar,1,8
W006536_Western Isles,2,0
W006536_Isle of Man,0,2
M040758_Hitra,2,1
M040758_Falkland Islands,1,2
M040759_Isle of Man,4,0
M040759_Ynys Môn,0,4
M040760_Guernsey,1,1
M040760_Saare County,1,1
M040761_Frøya,2,4
M040761_Western Isles,4,2
M040762_Gotland,0,1
M040762_Greenland,1,0
M040763_Orkney,0,3
M040763_Jersey,3,0
M040764_Menorca,6,0
M040764_Alderney,0,6
M040765_Malawi,0,0
M040765_Mauritius,0,0
M040766_Angola,0,0
M040766_Tanzania,0,0
M040767_Åland Islands,2,1
M040767_Shetland,1,2
M040768_Zimbabwe,0,0
M040768_Madagascar,0,0
M040769_Saint Lucia,2,1
M040769_Saint Vincent and the Grenadines,1,2
M040770_Seychelles,1,2
M040770_Mozambique,2,1
M040771_Portugal,0,0
M040771_Chile,0,0
W006537_Hitra,2,3
W006537_Greenland,3,2
W006538_Åland,0,3
W006538_Isle of Man,3,0
W006539_Western Isles,4,1
W006539_Ynys Môn,1,4
W006540_Gibraltar,0,6
W006540_Jersey,6,0
W006541_Gotland,5,1
W006541_Menorca,1,5
M040772_Orkney,3,1
M040772_Shetland,1,3
M040773_Tanzania,1,1
M040773_Mauritius,1,1
M040774_Gotland,2,3
M040774_Jersey,3,2
M040775_Greenland,1,1
M040775_Menorca,1,1
M040776_Guernsey,3,4
M040776_Isle of Man,4,3
M040777_Falkland Islands,0,3
M040777_Alderney,3,0
M040778_Ynys Môn,0,2
M040778_Åland Islands,2,0
M040779_Malawi,0,0
M040779_Angola,0,0
M040780_Saare County,4,2
M040780_Frøya,2,4
M040781_Hitra,1,1
M040781_Western Isles,1,1
M040782_Germany,4,1
M040782_Mexico,1,4
W006542_Gibraltar,0,1
W006542_Hitra,1,0
W006543_Western Isles,2,1
W006543_Greenland,1,2
W006544_Åland,2,2
W006544_Menorca,2,2
W006545_Gotland,2,1
W006545_Jersey,1,2
W006546_Isle of Man,4,2
W006546_Isle of Wight,2,4
M040783_Greenland,0,6
M040783_Isle of Man,6,0
M040784_Menorca,0,1
M040784_Guernsey,1,0
M040785_Zimbabwe,6,0
M040785_Seychelles,0,6
M040786_Mozambique,1,4
M040786_Madagascar,4,1
M040787_Dominica,2,1
M040787_Barbados,1,2
W006547_Gotland,2,1
W006547_Isle of Man,1,2
W006548_Jersey,3,1
W006548_Isle of Wight,1,3
M040788_United States,2,1
M040788_Ghana,1,2
M040789_Gambia,0,0
M040789_Guinea-Bissau,0,0
M040790_Mexico,2,1
M040790_Paraguay,1,2
M040791_Namibia,0,0
M040791_Lesotho,0,0
M040792_Botswana,1,2
M040792_Zambia,2,1
W006549_Denmark,1,2
W006549_England,2,1
M040793_Chile,0,1
M040793_Germany,1,0
M040794_Portugal,2,1
M040794_Mexico,1,2
M040795_South Africa,0,1
M040795_Tanzania,1,0
M040796_Eswatini,1,2
M040796_Zimbabwe,2,1
M040797_Barbados,1,1
M040797_Saint Lucia,1,1
M040798_Grenada,4,3
M040798_Saint Vincent and the Grenadines,3,4
M040799_Saint Vincent and the Grenadines,4,2
M040799_Barbados,2,4
M040800_Saint Lucia,0,0
M040800_Dominica,0,0
M040801_South Africa,2,0
M040801_Botswana,0,2
M040802_Namibia,1,0
M040802_Eswatini,0,1
W006550_Germany,3,1
W006550_Brazil,1,3
M040803_Lesotho,3,4
M040803_Zimbabwe,4,3
M040804_Zambia,4,2
M040804_Tanzania,2,4
M040805_Dominica,2,2
M040805_Saint Vincent and the Grenadines,2,2
M040806_Grenada,0,2
M040806_Barbados,2,0
M040807_French Guiana,2,4
M040807_Canada,4,2
M040808_Honduras,0,1
M040808_Costa Rica,1,0
M040809_South Africa,1,0
M040809_Namibia,0,1
M040810_Tanzania,0,0
M040810_Lesotho,0,0
W006551_France,2,0
W006551_Belgium,0,2
M040811_Martinique,2,0
M040811_Nicaragua,0,2
M040812_Guinea-Bissau,0,1
M040812_Gambia,1,0
M040813_United States,1,1
M040813_Panama,1,1
W006552_Netherlands,5,0
W006552_Wales,0,5
W006553_Sweden,1,0
W006553_Mexico,0,1
M040814_Curaçao,0,2
M040814_Jamaica,2,0
M040815_Mexico,3,1
M040815_El Salvador,1,3
M040816_Zambia,1,3
M040816_Zimbabwe,3,1
M040817_Costa Rica,1,1
M040817_Canada,1,1
M040818_Honduras,0,0
M040818_French Guiana,0,0
W006554_France,1,1
W006554_Norway,1,1
M040819_United States,3,2
M040819_Martinique,2,3
M040820_Panama,2,1
M040820_Nicaragua,1,2
M040821_Mexico,0,0
M040821_Jamaica,0,0
M040822_El Salvador,2,0
M040822_Curaçao,0,2
M040823_Canada,0,0
M040823_Honduras,0,0
M040824_Costa Rica,3,0
M040824_French Guiana,0,3
M040825_Thailand,3,0
M040825_North Korea,0,3
M040826_Panama,3,0
M040826_Martinique,0,3
M040827_United States,3,0
M040827_Nicaragua,0,3
M040828_Curaçao,0,2
M040828_Mexico,2,0
M040829_Jamaica,1,1
M040829_El Salvador,1,1
M040830_Thailand,0,0
M040830_Belarus,0,0
M040831_Burkina Faso,3,3
M040831_North Korea,3,3
W006555_Denmark,1,0
W006555_Belgium,0,1
W006556_Netherlands,1,0
W006556_Norway,0,1
W006557_Italy,1,2
W006557_Russia,2,1
W006558_Germany,0,0
W006558_Sweden,0,0
W006559_France,1,0
W006559_Iceland,0,1
W006560_Austria,1,0
W006560_Switzerland,0,1
M040832_United States,2,0
M040832_El Salvador,0,2
M040833_Costa Rica,1,0
M040833_Panama,0,1
W006561_England,6,0
W006561_Scotland,0,6
W006562_Spain,2,0
W006562_Portugal,0,2
M040834_Mexico,1,0
M040834_Honduras,0,1
M040835_Jamaica,2,1
M040835_Canada,1,2
W006563_Norway,0,2
W006563_Belgium,2,0
W006564_Netherlands,1,0
W006564_Denmark,0,1
W006565_Germany,2,1
W006565_Italy,1,2
W006566_Sweden,2,0
W006566_Russia,0,2
M040836_United States,2,0
M040836_Costa Rica,0,2
W006567_France,1,1
W006567_Austria,1,1
W006568_Iceland,1,2
W006568_Switzerland,2,1
M040837_Mexico,0,1
M040837_Jamaica,1,0
W006569_Scotland,1,2
W006569_Portugal,2,1
W006570_England,2,0
W006570_Spain,0,2
W006571_Netherlands,2,1
W006571_Belgium,1,2
W006572_Norway,0,1
W006572_Denmark,1,0
W006573_Russia,0,2
W006573_Germany,2,0
W006574_Sweden,2,3
W006574_Italy,3,2
M040838_Ecuador,3,1
M040838_Trinidad and Tobago,1,3
M040839_United States,2,1
M040839_Jamaica,1,2
W006575_Switzerland,1,1
W006575_France,1,1
W006576_Iceland,0,3
W006576_Austria,3,0
W006577_Scotland,1,0
W006577_Spain,0,1
W006578_Portugal,1,2
W006578_England,2,1
W006579_United States,0,1
W006579_Australia,1,0
W006580_Brazil,1,1
W006580_Japan,1,1
W006581_Netherlands,2,0
W006581_Sweden,0,2
W006582_United States,4,3
W006582_Brazil,3,4
W006583_England,1,0
W006583_France,0,1
W006584_Austria,0,0
W006584_Spain,0,0
W006585_Germany,1,2
W006585_Denmark,2,1
W006586_Japan,2,4
W006586_Australia,4,2
W006587_Netherlands,3,0
W006587_England,0,3
W006588_Australia,6,1
W006588_Brazil,1,6
W006589_United States,3,0
W006589_Japan,0,3
W006590_Denmark,0,0
W006590_Austria,0,0
W006591_Lithuania,0,0
W006591_Estonia,0,0
M040840_Zambia,0,0
M040840_Ethiopia,0,0
W006592_Latvia,3,0
W006592_Estonia,0,3
W006593_Lithuania,1,1
W006593_Latvia,1,1
W006594_Netherlands,4,2
W006594_Denmark,2,4
M040841_Rwanda,2,1
M040841_Sudan,1,2
W006595_Thailand,3,2
W006595_Myanmar,2,3
W006596_Malaysia,1,2
W006596_Philippines,2,1
M040842_Andorra,0,1
M040842_Qatar,1,0
W006597_Philippines,0,3
W006597_Vietnam,3,0
W006598_Malaysia,0,5
W006598_Myanmar,5,0
M040843_India,2,1
M040843_Mauritius,1,2
W006599_Vietnam,3,1
W006599_Myanmar,1,3
W006600_Malaysia,0,6
W006600_Thailand,6,0
M040844_Malaysia,1,2
M040844_Syria,2,1
M040845_Mauritius,1,1
M040845_Saint Kitts and Nevis,1,1
W006601_Myanmar,6,0
W006601_Philippines,0,6
W006602_Vietnam,1,1
W006602_Thailand,1,1
M040846_Qatar,2,1
M040846_Turkmenistan,1,2
M040847_India,1,1
M040847_Saint Kitts and Nevis,1,1
M040848_Trinidad and Tobago,1,2
M040848_Jamaica,2,1
W006603_Thailand,3,1
W006603_Philippines,1,3
W006604_Malaysia,0,6
W006604_Vietnam,6,0
M040849_Iraq,1,1
M040849_Syria,1,1
M040850_Bahrain,0,0
M040850_Jordan,0,0
M040851_Myanmar,1,0
M040851_Malaysia,0,1
M040852_United Arab Emirates,2,1
M040852_Saudi Arabia,1,2
M040853_Oman,2,0
M040853_Afghanistan,0,2
M040854_Peru,2,1
M040854_Bolivia,1,2
M040855_Luxembourg,1,0
M040855_Belarus,0,1
M040856_Niger,0,2
M040856_Togo,2,0
M040857_Singapore,1,1
M040857_Hong Kong,1,1
M040858_Abkhazia,1,2
M040858_Donetsk PR,2,1
M040859_Venezuela,0,0
M040859_Colombia,0,0
M040860_Syria,3,1
M040860_Qatar,1,3
M040861_Uganda,1,0
M040861_Egypt,0,1
M040862_Thailand,1,2
M040862_Iraq,2,1
M040863_South Korea,0,0
M040863_Iran,0,0
M040864_Switzerland,3,0
M040864_Andorra,0,3
M040865_Uruguay,0,0
M040865_Argentina,0,0
M040866_Kenya,1,1
M040866_Mauritania,1,1
M040867_Portugal,5,1
M040867_Faroe Islands,1,5
M040868_Hungary,3,1
M040868_Latvia,1,3
M040869_Guinea,3,2
M040869_Libya,2,3
M040870_Greece,0,0
M040870_Estonia,0,0
M040871_France,4,0
M040871_Netherlands,0,4
M040872_Belgium,9,0
M040872_Gibraltar,0,9
M040873_Brazil,2,0
M040873_Ecuador,0,2
M040874_Bulgaria,3,2
M040874_Sweden,2,3
M040875_Chile,0,3
M040875_Paraguay,3,0
M040876_China PR,1,0
M040876_Uzbekistan,0,1
M040877_Cyprus,3,2
M040877_Bosnia and Herzegovina,2,3
M040878_Japan,2,0
M040878_Australia,0,2
M040879_Tunisia,2,1
M040879_DR Congo,1,2
M040880_Cape Verde,2,1
M040880_South Africa,1,2
M040881_Czech Republic,1,2
M040881_Germany,2,1
M040882_Denmark,4,0
M040882_Poland,0,4
M040883_United States,0,2
M040883_Costa Rica,2,0
M040884_Lithuania,0,3
M040884_Scotland,3,0
M040885_Malta,0,4
M040885_England,4,0
M040886_Mexico,1,0
M040886_Panama,0,1
M040887_Morocco,6,0
M040887_Mali,0,6
M040888_New Zealand,6,1
M040888_Solomon Islands,1,6
M040889_Nigeria,4,0
M040889_Cameroon,0,4
M040890_Norway,2,0
M040890_Azerbaijan,0,2
M040891_Romania,1,0
M040891_Armenia,0,1
M040892_San Marino,0,3
M040892_Northern Ireland,3,0
M040893_Slovakia,1,0
M040893_Slovenia,0,1
M040894_Trinidad and Tobago,1,2
M040894_Honduras,2,1
M040895_Kazakhstan,0,3
M040895_Montenegro,3,0
M040896_Ghana,1,1
M040896_Congo,1,1
M040897_Albania,2,0
M040897_Liechtenstein,0,2
M040898_Ukraine,2,0
M040898_Turkey,0,2
M040899_Canada,2,0
M040899_Jamaica,0,2
M040900_Croatia,1,0
M040900_Kosovo,0,1
M040901_Gabon,0,3
M040901_Ivory Coast,3,0
M040902_Georgia,1,1
M040902_Republic of Ireland,1,1
M040903_Indonesia,0,0
M040903_Fiji,0,0
M040904_Israel,0,1
M040904_North Macedonia,1,0
M040905_Mozambique,1,1
M040905_Kenya,1,1
M040906_Senegal,0,0
M040906_Burkina Faso,0,0
M040907_Serbia,3,0
M040907_Moldova,0,3
M040908_Spain,3,0
M040908_Italy,0,3
M040909_Finland,1,0
M040909_Iceland,0,1
M040910_Wales,1,0
M040910_Austria,0,1
M040911_Zambia,3,1
M040911_Algeria,1,3
M040912_Belarus,0,4
M040912_Sweden,4,0
M040913_Equatorial Guinea,1,2
M040913_Benin,2,1
M040914_Estonia,1,0
M040914_Cyprus,0,1
M040915_Faroe Islands,1,0
M040915_Andorra,0,1
M040916_France,0,0
M040916_Luxembourg,0,0
M040917_Gibraltar,0,4
M040917_Bosnia and Herzegovina,4,0
M040918_Greece,1,2
M040918_Belgium,2,1
M040919_Hungary,0,1
M040919_Portugal,1,0
M040920_Netherlands,3,1
M040920_Bulgaria,1,3
M040921_Latvia,0,3
M040921_Switzerland,3,0
M040922_Montenegro,1,0
M040922_Romania,0,1
M040923_Malawi,1,0
M040923_Togo,0,1
M040924_Slovenia,4,0
M040924_Lithuania,0,4
M040925_Scotland,2,0
M040925_Malta,0,2
M040926_Northern Ireland,2,0
M040926_Czech Republic,0,2
M040927_Libya,1,0
M040927_Guinea,0,1
M040928_Poland,3,0
M040928_Kazakhstan,0,3
M040929_England,2,1
M040929_Slovakia,1,2
M040930_Cameroon,1,1
M040930_Nigeria,1,1
M040931_Azerbaijan,5,1
M040931_San Marino,1,5
M040932_Armenia,1,4
M040932_Denmark,4,1
M040933_Germany,6,0
M040933_Norway,0,6
M040934_Cambodia,1,2
M040934_Vietnam,2,1
M040935_Ecuador,1,2
M040935_Peru,2,1
M040936_Costa Rica,1,1
M040936_Mexico,1,1
M040937_DR Congo,2,2
M040937_Tunisia,2,2
M040938_Congo,1,5
M040938_Ghana,5,1
M040939_Colombia,1,1
M040939_Brazil,1,1
M040940_Burkina Faso,2,2
M040940_Senegal,2,2
M040941_Australia,2,1
M040941_Thailand,1,2
M040942_Bhutan,0,2
M040942_Palestine,2,0
M040943_Bahrain,5,0
M040943_Taiwan,0,5
M040944_Austria,1,1
M040944_Georgia,1,1
M040945_Egypt,1,0
M040945_Uganda,0,1
M040946_Argentina,1,1
M040946_Venezuela,1,1
M040947_Algeria,0,1
M040947_Zambia,1,0
M040948_Bolivia,1,0
M040948_Chile,0,1
M040949_Saudi Arabia,1,0
M040949_Japan,0,1
M040950_Singapore,1,1
M040950_Turkmenistan,1,1
M040951_Iran,2,2
M040951_Syria,2,2
M040952_Solomon Islands,2,2
M040952_New Zealand,2,2
M040953_South Africa,1,2
M040953_Cape Verde,2,1
M040954_Turkey,1,0
M040954_Croatia,0,1
M040955_Uzbekistan,0,0
M040955_South Korea,0,0
M040956_Qatar,1,2
M040956_China PR,2,1
M040957_Philippines,2,2
M040957_Yemen,2,2
M040958_Paraguay,1,2
M040958_Uruguay,2,1
M040959_Panama,3,0
M040959_Trinidad and Tobago,0,3
M040960_Oman,5,0
M040960_Maldives,0,5
M040961_Nepal,1,2
M040961_Tajikistan,2,1
M040962_Moldova,0,2
M040962_Wales,2,0
M040963_Iceland,2,0
M040963_Ukraine,0,2
M040964_Mauritania,0,2
M040964_Niger,2,0
M040965_Malaysia,1,1
M040965_Hong Kong,1,1
M040966_North Macedonia,1,1
M040966_Albania,1,1
M040967_Macau,0,2
M040967_India,2,0
M040968_Liechtenstein,0,8
M040968_Spain,8,0
M040969_Kosovo,0,1
M040969_Finland,1,0
M040970_North Korea,2,2
M040970_Lebanon,2,2
M040971_Jordan,4,1
M040971_Afghanistan,1,4
M040972_Ivory Coast,1,2
M040972_Gabon,2,1
M040973_Italy,1,0
M040973_Israel,0,1
M040974_Republic of Ireland,0,1
M040974_Serbia,1,0
M040975_Iraq,1,0
M040975_United Arab Emirates,0,1
M040976_Mali,0,0
M040976_Morocco,0,0
M040977_Honduras,1,1
M040977_United States,1,1
W006605_Zimbabwe,4,0
W006605_Madagascar,0,4
W006606_Namibia,4,0
W006606_Botswana,0,4
W006607_Zambia,6,3
W006607_Malawi,3,6
W006608_Mauritius,0,3
W006608_Eswatini,3,0
W006609_Faroe Islands,0,8
W006609_Czech Republic,8,0
W006610_Kenya,5,2
W006610_Mozambique,2,5
W006611_South Africa,3,0
W006611_Lesotho,0,3
W006612_Madagascar,3,6
W006612_Malawi,6,3
W006613_Albania,1,4
W006613_Switzerland,4,1
W006614_Poland,4,1
W006614_Belarus,1,4
W006615_Norway,4,1
W006615_Northern Ireland,1,4
W006616_Ukraine,1,1
W006616_Croatia,1,1
W006617_Italy,5,0
W006617_Moldova,0,5
W006618_France,1,0
W006618_Chile,0,1
W006619_South Africa,3,1
W006619_Namibia,1,3
W006620_Zimbabwe,1,1
W006620_Zambia,1,1
W006621_Mozambique,2,2
W006621_Eswatini,2,2
W006622_Lesotho,0,3
W006622_Botswana,3,0
W006623_Australia,2,1
W006623_Brazil,1,2
W006624_Kenya,11,0
W006624_Mauritius,0,11
W006625_United States,3,1
W006625_New Zealand,1,3
W006626_Germany,6,0
W006626_Slovenia,0,6
W006627_Zimbabwe,3,3
W006627_Malawi,3,3
W006628_Zambia,7,1
W006628_Madagascar,1,7
W006629_South Africa,1,1
W006629_Botswana,1,1
W006630_Namibia,1,2
W006630_Lesotho,2,1
W006631_Kazakhstan,0,1
W006631_Wales,1,0
W006632_Iceland,8,0
W006632_Faroe Islands,0,8
W006633_France,3,1
W006633_Spain,1,3
W006634_Kenya,1,0
W006634_Eswatini,0,1
W006635_Mauritius,0,3
W006635_Mozambique,3,0
W006636_Croatia,0,2
W006636_Sweden,2,0
W006637_Serbia,0,4
W006637_Austria,4,0
W006638_Belgium,12,0
W006638_Moldova,0,12
W006639_Czech Republic,0,1
W006639_Germany,1,0
W006640_Australia,3,2
W006640_Brazil,2,3
W006641_Hungary,1,6
W006641_Denmark,6,1
W006642_Romania,0,1
W006642_Italy,1,0
W006643_Norway,6,1
W006643_Slovakia,1,6
W006644_Switzerland,2,1
W006644_Poland,1,2
W006645_Belarus,1,0
W006645_Albania,0,1
W006646_England,6,0
W006646_Russia,0,6
W006647_Northern Ireland,0,2
W006647_Republic of Ireland,2,0
W006648_United States,5,0
W006648_New Zealand,0,5
W006649_Zimbabwe,4,0
W006649_Kenya,0,4
W006650_Zambia,3,3
W006650_South Africa,3,3
W006651_Zambia,1,1
W006651_Kenya,1,1
W006652_Zimbabwe,1,2
W006652_South Africa,2,1
M040978_Macau,3,1
M040978_Laos,1,3
M040979_Armenia,1,6
M040979_Poland,6,1
M040980_Qatar,3,1
M040980_Singapore,1,3
M040981_Northern Ireland,1,3
M040981_Germany,3,1
M040982_Montenegro,0,1
M040982_Denmark,1,0
M040983_Malta,1,1
M040983_Lithuania,1,1
M040984_Iraq,2,1
M040984_Kenya,1,2
M040985_Iran,2,0
M040985_Togo,0,2
M040986_Hong Kong,4,0
M040986_Laos,0,4
M040987_England,1,0
M040987_Slovenia,0,1
M040988_Colombia,1,2
M040988_Paraguay,2,1
M040989_Chile,2,1
M040989_Ecuador,1,2
M040990_Myanmar,1,3
M040990_Thailand,3,1
M040991_Bolivia,0,0
M040991_Brazil,0,0
M040992_Azerbaijan,1,2
M040992_Czech Republic,2,1
M040993_San Marino,0,8
M040993_Norway,8,0
M040994_Argentina,0,0
M040994_Peru,0,0
M040995_Scotland,1,0
M040995_Slovakia,0,1
M040996_Syria,1,1
M040996_Australia,1,1
M040997_Taiwan,4,2
M040997_Mongolia,2,4
M040998_Venezuela,0,0
M040998_Uruguay,0,0
M040999_Romania,3,1
M040999_Kazakhstan,1,3
M041000_Austria,3,2
M041000_Serbia,2,3
M041001_Croatia,1,1
M041001_Finland,1,1
M041002_Georgia,0,1
M041002_Wales,1,0
M041003_Republic of Ireland,2,0
M041003_Moldova,0,2
M041004_Italy,1,1
M041004_North Macedonia,1,1
M041005_Japan,2,1
M041005_New Zealand,1,2
M041006_Kosovo,0,2
M041006_Ukraine,2,0
M041007_Liechtenstein,0,1
M041007_Israel,1,0
M041008_Mauritania,0,1
M041008_Comoros,1,0
M041009_Spain,3,0
M041009_Albania,0,3
M041010_Turkey,0,3
M041010_Iceland,3,0
M041011_United States,4,0
M041011_Panama,0,4
M041012_Mali,0,0
M041012_Ivory Coast,0,0
M041013_Mexico,3,1
M041013_Trinidad and Tobago,1,3
M041014_Andorra,0,2
M041014_Portugal,2,0
M041015_Belarus,1,3
M041015_Netherlands,3,1
M041016_Bosnia and Herzegovina,3,4
M041016_Belgium,4,3
M041017_Bulgaria,0,1
M041017_France,1,0
M041018_Cameroon,2,0
M041018_Algeria,0,2
M041019_Cape Verde,0,2
M041019_Senegal,2,0
M041020_Costa Rica,1,1
M041020_Honduras,1,1
M041021_Grenada,1,0
M041021_Guyana,0,1
M041022_Saudi Arabia,5,2
M041022_Jamaica,2,5
M041023_Libya,1,2
M041023_DR Congo,2,1
M041024_Morocco,3,0
M041024_Gabon,0,3
M041025_Nigeria,1,0
M041025_Zambia,0,1
M041026_Russia,4,2
M041026_South Korea,2,4
M041027_Cyprus,1,2
M041027_Greece,2,1
M041028_South Africa,3,1
M041028_Burkina Faso,1,3
M041029_Sweden,8,0
M041029_Luxembourg,0,8
M041030_Switzerland,5,2
M041030_Hungary,2,5
M041031_Tanzania,1,1
M041031_Malawi,1,1
M041032_Uganda,0,0
M041032_Ghana,0,0
M041033_Guinea,1,4
M041033_Tunisia,4,1
M041034_Faroe Islands,0,0
M041034_Latvia,0,0
M041035_Gibraltar,0,6
M041035_Estonia,6,0
M041036_Slovakia,3,0
M041036_Malta,0,3
M041037_Denmark,1,1
M041037_Romania,1,1
M041038_Egypt,2,1
M041038_Congo,1,2
M041039_El Salvador,1,0
M041039_Canada,0,1
M041040_Germany,5,1
M041040_Azerbaijan,1,5
M041041_Kazakhstan,1,1
M041041_Armenia,1,1
M041042_Lithuania,0,1
M041042_England,1,0
M041043_Norway,1,0
M041043_Northern Ireland,0,1
M041044_Poland,4,2
M041044_Montenegro,2,4
M041045_Slovenia,2,2
M041045_Scotland,2,2
M041046_Thailand,1,0
M041046_Kenya,0,1
M041047_Czech Republic,5,0
M041047_San Marino,0,5
M041048_Albania,0,1
M041048_Italy,1,0
M041049_Equatorial Guinea,3,1
M041049_Mauritius,1,3
M041050_Finland,2,2
M041050_Turkey,2,2
M041051_Iceland,2,0
M041051_Kosovo,0,2
M041052_North Macedonia,4,0
M041052_Liechtenstein,0,4
M041053_Moldova,0,1
M041053_Austria,1,0
M041054_Serbia,1,0
M041054_Georgia,0,1
M041055_Ukraine,0,2
M041055_Croatia,2,0
M041056_Wales,0,1
M041056_Republic of Ireland,1,0
M041057_Israel,0,1
M041057_Spain,1,0
M041058_Honduras,3,2
M041058_Mexico,2,3
M041059_Afghanistan,3,3
M041059_Jordan,3,3
M041060_Australia,2,1
M041060_Syria,1,2
M041061_Belgium,4,0
M041061_Cyprus,0,4
M041062_Benin,1,0
M041062_Gabon,0,1
M041063_Brazil,3,0
M041063_Chile,0,3
M041064_Myanmar,2,2
M041064_Kyrgyzstan,2,2
M041065_Ecuador,1,3
M041065_Argentina,3,1
M041066_Estonia,1,2
M041066_Bosnia and Herzegovina,2,1
M041067_France,2,1
M041067_Belarus,1,2
M041068_Greece,4,0
M041068_Gibraltar,0,4
M041069_Hong Kong,2,0
M041069_Malaysia,0,2
M041070_Maldives,1,3
M041070_Oman,3,1
M041071_Luxembourg,1,1
M041071_Bulgaria,1,1
M041072_Lebanon,5,0
M041072_North Korea,0,5
M041073_Latvia,4,0
M041073_Andorra,0,4
M041074_South Korea,1,3
M041074_Morocco,3,1
M041075_Japan,3,3
M041075_Haiti,3,3
M041076_Hungary,1,0
M041076_Faroe Islands,0,1
M041077_Panama,2,1
M041077_Costa Rica,1,2
M041078_Paraguay,0,1
M041078_Venezuela,1,0
M041079_Netherlands,2,0
M041079_Sweden,0,2
M041080_Peru,1,1
M041080_Colombia,1,1
M041081_Palestine,10,0
M041081_Bhutan,0,10
M041082_Qatar,1,2
M041082_Curaçao,2,1
M041083_Yemen,1,1
M041083_Philippines,1,1
M041084_Vietnam,5,0
M041084_Cambodia,0,5
M041085_Uruguay,4,2
M041085_Bolivia,2,4
M041086_Turkmenistan,2,1
M041086_Singapore,1,2
M041087_Russia,1,1
M041087_Iran,1,1
M041088_Trinidad and Tobago,2,1
M041088_United States,1,2
M041089_Tajikistan,3,0
M041089_Nepal,0,3
M041090_Taiwan,2,1
M041090_Bahrain,1,2
M041091_Saudi Arabia,0,3
M041091_Ghana,3,0
M041092_Portugal,2,0
M041092_Switzerland,0,2
M041093_India,4,1
M041093_Macau,1,4
W006653_Belarus,1,2
W006653_Scotland,2,1
W006654_Hungary,2,2
W006654_Croatia,2,2
W006655_Serbia,2,0
W006655_Israel,0,2
W006656_China PR,1,2
W006656_North Korea,2,1
W006657_Austria,0,2
W006657_Netherlands,2,0
W006658_Brazil,3,0
W006658_Mexico,0,3
W006659_United States,3,1
W006659_South Korea,1,3
W006660_Sweden,3,0
W006660_Denmark,0,3
W006661_Germany,2,3
W006661_Iceland,3,2
W006662_Belgium,3,2
W006662_Romania,2,3
W006663_France,1,0
W006663_England,0,1
W006664_Slovenia,0,4
W006664_Czech Republic,4,0
W006665_Kazakhstan,0,2
W006665_Bosnia and Herzegovina,2,0
W006666_Brazil,2,0
W006666_North Korea,0,2
W006667_China PR,3,2
W006667_Mexico,2,3
W006668_United States,6,0
W006668_South Korea,0,6
W006669_Finland,1,0
W006669_Serbia,0,1
W006670_Japan,2,0
W006670_Switzerland,0,2
W006671_Israel,0,6
W006671_Spain,6,0
W006672_France,8,0
W006672_Ghana,0,8
M041094_Grenada,0,5
M041094_Panama,5,0
W006673_China PR,2,2
W006673_Brazil,2,2
W006674_Czech Republic,1,1
W006674_Iceland,1,1
W006675_Germany,11,0
W006675_Faroe Islands,0,11
W006676_Sweden,5,0
W006676_Hungary,0,5
W006677_Croatia,0,4
W006677_Denmark,4,0
W006678_Netherlands,1,0
W006678_Norway,0,1
W006679_Slovakia,0,2
W006679_Republic of Ireland,2,0
W006680_Scotland,5,0
W006680_Albania,0,5
W006681_Russia,0,0
W006681_Wales,0,0
W006682_Mexico,0,1
W006682_North Korea,1,0
W006683_Portugal,0,1
W006683_Belgium,1,0
W006684_Italy,3,0
W006684_Romania,0,3
M041095_Bermuda,2,3
M041095_Barbados,3,2
M041096_Iceland,1,2
M041096_Czech Republic,2,1
M041097_Nicaragua,0,3
M041097_Dominican Republic,3,0
M041098_Congo,1,1
M041098_Benin,1,1
M041099_Luxembourg,2,1
M041099_Hungary,1,2
M041100_Armenia,4,1
M041100_Belarus,1,4
M041101_Cambodia,1,2
M041101_Myanmar,2,1
M041102_Singapore,0,1
M041102_Lebanon,1,0
M041103_Scotland,0,1
M041103_Netherlands,1,0
M041104_Romania,2,0
M041104_Turkey,0,2
M041105_Northern Ireland,0,1
M041105_Switzerland,1,0
M041106_Croatia,4,1
M041106_Greece,1,4
M041107_Iran,2,1
M041107_Panama,1,2
M041108_Hong Kong,0,2
M041108_Bahrain,2,0
M041109_Finland,3,0
M041109_Estonia,0,3
M041110_Portugal,3,0
M041110_Saudi Arabia,0,3
M041111_Poland,0,0
M041111_Uruguay,0,0
M041112_South Korea,2,1
M041112_Colombia,1,2
M041113_North Korea,4,1
M041113_Malaysia,1,4
M041114_Algeria,3,0
M041114_Nigeria,0,3
M041115_Belgium,3,3
M041115_Mexico,3,3
M041116_China PR,0,2
M041116_Serbia,2,0
M041117_England,0,0
M041117_Germany,0,0
M041118_France,2,0
M041118_Wales,0,2
M041119_Georgia,1,0
M041119_Cyprus,0,1
M041120_South Africa,0,2
M041120_Senegal,2,0
M041121_Honduras,0,0
M041121_Australia,0,0
M041122_Sweden,1,0
M041122_Italy,0,1
M041123_Japan,1,3
M041123_Brazil,3,1
M041124_Ukraine,2,1
M041124_Slovakia,1,2
W006685_Canada,1,1
W006685_United States,1,1
M041125_Zambia,2,2
M041125_Cameroon,2,2
M041126_Tunisia,0,0
M041126_Libya,0,0
M041127_Trinidad and Tobago,2,2
M041127_Grenada,2,2
M041128_Spain,5,0
M041128_Costa Rica,0,5
M041129_Qatar,0,1
M041129_Czech Republic,1,0
M041130_New Zealand,0,0
M041130_Peru,0,0
M041131_Comoros,1,1
M041131_Madagascar,1,1
M041132_Malawi,1,1
M041132_Lesotho,1,1
M041133_North Macedonia,2,0
M041133_Norway,0,2
M041134_Ivory Coast,0,2
M041134_Morocco,2,0
M041135_Gabon,0,0
M041135_Mali,0,0
M041136_Dominican Republic,1,0
M041136_Nicaragua,0,1
M041137_Denmark,0,0
M041137_Republic of Ireland,0,0
M041138_DR Congo,3,1
M041138_Guinea,1,3
M041139_Namibia,3,1
M041139_Zimbabwe,1,3
M041140_Russia,0,1
M041140_Argentina,1,0
M041141_Benin,1,1
M041141_Tanzania,1,1
M041142_Congo,1,1
M041142_Uganda,1,1
M041143_Ghana,1,1
M041143_Egypt,1,1
M041144_Malta,0,3
M041144_Estonia,3,0
M041145_Switzerland,0,0
M041145_Northern Ireland,0,0
M041146_Togo,6,0
M041146_Mauritius,0,6
M041147_Greece,0,0
M041147_Croatia,0,0
M041148_Iraq,1,1
M041148_Syria,1,1
M041149_Italy,0,0
M041149_Sweden,0,0
M041150_Poland,0,1
M041150_Mexico,1,0
M041151_Iran,1,0
M041151_Venezuela,0,1
M041152_Georgia,2,2
M041152_Belarus,2,2
M041153_Bulgaria,1,0
M041153_Saudi Arabia,0,1
M041154_Armenia,3,2
M041154_Cyprus,2,3
M041155_Turkey,2,3
M041155_Albania,3,2
M041156_Kosovo,4,3
M041156_Latvia,3,4
M041157_Malaysia,1,4
M041157_North Korea,4,1
W006686_United States,3,1
W006686_Canada,1,3
M041158_South Korea,1,1
M041158_Serbia,1,1
M041159_Slovakia,1,0
M041159_Norway,0,1
M041160_Singapore,0,3
M041160_Bahrain,3,0
M041161_Senegal,2,1
M041161_South Africa,1,2
M041162_Russia,3,3
M041162_Spain,3,3
M041163_Romania,0,3
M041163_Netherlands,3,0
M041164_Qatar,1,1
M041164_Iceland,1,1
M041165_Portugal,1,1
M041165_United States,1,1
M041166_Palestine,8,1
M041166_Maldives,1,8
M041167_Algeria,3,0
M041167_Central African Republic,0,3
M041168_Argentina,2,4
M041168_Nigeria,4,2
M041169_Austria,2,1
M041169_Uruguay,1,2
M041170_Belgium,1,0
M041170_Japan,0,1
M041171_Bhutan,2,4
M041171_Oman,4,2
M041172_Burkina Faso,4,0
M041172_Cape Verde,0,4
M041173_Cambodia,0,1
M041173_Jordan,1,0
M041174_China PR,0,4
M041174_Colombia,4,0
M041175_Nepal,0,0
M041175_Philippines,0,0
M041176_Gabon,0,0
M041176_Botswana,0,0
M041177_Germany,2,2
M041177_France,2,2
M041178_Turkmenistan,2,1
M041178_Taiwan,1,2
M041179_Hungary,1,0
M041179_Costa Rica,0,1
M041180_India,2,2
M041180_Myanmar,2,2
M041181_Republic of Ireland,1,5
M041181_Denmark,5,1
M041182_Macau,3,4
M041182_Kyrgyzstan,4,3
M041183_England,0,0
M041183_Brazil,0,0
M041184_Hong Kong,0,1
M041184_Lebanon,1,0
M041185_Trinidad and Tobago,1,1
M041185_Guyana,1,1
M041186_United Arab Emirates,1,0
M041186_Uzbekistan,0,1
M041187_Wales,1,1
M041187_Panama,1,1
M041188_Vietnam,0,0
M041188_Afghanistan,0,0
M041189_Tajikistan,0,0
M041189_Yemen,0,0
M041190_Peru,2,0
M041190_New Zealand,0,2
M041191_Australia,3,1
M041191_Honduras,1,3
M041192_Fiji,0,2
M041192_Estonia,2,0
M041193_Vanuatu,0,1
M041193_Estonia,1,0
W006687_Australia,3,0
W006687_China PR,0,3
W006688_Austria,2,0
W006688_Israel,0,2
W006689_Portugal,8,0
W006689_Moldova,0,8
W006690_Wales,1,0
W006690_Kazakhstan,0,1
W006691_England,4,0
W006691_Bosnia and Herzegovina,0,4
W006692_Albania,1,4
W006692_Poland,4,1
W006693_Switzerland,3,0
W006693_Belarus,0,3
W006694_Slovenia,5,0
W006694_Faroe Islands,0,5
W006695_Slovakia,0,5
W006695_Netherlands,5,0
W006696_Hungary,0,1
W006696_Ukraine,1,0
W006697_Germany,4,0
W006697_France,0,4
W006698_Jordan,0,2
W006698_Japan,2,0
W006699_Serbia,1,2
W006699_Spain,2,1
M041194_Indonesia,2,1
M041194_Guyana,1,2
W006700_Chile,0,4
W006700_Brazil,4,0
M041195_New Caledonia,1,1
M041195_Estonia,1,1
W006701_Costa Rica,3,2
W006701_Mexico,2,3
W006702_Finland,4,0
W006702_Israel,0,4
W006703_Australia,5,1
W006703_China PR,1,5
W006704_France,0,0
W006704_Sweden,0,0
W006705_Spain,4,0
W006705_Austria,0,4
W006706_Romania,3,1
W006706_Moldova,1,3
W006707_Portugal,0,1
W006707_Italy,1,0
W006708_Costa Rica,0,2
W006708_Mexico,2,0
W006709_Canada,3,2
W006709_Norway,2,3
W006710_Chile,0,3
W006710_Brazil,3,0
W006711_Netherlands,0,0
W006711_Republic of Ireland,0,0
W006712_Switzerland,5,1
W006712_Albania,1,5
W006713_England,5,0
W006713_Kazakhstan,0,5
W006714_Bosnia and Herzegovina,0,1
W006714_Wales,1,0
W006715_Slovakia,1,3
W006715_Northern Ireland,3,1
M041196_Laos,1,3
M041196_Philippines,3,1
M041197_Fiji,8,0
M041197_Tuvalu,0,8
M041198_Indonesia,4,0
M041198_Brunei,0,4
M041199_Kyrgyzstan,3,0
M041199_Mongolia,0,3
M041200_Tonga,0,8
M041200_Solomon Islands,8,0
M041201_Vanuatu,2,1
M041201_New Caledonia,1,2
M041202_Taiwan,3,0
M041202_Philippines,0,3
M041203_Saint Kitts and Nevis,1,0
M041203_Grenada,0,1
M041204_Laos,2,1
M041204_Timor-Leste,1,2
M041205_Kenya,2,0
M041205_Rwanda,0,2
M041206_Libya,0,0
M041206_Tanzania,0,0
M041207_Brunei,0,4
M041207_Kyrgyzstan,4,0
M041208_Indonesia,3,2
M041208_Mongolia,2,3
M041209_Taiwan,3,1
M041209_Timor-Leste,1,3
M041210_Uganda,0,0
M041210_Burundi,0,0
M041211_Timor-Leste,1,0
M041211_Philippines,0,1
M041212_Kenya,0,0
M041212_Libya,0,0
M041213_Tuvalu,2,1
M041213_New Caledonia,1,2
M041214_South Sudan,0,3
M041214_Ethiopia,3,0
M041215_Taiwan,2,0
M041215_Laos,0,2
M041216_Zanzibar,3,1
M041216_Rwanda,1,3
M041217_Indonesia,0,1
M041217_Kyrgyzstan,1,0
M041218_Solomon Islands,0,0
M041218_Fiji,0,0
M041219_Vanuatu,5,0
M041219_Tonga,0,5
W006716_Costa Rica,4,0
W006716_Panama,0,4
W006717_Nicaragua,2,1
W006717_El Salvador,1,2
M041220_Rwanda,0,0
M041220_Libya,0,0
M041221_Tanzania,1,2
M041221_Zanzibar,2,1
M041222_Burundi,4,1
M041222_Ethiopia,1,4
M041223_Uganda,5,1
M041223_South Sudan,1,5
W006718_El Salvador,1,8
W006718_Costa Rica,8,1
W006719_Nicaragua,3,1
W006719_Panama,1,3
W006720_China PR,0,2
W006720_North Korea,2,0
W006721_Japan,3,2
W006721_South Korea,2,3
M041224_Vanuatu,1,1
M041224_Fiji,1,1
M041225_Solomon Islands,6,0
M041225_Tuvalu,0,6
M041226_Rwanda,2,1
M041226_Tanzania,1,2
M041227_South Korea,2,2
M041227_China PR,2,2
M041228_Japan,1,0
M041228_North Korea,0,1
M041229_Tonga,2,4
M041229_New Caledonia,4,2
M041230_Kenya,0,0
M041230_Zanzibar,0,0
M041231_Ethiopia,1,1
M041231_Uganda,1,1
W006722_Panama,5,1
W006722_El Salvador,1,5
W006723_Nicaragua,0,3
W006723_Costa Rica,3,0
M041232_Kenya,1,0
M041232_Tanzania,0,1
M041233_Libya,1,0
M041233_Zanzibar,0,1
M041234_South Sudan,0,0
M041234_Burundi,0,0
W006724_Japan,1,0
W006724_China PR,0,1
W006725_North Korea,1,0
W006725_South Korea,0,1
M041235_Japan,2,1
M041235_China PR,1,2
M041236_New Caledonia,0,0
M041236_Solomon Islands,0,0
M041237_Fiji,4,0
M041237_Tonga,0,4
M041238_Vanuatu,10,0
M041238_Tuvalu,0,10
M041239_North Korea,0,1
M041239_South Korea,1,0
W006726_Costa Rica,3,0
W006726_El Salvador,0,3
W006727_Nicaragua,1,1
W006727_Panama,1,1
M041240_Kenya,1,0
M041240_Burundi,0,1
M041241_Qatar,1,2
M041241_Liechtenstein,2,1
W006728_Nicaragua,1,1
W006728_Costa Rica,1,1
W006729_El Salvador,1,1
W006729_Panama,1,1
M041242_Tuvalu,4,3
M041242_Tonga,3,4
M041243_Uganda,1,2
M041243_Zanzibar,2,1
M041244_Fiji,4,1
M041244_New Caledonia,1,4
M041245_Vanuatu,3,2
M041245_Solomon Islands,2,3
W006730_Japan,0,2
W006730_North Korea,2,0
W006731_South Korea,1,3
W006731_China PR,3,1
M041246_China PR,1,1
M041246_North Korea,1,1
M041247_Japan,1,4
M041247_South Korea,4,1
M041248_Burundi,1,2
M041248_Uganda,2,1
M041249_Kenya,2,2
M041249_Zanzibar,2,2
M041250_Bahrain,0,0
M041250_Kuwait,0,0
M041251_Kuwait,1,2
M041251_Saudi Arabia,2,1
M041252_Oman,0,1
M041252_United Arab Emirates,1,0
M041253_Bahrain,1,1
M041253_Iraq,1,1
M041254_Qatar,4,0
M041254_Yemen,0,4
M041255_Jordan,1,1
M041255_Libya,1,1
M041256_Kuwait,0,1
M041256_Oman,1,0
M041257_United Arab Emirates,0,0
M041257_Saudi Arabia,0,0
M041258_Iraq,2,1
M041258_Qatar,1,2
M041259_Yemen,0,1
M041259_Bahrain,1,0
M041260_Saudi Arabia,0,2
M041260_Oman,2,0
M041261_Kuwait,0,0
M041261_United Arab Emirates,0,0
M041262_Iraq,3,0
M041262_Yemen,0,3
M041263_Qatar,1,1
M041263_Bahrain,1,1
M041264_Iraq,0,0
M041264_United Arab Emirates,0,0
M041265_Oman,1,0
M041265_Bahrain,0,1
M041266_Oman,0,0
M041266_United Arab Emirates,0,0
M041267_Estonia,1,1
M041267_Sweden,1,1
M041268_Denmark,0,1
M041268_Sweden,1,0
M041269_Indonesia,0,6
M041269_Iceland,6,0
M041270_Jordan,1,2
M041270_Finland,2,1
M041271_Indonesia,1,4
M041271_Iceland,4,1
W006732_China PR,4,0
W006732_Vietnam,0,4
W006733_Norway,3,0
W006733_Scotland,0,3
W006734_Colombia,1,1
W006734_Thailand,1,1
W006735_Spain,2,0
W006735_Netherlands,0,2
W006736_France,1,1
W006736_Italy,1,1
W006737_South Africa,0,3
W006737_Sweden,3,0
W006738_Vietnam,0,2
W006738_Colombia,2,0
W006739_China PR,2,1
W006739_Thailand,1,2
W006740_Israel,0,0
W006740_Finland,0,0
W006741_United States,5,1
W006741_Denmark,1,5
W006742_Thailand,2,0
W006742_Vietnam,0,2
W006743_China PR,2,0
W006743_Colombia,0,2
W006744_Norway,2,1
W006744_Iceland,1,2
M041272_Moldova,0,1
M041272_South Korea,1,0
M041273_Yorkshire,1,1
M041273_Ellan Vannin,1,1
M041274_United States,0,0
M041274_Bosnia and Herzegovina,0,0
M041275_Jamaica,2,2
M041275_South Korea,2,2
M041276_Azerbaijan,0,0
M041276_Moldova,0,0
M041277_Mexico,1,0
M041277_Bosnia and Herzegovina,0,1
M041278_Latvia,0,1
M041278_South Korea,1,0
W006745_Ivory Coast,1,0
W006745_Ghana,0,1
W006746_Burkina Faso,5,1
W006746_Niger,1,5
W006747_Senegal,6,0
W006747_Togo,0,6
W006748_Nigeria,1,0
W006748_Mali,0,1
W006749_Ivory Coast,1,1
W006749_Burkina Faso,1,1
W006750_Ghana,9,0
W006750_Niger,0,9
W006751_Mali,8,0
W006751_Togo,0,8
W006752_Nigeria,3,0
W006752_Senegal,0,3
W006753_Ghana,4,1
W006753_Burkina Faso,1,4
W006754_Ivory Coast,7,0
W006754_Niger,0,7
W006755_Nigeria,3,1
W006755_Togo,1,3
W006756_Mali,1,0
W006756_Senegal,0,1
W006757_Nigeria,1,1
W006757_Ghana,1,1
W006758_Ivory Coast,2,0
W006758_Mali,0,2
W006759_Ivory Coast,0,1
W006759_Ghana,1,0
W006760_Mali,1,2
W006760_Nigeria,2,1
M041279_Saudi Arabia,3,0
M041279_Moldova,0,3
M041280_Iraq,4,1
M041280_Saudi Arabia,1,4
W006761_Portugal,2,1
W006761_China PR,1,2
W006762_South Korea,3,1
W006762_Russia,1,3
W006763_Australia,4,3
W006763_Norway,3,4
W006764_Austria,0,2
W006764_Spain,2,0
W006765_Slovakia,0,0
W006765_South Africa,0,0
W006766_Hungary,0,2
W006766_North Korea,2,0
W006767_Canada,1,3
W006767_Sweden,3,1
W006768_Japan,2,6
W006768_Netherlands,6,2
W006769_Denmark,0,0
W006769_Iceland,0,0
W006770_Finland,0,1
W006770_Wales,1,0
W006771_Italy,3,0
W006771_Switzerland,0,3
W006772_Poland,2,0
W006772_Jordan,0,2
W006773_Mexico,5,0
W006773_Latvia,0,5
W006774_Belgium,1,2
W006774_Czech Republic,2,1
W006775_Ukraine,0,0
W006775_Romania,0,0
W006776_Northern Ireland,2,0
W006776_Kazakhstan,0,2
W006777_United States,1,0
W006777_Germany,0,1
W006778_England,4,1
W006778_France,1,4
W006779_Japan,2,1
W006779_Iceland,1,2
W006780_China PR,0,2
W006780_Norway,2,0
W006781_Russia,0,1
W006781_Canada,1,0
W006782_Sweden,1,1
W006782_South Korea,1,1
W006783_Wales,0,3
W006783_Italy,3,0
W006784_Denmark,2,3
W006784_Netherlands,3,2
W006785_Portugal,0,0
W006785_Australia,0,0
W006786_Czech Republic,0,2
W006786_Austria,2,0
W006787_Spain,0,0
W006787_Belgium,0,0
W006788_Romania,1,1
W006788_Northern Ireland,1,1
W006789_Switzerland,4,0
W006789_Finland,0,4
W006790_North Korea,1,0
W006790_Slovakia,0,1
W006791_South Africa,1,0
W006791_Hungary,0,1
W006792_Latvia,0,2
W006792_Poland,2,0
W006793_Jordan,1,5
W006793_Mexico,5,1
W006794_Kosovo,0,2
W006794_Ukraine,2,0
W006795_Kosovo,1,1
W006795_Kazakhstan,1,1
W006796_Mexico,1,0
W006796_Poland,0,1
W006797_Jordan,3,2
W006797_Latvia,2,3
W006798_Germany,2,2
W006798_England,2,2
W006799_United States,1,1
W006799_France,1,1
W006800_Ukraine,3,1
W006800_Northern Ireland,1,3
W006801_Belgium,2,0
W006801_Austria,0,2
W006802_Spain,2,0
W006802_Czech Republic,0,2
W006803_South Africa,0,0
W006803_North Korea,0,0
W006804_Hungary,1,1
W006804_Slovakia,1,1
W006805_Switzerland,0,0
W006805_Wales,0,0
W006806_Iceland,0,0
W006806_Netherlands,0,0
W006807_Japan,2,0
W006807_Denmark,0,2
W006808_South Korea,0,3
W006808_Canada,3,0
W006809_Finland,2,2
W006809_Italy,2,2
W006810_Australia,2,0
W006810_China PR,0,2
W006811_Portugal,2,0
W006811_Norway,0,2
W006812_Sweden,3,0
W006812_Russia,0,3
W006813_Northern Ireland,0,1
W006813_Kosovo,1,0
W006814_Kazakhstan,1,2
W006814_Latvia,2,1
W006815_Jordan,1,2
W006815_Romania,2,1
W006816_Poland,0,0
W006816_Ukraine,0,0
W006817_South Korea,3,2
W006817_Norway,2,3
W006818_Iceland,1,1
W006818_Denmark,1,1
W006819_North Korea,2,1
W006819_Switzerland,1,2
W006820_South Africa,1,2
W006820_Belgium,2,1
W006821_Wales,1,1
W006821_Austria,1,1
W006822_Italy,0,2
W006822_Spain,2,0
W006823_Canada,2,0
W006823_Japan,0,2
W006824_Slovakia,2,5
W006824_Czech Republic,5,2
W006825_Hungary,0,2
W006825_Finland,2,0
W006826_United States,1,0
W006826_England,0,1
W006827_France,3,0
W006827_Germany,0,3
W006828_Portugal,2,1
W006828_Australia,1,2
W006829_China PR,2,1
W006829_Russia,1,2
M041281_Iran,4,0
M041281_Sierra Leone,0,4
M041282_Tahiti,0,0
M041282_New Caledonia,0,0
M041283_Andorra,1,0
M041283_Liechtenstein,0,1
M041284_Antigua and Barbuda,3,2
M041284_Bermuda,2,3
M041285_Iraq,2,3
M041285_Qatar,3,2
M041286_Jordan,1,0
M041286_Kuwait,0,1
M041287_Laos,0,1
M041287_Cambodia,1,0
M041288_Madagascar,0,0
M041288_Togo,0,0
M041289_South Africa,1,1
M041289_Angola,1,1
M041290_Zambia,2,2
M041290_Zimbabwe,2,2
M041291_Belize,4,2
M041291_Grenada,2,4
M041292_Bahrain,0,0
M041292_Palestine,0,0
M041293_Algeria,4,1
M041293_Tanzania,1,4
M041294_Slovakia,2,1
M041294_United Arab Emirates,1,2
M041295_Philippines,3,2
M041295_Fiji,2,3
M041296_Nicaragua,3,1
M041296_Cuba,1,3
M041297_Malta,0,1
M041297_Luxembourg,1,0
M041298_Malaysia,2,2
M041298_Mongolia,2,2
M041299_Thailand,0,0
M041299_Gabon,0,0
M041300_Kyrgyzstan,5,1
M041300_Myanmar,1,5
M041301_Faroe Islands,1,1
M041301_Latvia,1,1
M041302_Dominican Republic,4,0
M041302_Turks and Caicos Islands,0,4
M041303_Denmark,1,0
M041303_Panama,0,1
M041304_China PR,0,6
M041304_Wales,6,0
M041305_Macau,0,1
M041305_Mauritius,1,0
M041306_Burkina Faso,2,0
M041306_Guinea-Bissau,0,2
M041307_Poland,0,1
M041307_Nigeria,1,0
M041308_Portugal,2,1
M041308_Egypt,1,2
M041309_Russia,0,3
M041309_Brazil,3,0
M041310_Scotland,0,1
M041310_Costa Rica,1,0
M041311_Senegal,1,1
M041311_Uzbekistan,1,1
M041312_Tunisia,1,0
M041312_Iran,0,1
M041313_Singapore,3,2
M041313_Maldives,2,3
M041314_Turkey,1,0
M041314_Republic of Ireland,0,1
M041315_Ukraine,1,1
M041315_Saudi Arabia,1,1
M041316_Uruguay,2,0
M041316_Czech Republic,0,2
M041317_Peru,2,0
M041317_Croatia,0,2
M041318_Serbia,1,2
M041318_Morocco,2,1
M041319_Netherlands,0,1
M041319_England,1,0
M041320_Gambia,1,1
M041320_Central African Republic,1,1
M041321_Japan,1,1
M041321_Mali,1,1
M041322_Italy,0,2
M041322_Argentina,2,0
M041323_Hungary,2,3
M041323_Kazakhstan,3,2
M041324_Guadeloupe,0,1
M041324_Trinidad and Tobago,1,0
M041325_Greece,0,1
M041325_Switzerland,1,0
M041326_Germany,1,1
M041326_Spain,1,1
M041327_France,2,3
M041327_Colombia,3,2
M041328_Finland,0,0
M041328_North Macedonia,0,0
M041329_Cyprus,0,0
M041329_Montenegro,0,0
M041330_Curaçao,1,1
M041330_Bolivia,1,1
M041331_Bulgaria,0,1
M041331_Bosnia and Herzegovina,1,0
M041332_Azerbaijan,0,1
M041332_Belarus,1,0
M041333_Austria,3,0
M041333_Slovenia,0,3
M041334_Mexico,3,0
M041334_Iceland,0,3
M041335_Norway,4,1
M041335_Australia,1,4
M041336_Israel,1,2
M041336_Romania,2,1
M041337_Armenia,0,0
M041337_Estonia,0,0
M041338_Angola,2,2
M041338_Zimbabwe,2,2
M041339_Alderney,0,2
M041339_Guernsey,2,0
M041340_Zambia,0,2
M041340_South Africa,2,0
M041341_Uganda,3,1
M041341_São Tomé and Príncipe,1,3
M041342_Tahiti,4,3
M041342_New Caledonia,3,4
M041343_Sweden,1,2
M041343_Chile,2,1
M041344_Northern Ireland,2,1
M041344_South Korea,1,2
M041345_Qatar,2,2
M041345_Syria,2,2
M041346_Kosovo,1,0
M041346_Madagascar,0,1
M041347_Ivory Coast,2,2
M041347_Togo,2,2
M041348_Georgia,4,0
M041348_Lithuania,0,4
M041349_Comoros,2,2
M041349_Kenya,2,2
M041350_Canada,1,0
M041350_New Zealand,0,1
M041351_Botswana,1,0
M041351_Lesotho,0,1
M041352_Mauritania,2,0
M041352_Guinea,0,2
M041353_Nicaragua,3,3
M041353_Cuba,3,3
M041354_Yorkshire,6,0
M041354_Chagos Islands,0,6
M041355_Thailand,2,3
M041355_Slovakia,3,2
M041356_Martinique,0,0
M041356_Trinidad and Tobago,0,0
M041357_Dominican Republic,2,1
M041357_Saint Kitts and Nevis,1,2
M041358_Jamaica,1,1
M041358_Antigua and Barbuda,1,1
M041359_Gibraltar,1,0
M041359_Latvia,0,1
M041360_Faroe Islands,3,0
M041360_Liechtenstein,0,3
M041361_Barbados,0,0
M041361_Bermuda,0,0
M041362_Kuwait,1,3
M041362_Cameroon,3,1
M041363_Albania,0,1
M041363_Norway,1,0
M041364_Bulgaria,2,1
M041364_Kazakhstan,1,2
M041365_China PR,1,4
M041365_Czech Republic,4,1
M041366_Curaçao,1,0
M041366_Bolivia,0,1
M041367_Finland,5,0
M041367_Malta,0,5
M041368_Portugal,0,3
M041368_Netherlands,3,0
M041369_Wales,0,1
M041369_Uruguay,1,0
W006830_Australia,0,0
W006830_Thailand,0,0
M041370_Oman,1,0
M041370_Palestine,0,1
M041371_Laos,2,2
M041371_Bangladesh,2,2
M041372_Central African Republic,3,2
M041372_Kenya,2,3
M041373_Myanmar,1,0
M041373_Macau,0,1
M041374_Bosnia and Herzegovina,0,0
M041374_Senegal,0,0
M041375_Belgium,4,0
M041375_Saudi Arabia,0,4
M041376_Bahrain,4,0
M041376_Turkmenistan,0,4
M041377_Azerbaijan,1,1
M041377_North Macedonia,1,1
M041378_Australia,0,0
M041378_Colombia,0,0
M041379_Armenia,0,1
M041379_Lithuania,1,0
M041380_Algeria,1,2
M041380_Iran,2,1
M041381_Afghanistan,2,1
M041381_Cambodia,1,2
M041382_Lebanon,2,1
M041382_Malaysia,1,2
M041383_Luxembourg,0,4
M041383_Austria,4,0
M041384_Mexico,0,1
M041384_Croatia,1,0
M041385_Moldova,1,2
M041385_Ivory Coast,2,1
M041386_Mongolia,0,2
M041386_Mauritius,2,0
M041387_Montenegro,2,2
M041387_Turkey,2,2
M041388_Morocco,2,0
M041388_Uzbekistan,0,2
M041389_Namibia,2,1
M041389_Lesotho,1,2
M041390_Peru,3,1
M041390_Iceland,1,3
M041391_Philippines,2,1
M041391_Tajikistan,1,2
M041392_Kyrgyzstan,2,1
M041392_India,1,2
M041393_Denmark,0,0
M041393_Chile,0,0
M041394_England,1,1
M041394_Italy,1,1
M041395_Maldives,7,0
M041395_Bhutan,0,7
M041396_Germany,0,1
M041396_Brazil,1,0
M041397_North Korea,2,0
M041397_Hong Kong,0,2
M041398_Jordan,1,1
M041398_Vietnam,1,1
M041399_Yemen,2,1
M041399_Nepal,1,2
M041400_United States,1,0
M041400_Paraguay,0,1
M041401_Ukraine,2,1
M041401_Japan,1,2
M041402_Uganda,0,0
M041402_Malawi,0,0
M041403_Tunisia,1,0
M041403_Costa Rica,0,1
M041404_Kosovo,2,0
M041404_Burkina Faso,0,2
M041405_Taiwan,1,0
M041405_Singapore,0,1
M041406_Switzerland,6,0
M041406_Panama,0,6
M041407_Tanzania,2,0
M041407_DR Congo,0,2
M041408_Slovenia,0,2
M041408_Belarus,2,0
M041409_Seychelles,0,0
M041409_Eswatini,0,0
M041410_Serbia,2,0
M041410_Nigeria,0,2
M041411_Russia,1,3
M041411_France,3,1
M041412_Romania,1,0
M041412_Sweden,0,1
M041413_Poland,3,2
M041413_South Korea,2,3
M041414_Iraq,1,1
M041414_Syria,1,1
M041415_Hungary,0,1
M041415_Scotland,1,0
M041416_Greece,1,0
M041416_Egypt,0,1
M041417_Spain,6,1
M041417_Argentina,1,6
M041418_Georgia,2,0
M041418_Estonia,0,2
M041419_Malaysia,7,0
M041419_Bhutan,0,7
W006831_Japan,7,1
W006831_Ghana,1,7
W006832_Congo,2,0
W006832_Central African Republic,0,2
W006833_Tanzania,3,3
W006833_Zambia,3,3
W006834_Kenya,1,0
W006834_Uganda,0,1
W006835_Libya,0,8
W006835_Ethiopia,8,0
W006836_Chile,1,1
W006836_Paraguay,1,1
W006837_Colombia,7,0
W006837_Uruguay,0,7
W006838_Senegal,2,1
W006838_Algeria,1,2
W006839_Namibia,0,2
W006839_Zimbabwe,2,0
W006840_Hungary,1,4
W006840_Sweden,4,1
W006841_Croatia,0,3
W006841_Ukraine,3,0
W006842_Austria,1,1
W006842_Serbia,1,1
W006843_Bosnia and Herzegovina,1,6
W006843_Russia,6,1
W006844_Brazil,3,1
W006844_Argentina,1,3
W006845_Ecuador,0,1
W006845_Venezuela,1,0
W006846_Switzerland,1,0
W006846_Scotland,0,1
W006847_Jordan,1,2
W006847_Philippines,2,1
W006848_China PR,4,0
W006848_Thailand,0,4
W006849_Lesotho,1,0
W006849_Eswatini,0,1
W006850_Morocco,1,1
W006850_Ivory Coast,1,1
W006851_Finland,0,2
W006851_Spain,2,0
W006852_Belgium,1,1
W006852_Portugal,1,1
W006853_Chile,1,1
W006853_Colombia,1,1
W006854_Netherlands,7,0
W006854_Northern Ireland,0,7
W006855_Republic of Ireland,2,1
W006855_Slovakia,1,2
W006856_Poland,1,1
W006856_Albania,1,1
W006857_England,0,0
W006857_Wales,0,0
W006858_Paraguay,3,0
W006858_Peru,0,3
W006859_United States,4,1
W006859_Mexico,1,4
W006860_Slovenia,0,2
W006860_Iceland,2,0
W006861_France,8,0
W006861_Nigeria,0,8
W006862_Moldova,1,3
W006862_Italy,3,1
W006863_Argentina,3,0
W006863_Bolivia,0,3
W006864_Germany,4,0
W006864_Czech Republic,0,4
W006865_Japan,4,0
W006865_Vietnam,0,4
W006866_Australia,0,0
W006866_South Korea,0,0
W006867_Brazil,8,0
W006867_Ecuador,0,8
M041420_Barawa,4,1
M041420_Chagos Islands,1,4
W006868_Zimbabwe,2,0
W006868_Namibia,0,2
W006869_Zambia,1,1
W006869_Tanzania,1,1
W006870_Colombia,5,1
W006870_Paraguay,1,5
W006871_Uganda,0,0
W006871_Kenya,0,0
W006872_Uruguay,1,1
W006872_Peru,1,1
W006873_United States,6,2
W006873_Mexico,2,6
W006874_Central African Republic,1,1
W006874_Congo,1,1
W006875_Jordan,1,6
W006875_Thailand,6,1
W006876_Philippines,0,3
W006876_China PR,3,0
W006877_Equatorial Guinea,2,0
W006877_Kenya,0,2
W006878_France,1,0
W006878_Canada,0,1
W006879_Croatia,1,3
W006879_Hungary,3,1
W006880_Kazakhstan,0,3
W006880_Russia,3,0
W006881_Ecuador,3,6
W006881_Argentina,6,3
W006882_Venezuela,8,0
W006882_Bolivia,0,8
W006883_Denmark,1,0
W006883_Ukraine,0,1
W006884_Israel,0,1
W006884_Serbia,1,0
W006885_Vietnam,0,8
W006885_Australia,8,0
W006886_South Korea,0,0
W006886_Japan,0,0
W006887_Gambia,2,1
W006887_Burkina Faso,1,2
W006888_Ivory Coast,0,0
W006888_Morocco,0,0
W006889_Ethiopia,7,0
W006889_Libya,0,7
W006890_Algeria,2,0
W006890_Senegal,0,2
W006891_Moldova,0,0
W006891_Romania,0,0
W006892_Eswatini,1,2
W006892_Lesotho,2,1
W006893_Faroe Islands,0,5
W006893_Iceland,5,0
W006894_Colombia,3,0
W006894_Peru,0,3
W006895_Italy,2,1
W006895_Belgium,1,2
W006896_Chile,1,0
W006896_Uruguay,0,1
W006897_Bosnia and Herzegovina,0,2
W006897_England,2,0
W006898_Austria,0,1
W006898_Spain,1,0
W006899_Scotland,3,0
W006899_Poland,0,3
W006900_Republic of Ireland,0,2
W006900_Netherlands,2,0
W006901_Northern Ireland,0,3
W006901_Norway,3,0
W006902_Albania,1,0
W006902_Belarus,0,1
W006903_Slovenia,0,4
W006903_Germany,4,0
W006904_Ecuador,0,1
W006904_Bolivia,1,0
W006905_Brazil,4,0
W006905_Venezuela,0,4
W006906_Paraguay,2,1
W006906_Uruguay,1,2
W006907_Chile,5,0
W006907_Peru,0,5
W006908_Jordan,1,8
W006908_China PR,8,1
W006909_Thailand,3,1
W006909_Philippines,1,3
W006910_Japan,1,1
W006910_Australia,1,1
W006911_Argentina,2,0
W006911_Venezuela,0,2
W006912_Bolivia,0,7
W006912_Brazil,7,0
W006913_South Korea,4,0
W006913_Vietnam,0,4
M041421_Barawa,2,7
M041421_Yorkshire,7,2
W006914_Chile,1,3
W006914_Brazil,3,1
W006915_Philippines,0,5
W006915_South Korea,5,0
W006916_Colombia,1,3
W006916_Argentina,3,1
W006917_China PR,1,3
W006917_Japan,3,1
W006918_Australia,2,2
W006918_Thailand,2,2
M041422_Trinidad and Tobago,0,1
M041422_Panama,1,0
M041423_Zimbabwe,0,1
M041423_Botswana,1,0
W006919_Brazil,3,0
W006919_Argentina,0,3
W006920_Chile,0,0
W006920_Colombia,0,0
W006921_China PR,3,1
W006921_Thailand,1,3
W006922_Japan,1,0
W006922_Australia,0,1
W006923_Chile,4,0
W006923_Argentina,0,4
W006924_Brazil,3,0
W006924_Colombia,0,3
M041424_Saint Kitts and Nevis,1,3
M041424_Jamaica,3,1
M041425_Saint Barthélemy,3,2
M041425_Saint Martin,2,3
M041426_Ellan Vannin,2,1
M041426_Panjab,1,2
M041427_Antigua and Barbuda,0,2
M041427_Jamaica,2,0
M041428_Barawa,1,3
M041428_Surrey,3,1
W006925_Cuba,11,0
W006925_Aruba,0,11
W006926_Dominican Republic,0,0
W006926_Puerto Rico,0,0
W006927_Burkina Faso,2,1
W006927_Gambia,1,2
M041429_Iraq,0,0
M041429_Palestine,0,0
M041430_Algeria,0,2
M041430_Saudi Arabia,2,0
W006928_Haiti,2,0
W006928_Martinique,0,2
W006929_Jamaica,13,0
W006929_Guadeloupe,0,13
W006930_Anguilla,1,2
W006930_Aruba,2,1
W006931_Cuba,2,2
W006931_Puerto Rico,2,2
W006932_Dominican Republic,1,5
W006932_Cuba,5,1
W006933_Puerto Rico,10,0
W006933_Anguilla,0,10
M041431_Kuwait,2,0
M041431_Palestine,0,2
W006934_Dominican Republic,3,0
W006934_Anguilla,0,3
W006935_Haiti,11,0
W006935_Guadeloupe,0,11
W006936_Martinique,0,3
W006936_Jamaica,3,0
W006937_Aruba,0,5
W006937_Puerto Rico,5,0
M041432_Jersey,1,0
M041432_Guernsey,0,1
W006938_Anguilla,0,4
W006938_Cuba,4,0
W006939_Dominican Republic,3,0
W006939_Aruba,0,3
W006940_Guadeloupe,0,3
W006940_Martinique,3,0
W006941_Haiti,2,2
W006941_Jamaica,2,2
M041433_Saudi Arabia,2,0
M041433_Greece,0,2
M041434_Iran,1,0
M041434_Uzbekistan,0,1
W006942_Dominica,1,2
W006942_Saint Kitts and Nevis,2,1
W006943_Trinidad and Tobago,10,0
W006943_United States Virgin Islands,0,10
M041435_Jordan,3,0
M041435_Cyprus,0,3
W006944_Trinidad and Tobago,3,0
W006944_Dominica,0,3
W006945_United States Virgin Islands,3,0
W006945_Grenada,0,3
W006946_United States Virgin Islands,0,3
W006946_Dominica,3,0
W006947_Saint Kitts and Nevis,10,0
W006947_Grenada,0,10
W006948_Guyana,2,2
W006948_Bermuda,2,2
W006949_Barbados,2,1
W006949_Suriname,1,2
W006950_Antigua and Barbuda,1,0
W006950_Saint Vincent and the Grenadines,0,1
W006951_Saint Lucia,2,1
W006951_Curaçao,1,2
M041436_Kenya,0,1
M041436_Eswatini,1,0
M041437_Kuwait,1,1
M041437_Egypt,1,1
W006952_Bermuda,3,2
W006952_Barbados,2,3
W006953_Antigua and Barbuda,3,0
W006953_Curaçao,0,3
W006954_Guyana,6,1
W006954_Suriname,1,6
W006955_Trinidad and Tobago,1,1
W006955_Saint Kitts and Nevis,1,1
W006956_Saint Vincent and the Grenadines,1,2
W006956_Saint Lucia,2,1
W006957_Grenada,1,1
W006957_Dominica,1,1
M041438_China PR,1,0
M041438_Myanmar,0,1
M041439_Saint Barthélemy,5,3
M041439_Sint Maarten,3,5
M041440_Comoros,1,1
M041440_Seychelles,1,1
M041441_Madagascar,2,1
M041441_Mozambique,1,2
M041442_Niger,3,3
M041442_Central African Republic,3,3
M041443_Cameroon,0,1
M041443_Burkina Faso,1,0
W006958_Guyana,0,0
W006958_Barbados,0,0
W006959_Suriname,0,1
W006959_Bermuda,1,0
W006960_Antigua and Barbuda,1,0
W006960_Saint Lucia,0,1
W006961_Curaçao,1,0
W006961_Saint Vincent and the Grenadines,0,1
W006962_Saint Kitts and Nevis,7,0
W006962_United States Virgin Islands,0,7
W006963_Trinidad and Tobago,13,0
W006963_Grenada,0,13
M041444_Malawi,0,1
M041444_Mauritius,1,0
M041445_Bosnia and Herzegovina,0,0
M041445_Montenegro,0,0
M041446_Angola,1,2
M041446_Botswana,2,1
M041447_Turkey,2,1
M041447_Iran,1,2
M041448_United States,3,0
M041448_Bolivia,0,3
M041449_Nigeria,1,1
M041449_DR Congo,1,1
M041450_Kenya,1,0
M041450_Equatorial Guinea,0,1
M041451_Portugal,2,2
M041451_Tunisia,2,2
M041452_Italy,2,1
M041452_Saudi Arabia,1,2
M041453_France,2,0
M041453_Republic of Ireland,0,2
M041454_South Korea,2,0
M041454_Honduras,0,2
M041455_Mexico,0,0
M041455_Wales,0,0
M041456_Comoros,0,3
M041456_Mozambique,3,0
M041457_Panama,0,0
M041457_Northern Ireland,0,0
M041458_Peru,2,0
M041458_Scotland,0,2
M041459_Azerbaijan,3,0
M041459_Kyrgyzstan,0,3
M041460_Armenia,1,1
M041460_Malta,1,1
M041461_Albania,0,3
M041461_Kosovo,3,0
M041462_Argentina,4,0
M041462_Haiti,0,4
M041463_Madagascar,1,1
M041463_Seychelles,1,1
M041464_Estonia,2,0
M041464_Lithuania,0,2
M041465_Angola,1,0
M041465_Mauritius,0,1
M041466_Malawi,1,1
M041466_Botswana,1,1
M041467_Austria,1,0
M041467_Russia,0,1
M041468_Japan,0,2
M041468_Ghana,2,0
M041469_Central African Republic,1,0
M041469_Uganda,0,1
M041470_Székely Land,4,0
M041470_Tuvalu,0,4
M041471_Panjab,8,0
M041471_Kabylia,0,8
M041472_United Koreans in Japan,0,0
M041472_Western Armenia,0,0
M041473_Padania,6,1
M041473_Matabeleland,1,6
M041474_Northern Cyprus,1,1
M041474_Kárpátalja,1,1
M041475_Abkhazia,3,0
M041475_Tibet,0,3
M041476_Barawa,4,0
M041476_Tamil Eelam,0,4
M041477_Ellan Vannin,4,1
M041477_Cascadia,1,4
M041478_Slovakia,1,1
M041478_Netherlands,1,1
M041479_Mozambique,2,1
M041479_Seychelles,1,2
M041480_Luxembourg,0,0
M041480_Senegal,0,0
M041481_Romania,3,2
M041481_Chile,2,3
M041482_Ukraine,0,0
M041482_Morocco,0,0
M041483_Comoros,0,1
M041483_Madagascar,1,0
M041484_Algeria,2,3
M041484_Cape Verde,3,2
M041485_Colombia,0,0
M041485_Egypt,0,0
M041486_Malta,0,1
M041486_Georgia,1,0
M041487_Botswana,6,0
M041487_Mauritius,0,6
M041488_Angola,0,0
M041488_Malawi,0,0
M041489_Czech Republic,0,4
M041489_Australia,4,0
M041490_France,3,1
M041490_Italy,1,3
M041491_Turkey,2,2
M041491_Tunisia,2,2
M041492_India,5,0
M041492_Taiwan,0,5
M041493_South Korea,1,3
M041493_Bosnia and Herzegovina,3,1
M041494_Ellan Vannin,2,0
M041494_Tamil Eelam,0,2
M041495_Kenya,2,1
M041495_New Zealand,1,2
M041496_Latvia,1,0
M041496_Estonia,0,1
M041497_Lesotho,1,0
M041497_Eswatini,0,1
M041498_Barawa,1,2
M041498_Cascadia,2,1
M041499_Abkhazia,0,2
M041499_Kárpátalja,2,0
M041500_Székely Land,5,0
M041500_Matabeleland,0,5
M041501_Iceland,2,3
M041501_Norway,3,2
M041502_Padania,8,0
M041502_Tuvalu,0,8
M041503_United Koreans in Japan,0,0
M041503_Kabylia,0,0
M041504_Panjab,0,1
M041504_Western Armenia,1,0
M041505_Northern Cyprus,3,1
M041505_Tibet,1,3
M041506_Niger,2,1
M041506_Uganda,1,2
M041507_Zambia,0,0
M041507_Namibia,0,0
M041508_Belgium,0,0
M041508_Portugal,0,0
M041509_Austria,2,1
M041509_Germany,1,2
M041510_Thailand,0,2
M041510_China PR,2,0
M041511_England,2,1
M041511_Nigeria,1,2
M041512_Montenegro,0,2
M041512_Slovenia,2,0
M041513_El Salvador,1,0
M041513_Honduras,0,1
M041514_Sweden,0,0
M041514_Denmark,0,0
M041515_Republic of Ireland,2,1
M041515_United States,1,2
M041516_Mexico,1,0
M041516_Scotland,0,1
M041517_Panjab,1,1
M041517_United Koreans in Japan,1,1
M041518_Western Armenia,4,0
M041518_Kabylia,0,4
M041519_Tuvalu,1,3
M041519_Matabeleland,3,1
M041520_Padania,3,1
M041520_Székely Land,1,3
M041521_Kárpátalja,5,1
M041521_Tibet,1,5
M041522_Abkhazia,2,2
M041522_Northern Cyprus,2,2
M041523_Barawa,2,0
M041523_Ellan Vannin,0,2
M041524_Tamil Eelam,0,6
M041524_Cascadia,6,0
M041525_Zimbabwe,1,1
M041525_Botswana,1,1
M041526_Andorra,0,0
M041526_Cape Verde,0,0
M041527_South Africa,0,0
M041527_Madagascar,0,0
M041528_Costa Rica,3,0
M041528_Northern Ireland,0,3
M041529_Croatia,0,2
M041529_Brazil,2,0
M041530_Spain,1,1
M041530_Switzerland,1,1
M041531_Saudi Arabia,0,3
M041531_Peru,3,0
M041532_Albania,1,4
M041532_Ukraine,4,1
M041533_Barbados,0,0
M041533_Belize,0,0
M041534_India,3,0
M041534_Kenya,0,3
M041535_Armenia,0,0
M041535_Moldova,0,0
M041536_Slovakia,1,2
M041536_Morocco,2,1
M041537_Serbia,0,1
M041537_Chile,1,0
M041538_Italy,1,1
M041538_Netherlands,1,1
M041539_Barawa,0,8
M041539_Northern Cyprus,8,0
M041540_Padania,2,0
M041540_Panjab,0,2
M041541_Kárpátalja,3,1
M041541_Cascadia,1,3
M041542_Western Armenia,0,4
M041542_Székely Land,4,0
M041543_United Koreans in Japan,5,0
M041543_Tuvalu,0,5
M041544_Abkhazia,6,0
M041544_Tamil Eelam,0,6
M041545_Matabeleland,0,0
M041545_Kabylia,0,0
M041546_Eswatini,0,2
M041546_Botswana,2,0
M041547_South Africa,4,1
M041547_Namibia,1,4
M041548_Taiwan,0,1
M041548_New Zealand,1,0
M041549_Lithuania,1,1
M041549_Latvia,1,1
M041550_Martinique,3,0
M041550_French Guiana,0,3
M041551_Kazakhstan,3,0
M041551_Azerbaijan,0,3
M041552_Luxembourg,1,0
M041552_Georgia,0,1
M041553_Romania,2,0
M041553_Finland,0,2
M041554_Russia,1,1
M041554_Turkey,1,1
M041555_Belarus,1,1
M041555_Hungary,1,1
M041556_Lesotho,0,0
M041556_Zimbabwe,0,0
M041557_Zambia,1,0
M041557_Madagascar,0,1
M041558_Belgium,3,0
M041558_Egypt,0,3
M041559_Norway,1,0
M041559_Panama,0,1
M041560_Czech Republic,1,0
M041560_Nigeria,0,1
W006964_Zambia,0,1
W006964_Zimbabwe,1,0
W006965_Lesotho,0,1
W006965_South Africa,1,0
W006966_Congo,0,5
W006966_Cameroon,5,0
W006967_Kenya,2,1
W006967_Equatorial Guinea,1,2
W006968_Gambia,0,1
W006968_Nigeria,1,0
W006969_Algeria,3,1
W006969_Ethiopia,1,3
W006970_Ivory Coast,2,2
W006970_Mali,2,2
M041561_Kárpátalja,4,2
M041561_Székely Land,2,4
M041562_Northern Cyprus,3,2
M041562_Padania,2,3
M041563_Cascadia,4,0
M041563_Western Armenia,0,4
M041564_Abkhazia,2,0
M041564_United Koreans in Japan,0,2
M041565_Barawa,0,5
M041565_Panjab,5,0
M041566_India,1,2
M041566_New Zealand,2,1
M041567_Guadeloupe,0,2
M041567_French Guiana,2,0
M041568_Iceland,2,2
M041568_Ghana,2,2
M041569_South Korea,0,0
M041569_Bolivia,0,0
M041570_Uruguay,3,0
M041570_Uzbekistan,0,3
M041571_England,2,0
M041571_Costa Rica,0,2
M041572_Portugal,3,0
M041572_Algeria,0,3
M041573_Tamil Eelam,4,3
M041573_Tuvalu,3,4
M041574_Tibet,1,8
M041574_Kabylia,8,1
W006971_Wales,1,0
W006971_Bosnia and Herzegovina,0,1
W006972_Scotland,2,1
W006972_Belarus,1,2
W006973_Sweden,4,0
W006973_Croatia,0,4
W006974_Spain,2,0
W006974_Israel,0,2
W006975_Faroe Islands,0,4
W006975_Slovenia,4,0
M041575_Taiwan,0,4
M041575_Kenya,4,0
M041576_South Africa,3,0
M041576_Botswana,0,3
M041577_Germany,2,1
M041577_Saudi Arabia,1,2
M041578_Croatia,2,1
M041578_Senegal,1,2
M041579_Switzerland,2,0
M041579_Japan,0,2
M041580_Lithuania,0,1
M041580_Iran,1,0
M041581_Poland,2,2
M041581_Chile,2,2
M041582_Madagascar,0,1
M041582_Lesotho,1,0
W006976_Finland,0,2
W006976_Austria,2,0
W006977_Italy,3,0
W006977_Portugal,0,3
W006978_Ukraine,1,5
W006978_Denmark,5,1
W006979_Northern Ireland,0,5
W006979_Netherlands,5,0
W006980_Republic of Ireland,0,2
W006980_Norway,2,0
W006981_Russia,1,3
W006981_England,3,1
W006982_United States,1,0
W006982_China PR,0,1
M041583_Panjab,3,3
M041583_Cascadia,3,3
M041584_Matabeleland,1,0
M041584_Tamil Eelam,0,1
M041585_Zambia,2,4
M041585_Zimbabwe,4,2
M041586_Serbia,5,1
M041586_Bolivia,1,5
M041587_Denmark,2,0
M041587_Mexico,0,2
M041588_Sweden,0,0
M041588_Peru,0,0
M041589_Hungary,1,2
M041589_Australia,2,1
M041590_Estonia,1,3
M041590_Morocco,3,1
M041591_Latvia,1,3
M041591_Azerbaijan,3,1
M041592_Tunisia,0,1
M041592_Spain,1,0
M041593_France,1,1
M041593_United States,1,1
M041594_Finland,2,0
M041594_Belarus,0,2
M041595_Kabylia,0,2
M041595_Abkhazia,2,0
M041596_Barawa,0,7
M041596_Western Armenia,7,0
M041597_Padania,0,0
M041597_Székely Land,0,0
M041598_Northern Cyprus,0,0
M041598_Kárpátalja,0,0
M041599_Tibet,1,1
M041599_United Koreans in Japan,1,1
W006983_Cameroon,5,0
W006983_Congo,0,5
W006984_Chile,0,0
W006984_Costa Rica,0,0
M041600_India,2,0
M041600_Kenya,0,2
M041601_Austria,0,3
M041601_Brazil,3,0
W006985_Canada,2,3
W006985_Germany,3,2
W006986_Ethiopia,2,3
W006986_Algeria,3,2
W006987_Mali,0,0
W006987_Ivory Coast,0,0
W006988_South Africa,6,0
W006988_Lesotho,0,6
W006989_Zimbabwe,1,2
W006989_Zambia,2,1
W006990_Moldova,0,7
W006990_Belgium,7,0
W006991_New Zealand,1,3
W006991_Japan,3,1
M041602_Belgium,4,1
M041602_Costa Rica,1,4
M041603_South Korea,0,2
M041603_Senegal,2,0
W006992_Nigeria,6,0
W006992_Gambia,0,6
W006993_Iceland,2,0
W006993_Slovenia,0,2
M041604_Poland,4,0
M041604_Lithuania,0,4
M041605_Japan,4,2
M041605_Paraguay,2,4
W006994_Bosnia and Herzegovina,0,2
W006994_Kazakhstan,2,0
W006995_Wales,3,0
W006995_Russia,0,3
W006996_Poland,2,3
W006996_Scotland,3,2
W006997_Belarus,0,5
W006997_Switzerland,5,0
W006998_Norway,1,0
W006998_Republic of Ireland,0,1
W006999_Netherlands,1,0
W006999_Slovakia,0,1
W007000_Ukraine,1,0
W007000_Sweden,0,1
W007001_Czech Republic,4,1
W007001_Faroe Islands,1,4
W007002_Romania,1,1
W007002_Portugal,1,1
W007003_Denmark,5,1
W007003_Hungary,1,5
W007004_Israel,0,6
W007004_Austria,6,0
W007005_Chile,2,2
W007005_Costa Rica,2,2
W007006_Serbia,0,2
W007006_Finland,2,0
W007007_United States,2,1
W007007_China PR,1,2
M041606_Russia,5,0
M041606_Saudi Arabia,0,5
M041607_Portugal,3,3
M041607_Spain,3,3
M041608_Morocco,0,1
M041608_Iran,1,0
M041609_Egypt,0,1
M041609_Uruguay,1,0
M041610_Peru,0,1
M041610_Denmark,1,0
M041611_Argentina,1,1
M041611_Iceland,1,1
M041612_Croatia,2,0
M041612_Nigeria,0,2
M041613_France,2,1
M041613_Australia,1,2
M041614_Brazil,1,1
M041614_Switzerland,1,1
M041615_Germany,0,1
M041615_Mexico,1,0
M041616_Costa Rica,0,1
M041616_Serbia,1,0
M041617_Sweden,1,0
M041617_South Korea,0,1
M041618_Belgium,3,0
M041618_Panama,0,3
M041619_Tunisia,1,2
M041619_England,2,1
M041620_Colombia,1,2
M041620_Japan,2,1
M041621_Poland,1,2
M041621_Senegal,2,1
M041622_Russia,3,1
M041622_Egypt,1,3
M041623_Portugal,1,0
M041623_Morocco,0,1
M041624_Iran,0,1
M041624_Spain,1,0
M041625_Uruguay,1,0
M041625_Saudi Arabia,0,1
M041626_Argentina,0,3
M041626_Croatia,3,0
M041627_France,1,0
M041627_Peru,0,1
M041628_Denmark,1,1
M041628_Australia,1,1
M041629_Serbia,1,2
M041629_Switzerland,2,1
M041630_Nigeria,2,0
M041630_Iceland,0,2
M041631_Brazil,2,0
M041631_Costa Rica,0,2
M041632_Germany,2,1
M041632_Sweden,1,2
M041633_South Korea,1,2
M041633_Mexico,2,1
M041634_Belgium,5,2
M041634_Tunisia,2,5
M041635_Poland,0,3
M041635_Colombia,3,0
M041636_Japan,2,2
M041636_Senegal,2,2
M041637_England,6,1
M041637_Panama,1,6
M041638_Russia,0,3
M041638_Uruguay,3,0
M041639_Saudi Arabia,2,1
M041639_Egypt,1,2
M041640_Spain,2,2
M041640_Morocco,2,2
M041641_Iran,1,1
M041641_Portugal,1,1
M041642_Australia,0,2
M041642_Peru,2,0
M041643_Iceland,1,2
M041643_Croatia,2,1
M041644_Nigeria,1,2
M041644_Argentina,2,1
M041645_Denmark,0,0
M041645_France,0,0
M041646_Mexico,0,3
M041646_Sweden,3,0
M041647_Serbia,0,2
M041647_Brazil,2,0
M041648_Switzerland,2,2
M041648_Costa Rica,2,2
M041649_South Korea,2,0
M041649_Germany,0,2
M041650_Japan,0,1
M041650_Poland,1,0
M041651_Senegal,0,1
M041651_Colombia,1,0
M041652_Panama,1,2
M041652_Tunisia,2,1
M041653_England,0,1
M041653_Belgium,1,0
M041654_France,4,3
M041654_Argentina,3,4
M041655_Uruguay,2,1
M041655_Portugal,1,2
W007008_Cambodia,12,0
W007008_Timor-Leste,0,12
M041656_Croatia,1,1
M041656_Denmark,1,1
M041657_Russia,1,1
M041657_Spain,1,1
W007009_Philippines,0,4
W007009_Myanmar,4,0
W007010_Indonesia,0,0
W007010_Singapore,0,0
M041658_Belgium,3,2
M041658_Japan,2,3
M041659_Brazil,2,0
M041659_Mexico,0,2
W007011_Cambodia,0,4
W007011_Malaysia,4,0
W007012_Timor-Leste,0,8
W007012_Thailand,8,0
M041660_Colombia,1,1
M041660_England,1,1
M041661_Sweden,1,0
M041661_Switzerland,0,1
W007013_Indonesia,0,6
W007013_Vietnam,6,0
W007014_Singapore,0,3
W007014_Philippines,3,0
W007015_Thailand,11,0
W007015_Cambodia,0,11
M041662_Malaysia,1,0
M041662_Fiji,0,1
W007016_Vietnam,10,0
W007016_Singapore,0,10
W007017_Indonesia,1,6
W007017_Myanmar,6,1
M041663_Brazil,1,2
M041663_Belgium,2,1
M041664_Uruguay,0,2
M041664_France,2,0
W007018_Malaysia,0,8
W007018_Thailand,8,0
M041665_Sweden,0,2
M041665_England,2,0
M041666_Russia,2,2
M041666_Croatia,2,2
W007019_Myanmar,7,0
W007019_Singapore,0,7
W007020_Philippines,0,5
W007020_Vietnam,5,0
W007021_Timor-Leste,0,4
W007021_Malaysia,4,0
W007022_Vietnam,4,3
W007022_Myanmar,3,4
W007023_Indonesia,3,3
W007023_Philippines,3,3
M041667_France,1,0
M041667_Belgium,0,1
M041668_Croatia,2,1
M041668_England,1,2
W007024_Thailand,3,1
W007024_Myanmar,1,3
W007025_Myanmar,0,3
W007025_Vietnam,3,0
M041669_Belgium,2,0
M041669_England,0,2
M041670_France,4,2
M041670_Croatia,2,4
W007026_Rwanda,1,0
W007026_Tanzania,0,1
W007027_Colombia,0,1
W007027_Costa Rica,1,0
W007028_Venezuela,2,1
W007028_Jamaica,1,2
W007029_Kenya,0,1
W007029_Uganda,1,0
W007030_Mexico,5,1
W007030_Trinidad and Tobago,1,5
W007031_Ethiopia,1,2
W007031_Uganda,2,1
W007032_Kenya,1,1
W007032_Tanzania,1,1
W007033_Costa Rica,2,1
W007033_Jamaica,1,2
W007034_Colombia,3,2
W007034_Venezuela,2,3
M041671_Liberia,0,0
M041671_Sierra Leone,0,0
W007035_Trinidad and Tobago,2,2
W007035_Nicaragua,2,2
W007036_Colombia,1,2
W007036_Jamaica,2,1
W007037_Costa Rica,2,1
W007037_Venezuela,1,2
W007038_Tanzania,4,1
W007038_Uganda,1,4
W007039_Rwanda,0,3
W007039_Ethiopia,3,0
W007040_Nicaragua,0,4
W007040_Mexico,4,0
W007041_Kenya,0,1
W007041_Ethiopia,1,0
W007042_Rwanda,2,2
W007042_Uganda,2,2
W007043_Brazil,1,3
W007043_Australia,3,1
W007044_United States,4,2
W007044_Japan,2,4
M041672_Saint Barthélemy,1,2
M041672_Anguilla,2,1
W007045_Mexico,3,1
W007045_Venezuela,1,3
W007046_Costa Rica,2,0
W007046_Trinidad and Tobago,0,2
W007047_Ethiopia,1,4
W007047_Tanzania,4,1
W007048_Rwanda,0,2
W007048_Kenya,2,0
M041673_Saint Barthélemy,3,4
M041673_British Virgin Islands,4,3
W007049_Japan,1,2
W007049_Brazil,2,1
W007050_United States,1,1
W007050_Australia,1,1
W007051_Trinidad and Tobago,0,1
W007051_Venezuela,1,0
W007052_Costa Rica,1,3
W007052_Mexico,3,1
W007053_United States,4,1
W007053_Brazil,1,4
W007054_Australia,2,0
W007054_Japan,0,2
M041674_Palestine,0,3
M041674_Iraq,3,0
M041675_Belize,1,0
M041675_Barbados,0,1
M041676_Guatemala,3,0
M041676_Cuba,0,3
W007055_Indonesia,6,0
W007055_Maldives,0,6
W007056_South Korea,2,1
W007056_Taiwan,1,2
W007057_Thailand,0,2
W007057_Japan,2,0
W007058_China PR,7,0
W007058_Hong Kong,0,7
W007059_North Korea,16,0
W007059_Tajikistan,0,16
M041677_Andorra,0,0
M041677_United Arab Emirates,0,0
M041678_Grenada,1,5
M041678_Jamaica,5,1
M041679_Guatemala,1,0
M041679_Cuba,0,1
W007060_Vietnam,3,2
W007060_Thailand,2,3
W007061_Indonesia,0,4
W007061_Taiwan,4,0
W007062_Maldives,0,8
W007062_South Korea,8,0
M041680_Barbados,2,2
M041680_Jamaica,2,2
W007063_Hong Kong,0,8
W007063_North Korea,8,0
W007064_Tajikistan,0,16
W007064_China PR,16,0
W007065_Indonesia,0,12
W007065_South Korea,12,0
W007066_Taiwan,7,0
W007066_Maldives,0,7
W007067_Japan,7,0
W007067_Vietnam,0,7
M041681_Sint Maarten,1,1
M041681_Anguilla,1,1
W007068_Hong Kong,6,1
W007068_Tajikistan,1,6
W007069_North Korea,0,2
W007069_China PR,2,0
W007070_American Samoa,0,2
W007070_Solomon Islands,2,0
W007071_South Korea,5,0
W007071_Hong Kong,0,5
W007072_Taiwan,0,0
W007072_Vietnam,0,0
W007073_Fiji,5,1
W007073_Vanuatu,1,5
M041682_Anguilla,1,2
M041682_Saint Martin,2,1
W007074_China PR,5,0
W007074_Thailand,0,5
W007075_Japan,2,1
W007075_North Korea,1,2
W007076_Jamaica,9,0
W007076_Antigua and Barbuda,0,9
W007077_Cuba,2,3
W007077_Trinidad and Tobago,3,2
M041683_Barbados,0,0
M041683_Cuba,0,0
W007078_Jamaica,4,0
W007078_Bermuda,0,4
W007079_Antigua and Barbuda,0,7
W007079_Cuba,7,0
W007080_Costa Rica,11,0
W007080_El Salvador,0,11
W007081_Panama,4,0
W007081_Nicaragua,0,4
W007082_Fiji,0,0
W007082_Solomon Islands,0,0
W007083_Vanuatu,1,0
W007083_American Samoa,0,1
W007084_South Korea,1,2
W007084_Japan,2,1
W007085_Taiwan,0,1
W007085_China PR,1,0
M041684_Macau,1,4
M041684_Solomon Islands,4,1
M041685_Barbados,0,2
M041685_Cuba,2,0
M041686_Bangladesh,0,1
M041686_Sri Lanka,1,0
W007086_Costa Rica,4,1
W007086_Nicaragua,1,4
W007087_El Salvador,2,6
W007087_Panama,6,2
W007088_Trinidad and Tobago,5,0
W007088_Antigua and Barbuda,0,5
W007089_Cuba,2,0
W007089_Bermuda,0,2
W007090_Scotland,2,1
W007090_Switzerland,1,2
W007091_Solomon Islands,0,1
W007091_Vanuatu,1,0
W007092_Fiji,2,0
W007092_American Samoa,0,2
W007093_Russia,3,0
W007093_Kazakhstan,0,3
W007094_Sweden,3,0
W007094_Ukraine,0,3
W007095_Denmark,1,1
W007095_Croatia,1,1
W007096_Moldova,0,7
W007096_Portugal,7,0
W007097_South Korea,4,0
W007097_Taiwan,0,4
W007098_Jamaica,4,1
W007098_Trinidad and Tobago,1,4
W007099_Republic of Ireland,4,0
W007099_Northern Ireland,0,4
W007100_Antigua and Barbuda,0,5
W007100_Bermuda,5,0
W007101_Slovakia,0,4
W007101_Norway,4,0
W007102_El Salvador,2,2
W007102_Nicaragua,2,2
W007103_Romania,0,1
W007103_Belgium,1,0
W007104_Japan,1,0
W007104_China PR,0,1
W007105_Spain,5,1
W007105_Finland,1,5
W007106_Costa Rica,3,1
W007106_Panama,1,3
W007107_Wales,0,3
W007107_England,3,0
W007108_Estonia,0,0
W007108_Lithuania,0,0
W007109_Czech Republic,2,0
W007109_Slovenia,0,2
W007110_Belarus,1,4
W007110_Poland,4,1
M041687_Timor-Leste,3,1
M041687_Brunei,1,3
W007111_Latvia,4,0
W007111_Lithuania,0,4
W007112_France,0,0
W007112_Mexico,0,0
W007113_United States,3,0
W007113_Chile,0,3
W007114_Iceland,0,2
W007114_Germany,2,0
M041688_Ethiopia,1,1
M041688_Burundi,1,1
M041689_Guam,4,0
M041689_Northern Mariana Islands,0,4
M041690_Mongolia,4,1
M041690_Macau,1,4
W007115_Bermuda,0,3
W007115_Trinidad and Tobago,3,0
W007116_Jamaica,6,1
W007116_Cuba,1,6
W007117_Canada,1,0
W007117_Brazil,0,1
W007118_Estonia,0,2
W007118_Latvia,2,0
W007119_Macau,0,5
W007119_Guam,5,0
W007120_Mongolia,3,2
W007120_Northern Mariana Islands,2,3
M041691_Nepal,1,2
M041691_Pakistan,2,1
M041692_Mongolia,9,0
M041692_Northern Mariana Islands,0,9
M041693_Macau,2,0
M041693_Guam,0,2
M041694_Bangladesh,2,0
M041694_Bhutan,0,2
W007121_Spain,3,0
W007121_Serbia,0,3
W007122_Austria,4,1
W007122_Finland,1,4
W007123_Portugal,5,1
W007123_Romania,1,5
W007124_Belgium,2,1
W007124_Italy,1,2
W007125_Faroe Islands,0,8
W007125_Germany,8,0
W007126_Ukraine,2,0
W007126_Hungary,0,2
W007127_Denmark,0,1
W007127_Sweden,1,0
W007128_Northern Ireland,0,1
W007128_Slovakia,1,0
W007129_Norway,2,1
W007129_Netherlands,1,2
W007130_Russia,3,0
W007130_Bosnia and Herzegovina,0,3
W007131_Iceland,1,1
W007131_Czech Republic,1,1
W007132_Albania,1,2
W007132_Scotland,2,1
W007133_Poland,0,0
W007133_Switzerland,0,0
W007134_Kazakhstan,0,6
W007134_England,6,0
M041695_India,2,0
M041695_Sri Lanka,0,2
M041696_Slovakia,3,0
M041696_Denmark,0,3
M041697_Fiji,1,1
M041697_Solomon Islands,1,1
W007135_Mongolia,1,0
W007135_Guam,0,1
W007136_Northern Mariana Islands,0,0
W007136_Macau,0,0
W007137_United States,4,0
W007137_Chile,0,4
M041698_Nepal,4,0
M041698_Bhutan,0,4
M041699_Jordan,0,1
M041699_Lebanon,1,0
M041700_Netherlands,2,1
M041700_Peru,1,2
M041701_Portugal,1,1
M041701_Croatia,1,1
M041702_Trinidad and Tobago,2,0
M041702_United Arab Emirates,0,2
M041703_Uzbekistan,1,1
M041703_Syria,1,1
M041704_Northern Mariana Islands,1,1
M041704_Macau,1,1
M041705_Mongolia,1,1
M041705_Guam,1,1
M041706_Kyrgyzstan,1,1
M041706_Palestine,1,1
M041707_Bangladesh,1,0
M041707_Pakistan,0,1
M041708_Slovenia,1,2
M041708_Bulgaria,2,1
M041709_Guyana,3,0
M041709_Barbados,0,3
M041710_Gibraltar,0,2
M041710_North Macedonia,2,0
M041711_Armenia,2,1
M041711_Liechtenstein,1,2
M041712_Latvia,0,0
M041712_Andorra,0,0
M041713_Kazakhstan,0,2
M041713_Georgia,2,0
M041714_Norway,2,0
M041714_Cyprus,0,2
M041715_Wales,4,1
M041715_Republic of Ireland,1,4
M041716_Czech Republic,1,2
M041716_Ukraine,2,1
M041717_Germany,0,0
M041717_France,0,0
M041718_Bahrain,1,1
M041718_Philippines,1,1
M041719_Dominica,0,0
M041719_Suriname,0,0
M041720_Austria,2,0
M041720_Sweden,0,2
M041721_Antigua and Barbuda,0,3
M041721_Saint Lucia,3,0
M041722_Albania,1,0
M041722_Israel,0,1
M041723_Turkey,1,2
M041723_Russia,2,1
M041724_Venezuela,1,2
M041724_Colombia,2,1
M041725_United States,0,2
M041725_Brazil,2,0
M041726_Singapore,1,1
M041726_Mauritius,1,1
M041727_Scotland,0,4
M041727_Belgium,4,0
M041728_Qatar,1,0
M041728_China PR,0,1
M041729_Mexico,1,4
M041729_Uruguay,4,1
M041730_South Korea,2,0
M041730_Costa Rica,0,2
M041731_Ecuador,2,0
M041731_Jamaica,0,2
M041732_Taiwan,2,0
M041732_Malaysia,0,2
M041733_Argentina,3,0
M041733_Guatemala,0,3
M041734_Azerbaijan,0,0
M041734_Kosovo,0,0
M041735_Faroe Islands,3,1
M041735_Malta,1,3
M041736_Romania,0,0
M041736_Montenegro,0,0
M041737_Lithuania,0,1
M041737_Serbia,1,0
M041738_Belize,4,0
M041738_Bahamas,0,4
M041739_Italy,1,1
M041739_Poland,1,1
M041740_Maldives,0,0
M041740_Sri Lanka,0,0
M041741_Anguilla,0,5
M041741_French Guiana,5,0
W007138_Guam,0,0
W007138_Northern Mariana Islands,0,0
W007139_Mongolia,0,0
W007139_Macau,0,0
M041742_Equatorial Guinea,1,0
M041742_Sudan,0,1
M041743_Seychelles,0,3
M041743_Nigeria,3,0
M041744_Morocco,3,0
M041744_Malawi,0,3
M041745_Montserrat,1,2
M041745_El Salvador,2,1
M041746_Cuba,11,0
M041746_Turks and Caicos Islands,0,11
M041747_Saint Vincent and the Grenadines,0,2
M041747_Nicaragua,2,0
M041748_Bangladesh,0,2
M041748_Nepal,2,0
M041749_Uganda,0,0
M041749_Tanzania,0,0
M041750_Kenya,1,0
M041750_Ghana,0,1
M041751_Namibia,1,1
M041751_Zambia,1,1
M041752_Egypt,6,0
M041752_Niger,0,6
M041753_Mauritania,2,0
M041753_Burkina Faso,0,2
M041754_South Africa,0,0
M041754_Libya,0,0
M041755_Gambia,1,1
M041755_Algeria,1,1
M041756_Pakistan,3,0
M041756_Bhutan,0,3
M041757_Mozambique,2,2
M041757_Guinea-Bissau,2,2
M041758_Comoros,1,1
M041758_Cameroon,1,1
M041759_Brunei,1,0
M041759_Timor-Leste,0,1
M041760_Luxembourg,4,0
M041760_Moldova,0,4
M041761_Belarus,5,0
M041761_San Marino,0,5
M041762_Estonia,0,1
M041762_Greece,1,0
M041763_Finland,1,0
M041763_Hungary,0,1
M041764_Northern Ireland,1,2
M041764_Bosnia and Herzegovina,2,1
M041765_England,1,2
M041765_Spain,2,1
M041766_Switzerland,6,0
M041766_Iceland,0,6
M041767_Gabon,1,1
M041767_Burundi,1,1
M041768_Togo,0,0
M041768_Benin,0,0
M041769_Guinea,1,0
M041769_Central African Republic,0,1
M041770_Angola,1,0
M041770_Botswana,0,1
M041771_Madagascar,2,2
M041771_Senegal,2,2
M041772_Lesotho,1,1
M041772_Cape Verde,1,1
M041773_Liberia,1,1
M041773_DR Congo,1,1
M041774_Saint Kitts and Nevis,1,0
M041774_Puerto Rico,0,1
M041775_Eswatini,0,2
M041775_Tunisia,2,0
M041776_Ukraine,1,0
M041776_Slovakia,0,1
M041777_Jamaica,4,0
M041777_Cayman Islands,0,4
M041778_Aruba,3,1
M041778_Bermuda,1,3
M041779_France,2,1
M041779_Netherlands,1,2
M041780_United States Virgin Islands,0,8
M041780_Canada,8,0
M041781_Bonaire,0,5
M041781_Dominican Republic,5,0
M041782_India,2,0
M041782_Maldives,0,2
M041783_Rwanda,1,2
M041783_Ivory Coast,2,1
M041784_Congo,1,1
M041784_Zimbabwe,1,1
M041785_Liechtenstein,2,0
M041785_Gibraltar,0,2
M041786_Germany,2,1
M041786_Peru,1,2
M041787_South Sudan,0,3
M041787_Mali,3,0
M041788_North Macedonia,2,0
M041788_Armenia,0,2
M041789_Georgia,1,0
M041789_Latvia,0,1
M041790_Denmark,2,0
M041790_Wales,0,2
M041791_Bulgaria,1,0
M041791_Norway,0,1
M041792_Lebanon,0,0
M041792_Oman,0,0
M041793_Cyprus,2,1
M041793_Slovenia,1,2
M041794_Haiti,13,0
M041794_Sint Maarten,0,13
M041795_Saudi Arabia,2,2
M041795_Bolivia,2,2
M041796_Russia,5,1
M041796_Czech Republic,1,5
M041797_Kyrgyzstan,2,1
M041797_Syria,1,2
M041798_Kuwait,2,2
M041798_Iraq,2,2
M041799_Curaçao,10,0
M041799_Grenada,0,10
M041800_Bahrain,0,0
M041800_China PR,0,0
M041801_Malta,1,1
M041801_Azerbaijan,1,1
M041802_Kosovo,2,0
M041802_Faroe Islands,0,2
M041803_Andorra,1,1
M041803_Kazakhstan,1,1
M041804_Serbia,2,2
M041804_Romania,2,2
M041805_Montenegro,2,0
M041805_Lithuania,0,2
M041806_Portugal,1,0
M041806_Italy,0,1
M041807_Sweden,2,3
M041807_Turkey,3,2
M041808_Cambodia,1,3
M041808_Malaysia,3,1
M041809_Scotland,2,0
M041809_Albania,0,2
M041810_Northern Ireland,3,0
M041810_Israel,0,3
M041811_Panama,0,2
M041811_Venezuela,2,0
M041812_Poland,1,1
M041812_Republic of Ireland,1,1
M041813_Uzbekistan,0,1
M041813_Iran,1,0
M041814_Singapore,2,0
M041814_Fiji,0,2
M041815_United States,1,0
M041815_Mexico,0,1
M041816_Liberia,1,2
M041816_Nigeria,2,1
M041817_Saint Martin,0,3
M041817_Guadeloupe,3,0
M041818_Qatar,3,0
M041818_Palestine,0,3
M041819_Laos,0,3
M041819_United Arab Emirates,3,0
M041820_Japan,3,0
M041820_Costa Rica,0,3
M041821_Kenya,1,0
M041821_Malawi,0,1
M041822_Jordan,0,0
M041822_Oman,0,0
M041823_Indonesia,1,0
M041823_Mauritius,0,1
M041824_Gabon,0,1
M041824_Zambia,1,0
M041825_England,1,0
M041825_Switzerland,0,1
M041826_Ecuador,2,0
M041826_Guatemala,0,2
M041827_Colombia,0,0
M041827_Argentina,0,0
M041828_San Marino,0,3
M041828_Luxembourg,3,0
M041829_Hungary,2,1
M041829_Greece,1,2
M041830_Bosnia and Herzegovina,1,0
M041830_Austria,0,1
M041831_Spain,6,0
M041831_Croatia,0,6
M041832_Iceland,0,3
M041832_Belgium,3,0
M041833_South Korea,0,0
M041833_Chile,0,0
M041834_Finland,1,0
M041834_Estonia,0,1
M041835_Moldova,0,0
M041835_Belarus,0,0
M041836_Nepal,0,3
M041836_Maldives,3,0
M041837_India,3,1
M041837_Pakistan,1,3
M041838_Brazil,5,0
M041838_El Salvador,0,5
W007140_Botswana,2,0
W007140_Malawi,0,2
W007141_South Africa,2,1
W007141_Madagascar,1,2
W007142_Eswatini,3,4
W007142_Uganda,4,3
W007143_Cameroon,8,1
W007143_Mozambique,1,8
W007144_Zambia,2,0
W007144_Lesotho,0,2
W007145_Zimbabwe,1,0
W007145_Namibia,0,1
W007146_South Africa,1,0
W007146_Botswana,0,1
W007147_Zimbabwe,3,0
W007147_Eswatini,0,3
W007148_Madagascar,0,2
W007148_Malawi,2,0
M041839_Maldives,2,1
M041839_India,1,2
W007149_Zambia,1,0
W007149_Cameroon,0,1
W007150_Lesotho,1,2
W007150_Mozambique,2,1
W007151_Namibia,0,0
W007151_Uganda,0,0
W007152_Botswana,0,0
W007152_Madagascar,0,0
W007153_Eswatini,1,4
W007153_Namibia,4,1
W007154_South Africa,6,0
W007154_Malawi,0,6
W007155_Zimbabwe,1,2
W007155_Uganda,2,1
W007156_Cameroon,6,0
W007156_Lesotho,0,6
W007157_Zambia,3,0
W007157_Mozambique,0,3
W007158_Zambia,0,1
W007158_Cameroon,1,0
W007159_South Africa,2,0
W007159_Uganda,0,2
W007160_Zambia,0,1
W007160_Uganda,1,0
W007161_South Africa,2,1
W007161_Cameroon,1,2
M041840_Botswana,1,0
M041840_Namibia,0,1
M041841_Saint Vincent and the Grenadines,1,1
M041841_Barbados,1,1
W007162_Sweden,2,1
W007162_Norway,1,2
W007163_China PR,0,0
W007163_Portugal,0,0
W007164_Thailand,1,3
W007164_Finland,3,1
W007165_Trinidad and Tobago,0,3
W007165_Panama,3,0
W007166_United States,6,0
W007166_Mexico,0,6
W007167_Costa Rica,8,0
W007167_Cuba,0,8
W007168_Canada,2,0
W007168_Jamaica,0,2
W007169_Netherlands,2,0
W007169_Denmark,0,2
W007170_Belgium,2,2
W007170_Switzerland,2,2
W007171_France,2,0
W007171_Australia,0,2
W007172_Thailand,1,4
W007172_Portugal,4,1
W007173_China PR,2,1
W007173_Finland,1,2
W007174_England,1,0
W007174_Brazil,0,1
W007175_Germany,3,1
W007175_Austria,1,3
W007176_United States,5,0
W007176_Panama,0,5
W007177_Mexico,4,1
W007177_Trinidad and Tobago,1,4
W007178_Cuba,0,12
W007178_Canada,12,0
W007179_Portugal,0,0
W007179_Finland,0,0
W007180_China PR,2,0
W007180_Thailand,0,2
W007181_Jamaica,1,0
W007181_Costa Rica,0,1
W007182_England,1,1
W007182_Australia,1,1
W007183_Italy,1,0
W007183_Sweden,0,1
W007184_Switzerland,1,1
W007184_Belgium,1,1
W007185_Denmark,1,2
W007185_Netherlands,2,1
W007186_France,6,0
W007186_Cameroon,0,6
M041842_Albania,0,0
M041842_Jordan,0,0
M041843_Indonesia,3,0
M041843_Myanmar,0,3
M041844_Italy,1,1
M041844_Ukraine,1,1
M041845_Ethiopia,0,0
M041845_Kenya,0,0
M041846_Zambia,2,1
M041846_Guinea-Bissau,1,2
W007187_United States,7,0
W007187_Trinidad and Tobago,0,7
W007188_Panama,2,0
W007188_Mexico,0,2
M041847_United States,2,4
M041847_Colombia,4,2
M041848_Turkey,0,0
M041848_Bosnia and Herzegovina,0,0
M041849_Mexico,3,2
M041849_Costa Rica,2,3
M041850_Kuwait,1,0
M041850_Lebanon,0,1
M041851_Hong Kong,0,1
M041851_Thailand,1,0
M041852_Honduras,1,1
M041852_United Arab Emirates,1,1
M041853_France,2,2
M041853_Iceland,2,2
M041854_Argentina,4,0
M041854_Iraq,0,4
M041855_Wales,1,4
M041855_Spain,4,1
M041856_Kosovo,3,1
M041856_Malta,1,3
M041857_Faroe Islands,0,3
M041857_Azerbaijan,3,0
M041858_Lithuania,1,2
M041858_Romania,2,1
M041859_Israel,2,1
M041859_Scotland,1,2
M041860_Russia,0,0
M041860_Sweden,0,0
M041861_Poland,2,3
M041861_Portugal,3,2
M041862_Bahrain,0,1
M041862_Syria,1,0
M041863_Congo,3,1
M041863_Liberia,1,3
M041864_Montenegro,0,2
M041864_Serbia,2,0
M041865_French Guiana,0,1
M041865_Saint Vincent and the Grenadines,1,0
W007189_Costa Rica,1,3
W007189_Canada,3,1
W007190_Cuba,0,9
W007190_Jamaica,9,0
M041866_Gabon,3,0
M041866_South Sudan,0,3
M041867_Togo,1,1
M041867_Gambia,1,1
M041868_Angola,4,1
M041868_Mauritania,1,4
M041869_Egypt,4,1
M041869_Eswatini,1,4
M041870_Cape Verde,3,0
M041870_Tanzania,0,3
M041871_Basque Country,4,2
M041871_Venezuela,2,4
M041872_Belgium,2,1
M041872_Switzerland,1,2
M041873_Bahamas,0,6
M041873_Antigua and Barbuda,6,0
M041874_Dominican Republic,3,0
M041874_Cayman Islands,0,3
M041875_Bermuda,12,0
M041875_Sint Maarten,0,12
M041876_Grenada,0,2
M041876_Cuba,2,0
M041877_Mali,0,0
M041877_Burundi,0,0
M041878_Algeria,2,0
M041878_Benin,0,2
M041879_Guinea,2,0
M041879_Rwanda,0,2
M041880_Cameroon,1,0
M041880_Malawi,0,1
M041881_United States Virgin Islands,0,5
M041881_Curaçao,5,0
M041882_Ivory Coast,4,0
M041882_Central African Republic,0,4
M041883_Greece,1,0
M041883_Hungary,0,1
M041884_Austria,1,0
M041884_Northern Ireland,0,1
M041885_Estonia,0,1
M041885_Finland,1,0
M041886_Sri Lanka,1,4
M041886_Malaysia,4,1
M041887_Belarus,1,0
M041887_Luxembourg,0,1
M041888_Moldova,2,0
M041888_San Marino,0,2
M041889_Cambodia,2,2
M041889_Timor-Leste,2,2
M041890_South Korea,2,1
M041890_Uruguay,1,2
M041891_Japan,3,0
M041891_Panama,0,3
M041892_Qatar,4,3
M041892_Ecuador,3,4
M041893_Saudi Arabia,0,2
M041893_Brazil,2,0
M041894_Singapore,2,0
M041894_Mongolia,0,2
M041895_Croatia,0,0
M041895_England,0,0
M041896_Peru,3,0
M041896_Chile,0,3
M041897_El Salvador,3,0
M041897_Barbados,0,3
M041898_Turks and Caicos Islands,0,8
M041898_Guyana,8,0
M041899_Puerto Rico,0,1
M041899_Martinique,1,0
M041900_Suriname,5,0
M041900_British Virgin Islands,0,5
M041901_Senegal,3,0
M041901_Sudan,0,3
M041902_Uganda,3,0
M041902_Lesotho,0,3
M041903_South Africa,6,0
M041903_Seychelles,0,6
M041904_DR Congo,1,2
M041904_Zimbabwe,2,1
M041905_Burkina Faso,3,0
M041905_Botswana,0,3
M041906_Nigeria,4,0
M041906_Libya,0,4
M041907_Tunisia,1,0
M041907_Niger,0,1
M041908_Mozambique,1,2
M041908_Namibia,2,1
M041909_Morocco,1,0
M041909_Comoros,0,1
M041910_Equatorial Guinea,0,1
M041910_Madagascar,1,0
M041911_North Macedonia,4,1
M041911_Liechtenstein,1,4
M041912_Oman,1,1
M041912_Philippines,1,1
M041913_Uzbekistan,2,0
M041913_North Korea,0,2
M041914_Netherlands,3,0
M041914_Germany,0,3
M041915_Republic of Ireland,0,0
M041915_Denmark,0,0
M041916_Norway,1,0
M041916_Slovenia,0,1
M041917_Bulgaria,2,1
M041917_Cyprus,1,2
M041918_Slovakia,1,2
M041918_Czech Republic,2,1
M041919_Georgia,3,0
M041919_Andorra,0,3
M041920_Armenia,0,1
M041920_Gibraltar,1,0
M041921_China PR,0,0
M041921_India,0,0
M041922_Myanmar,0,3
M041922_Bolivia,3,0
M041923_Latvia,1,1
M041923_Kazakhstan,1,1
M041924_Thailand,1,0
M041924_Trinidad and Tobago,0,1
M041925_Kenya,3,0
M041925_Ethiopia,0,3
M041926_Nicaragua,6,0
M041926_Anguilla,0,6
M041927_Montserrat,1,0
M041927_Belize,0,1
M041928_Bonaire,0,6
M041928_Jamaica,6,0
M041929_Saint Martin,0,10
M041929_Saint Kitts and Nevis,10,0
M041930_Guinea-Bissau,2,1
M041930_Zambia,1,2
M041931_Scotland,1,3
M041931_Portugal,3,1
M041932_Israel,2,0
M041932_Albania,0,2
M041933_Faroe Islands,1,1
M041933_Kosovo,1,1
M041934_Lithuania,1,4
M041934_Montenegro,4,1
M041935_Romania,0,0
M041935_Serbia,0,0
M041936_Russia,2,0
M041936_Turkey,0,2
M041937_Poland,0,1
M041937_Italy,1,0
M041938_Azerbaijan,1,1
M041938_Malta,1,1
W007191_Panama,0,7
W007191_Canada,7,0
W007192_United States,6,0
W007192_Jamaica,0,6
M041939_Belarus,0,0
M041939_Moldova,0,0
M041940_Kuwait,0,4
M041940_Australia,4,0
M041941_Saudi Arabia,1,1
M041941_Iraq,1,1
M041942_Croatia,2,1
M041942_Jordan,1,2
M041943_Luxembourg,3,0
M041943_San Marino,0,3
M041944_Spain,2,3
M041944_England,3,2
M041945_Estonia,3,3
M041945_Hungary,3,3
M041946_Bosnia and Herzegovina,2,0
M041946_Northern Ireland,0,2
M041947_Iceland,1,2
M041947_Switzerland,2,1
M041948_Finland,2,0
M041948_Greece,0,2
M041949_Laos,1,4
M041949_Mongolia,4,1
M041950_South Korea,2,2
M041950_Panama,2,2
M041951_Japan,4,3
M041951_Uruguay,3,4
M041952_Iran,2,1
M041952_Bolivia,1,2
M041953_Indonesia,1,1
M041953_Hong Kong,1,1
M041954_Denmark,2,0
M041954_Austria,0,2
M041955_Colombia,3,1
M041955_Costa Rica,1,3
M041956_China PR,2,0
M041956_Syria,0,2
M041957_Cambodia,1,2
M041957_Singapore,2,1
M041958_Belgium,1,1
M041958_Netherlands,1,1
M041959_Gibraltar,2,1
M041959_Liechtenstein,1,2
M041960_Armenia,4,0
M041960_North Macedonia,0,4
M041961_Latvia,0,3
M041961_Georgia,3,0
M041962_Kazakhstan,4,0
M041962_Andorra,0,4
M041963_Slovenia,1,1
M041963_Cyprus,1,1
M041964_Norway,1,0
M041964_Bulgaria,0,1
M041965_Republic of Ireland,0,1
M041965_Wales,1,0
M041966_Ukraine,1,0
M041966_Czech Republic,0,1
M041967_France,2,1
M041967_Germany,1,2
M041968_Malaysia,0,1
M041968_Kyrgyzstan,1,0
M041969_Bahrain,4,1
M041969_Myanmar,1,4
M041970_Mexico,0,1
M041970_Chile,1,0
M041971_Botswana,0,0
M041971_Burkina Faso,0,0
M041972_Sweden,1,1
M041972_Slovakia,1,1
M041973_Namibia,1,0
M041973_Mozambique,0,1
M041974_Niger,1,2
M041974_Tunisia,2,1
M041975_Oman,0,0
M041975_Ecuador,0,0
M041976_Zimbabwe,1,1
M041976_DR Congo,1,1
M041977_Rwanda,1,1
M041977_Guinea,1,1
M041978_Libya,2,3
M041978_Nigeria,3,2
M041979_Gambia,0,1
M041979_Togo,1,0
M041980_South Sudan,0,1
M041980_Gabon,1,0
M041981_Comoros,2,2
M041981_Morocco,2,2
M041982_Sudan,0,1
M041982_Senegal,1,0
M041983_Saint Lucia,1,2
M041983_Haiti,2,1
M041984_Guadeloupe,0,0
M041984_Aruba,0,0
M041985_Canada,5,0
M041985_Dominica,0,5
M041986_Lesotho,0,2
M041986_Uganda,2,0
M041987_Martinique,4,0
M041987_British Virgin Islands,0,4
M041988_Tanzania,2,0
M041988_Cape Verde,0,2
M041989_Eswatini,0,2
M041989_Egypt,2,0
M041990_Mauritania,1,0
M041990_Angola,0,1
M041991_Central African Republic,0,0
M041991_Ivory Coast,0,0
M041992_Liberia,2,1
M041992_Congo,1,2
M041993_Seychelles,0,0
M041993_South Africa,0,0
M041994_Benin,1,0
M041994_Algeria,0,1
M041995_Burundi,1,1
M041995_Mali,1,1
M041996_Malawi,0,0
M041996_Cameroon,0,0
M041997_Madagascar,1,0
M041997_Equatorial Guinea,0,1
M041998_Uzbekistan,2,0
M041998_Qatar,0,2
M041999_United States,1,1
M041999_Peru,1,1
M042000_United Arab Emirates,0,2
M042000_Venezuela,2,0
M042001_Argentina,0,1
M042001_Brazil,1,0
W007193_United States,2,0
W007193_Canada,0,2
W007194_Panama,2,2
W007194_Jamaica,2,2
M042002_Parishes of Jersey,2,1
M042002_Yorkshire,1,2
M042003_Malaysia,3,0
M042003_Maldives,0,3
W007195_Singapore,0,9
W007195_Philippines,9,0
W007196_Tajikistan,4,1
W007196_Mongolia,1,4
W007197_Mongolia,2,2
W007197_Singapore,2,2
W007198_Tajikistan,0,9
W007198_Taiwan,9,0
M042004_Cambodia,0,1
M042004_Malaysia,1,0
M042005_Laos,0,3
M042005_Vietnam,3,0
W007199_Palestine,1,1
W007199_Indonesia,1,1
W007200_Jordan,6,0
W007200_Maldives,0,6
W007201_Myanmar,5,0
W007201_Bangladesh,0,5
W007202_India,1,1
W007202_Nepal,1,1
W007203_Iran,8,0
W007203_Lebanon,0,8
W007204_Tajikistan,1,3
W007204_Philippines,3,1
W007205_Spain,3,1
W007205_Poland,1,3
W007206_Austria,0,3
W007206_England,3,0
W007207_Argentina,4,0
W007207_Panama,0,4
W007208_Portugal,0,1
W007208_United States,1,0
W007209_Taiwan,9,0
W007209_Mongolia,0,9
M042006_Thailand,7,0
M042006_Timor-Leste,0,7
M042007_Singapore,1,0
M042007_Indonesia,0,1
W007210_Netherlands,3,0
W007210_Switzerland,0,3
W007211_Australia,2,3
W007211_Chile,3,2
W007212_Germany,5,2
W007212_Italy,2,5
W007213_France,3,1
W007213_Brazil,1,3
M042008_North Korea,4,1
M042008_Mongolia,1,4
M042009_Taiwan,1,2
M042009_Hong Kong,2,1
W007214_Philippines,5,1
W007214_Mongolia,1,5
W007215_England,0,2
W007215_Sweden,2,0
W007216_Singapore,0,10
W007216_Taiwan,10,0
W007217_Lebanon,0,4
W007217_Hong Kong,4,0
W007218_Bangladesh,1,7
W007218_India,7,1
W007219_Myanmar,1,1
W007219_Nepal,1,1
W007220_Maldives,1,3
W007220_Indonesia,3,1
W007221_Palestine,0,7
W007221_Jordan,7,0
W007222_Japan,4,1
W007222_Norway,1,4
M042010_Myanmar,4,1
M042010_Cambodia,1,4
M042011_Malaysia,3,1
M042011_Laos,1,3
M042012_Indonesia,3,1
M042012_Timor-Leste,1,3
M042013_Philippines,1,0
M042013_Singapore,0,1
M042014_Taiwan,2,1
M042014_Mongolia,1,2
M042015_Hong Kong,0,0
M042015_North Korea,0,0
W007223_Taiwan,5,0
W007223_Philippines,0,5
W007224_Tajikistan,6,0
W007224_Singapore,0,6
W007225_Iran,1,1
W007225_Hong Kong,1,1
W007226_Nepal,1,1
W007226_Bangladesh,1,1
W007227_Myanmar,2,1
W007227_India,1,2
W007228_Panama,1,1
W007228_Argentina,1,1
W007229_Switzerland,1,1
W007229_Netherlands,1,1
W007230_Jordan,3,0
W007230_Indonesia,0,3
W007231_Germany,0,0
W007231_Spain,0,0
W007232_Australia,5,0
W007232_Chile,0,5
W007233_Palestine,2,1
W007233_Maldives,1,2
M042016_Switzerland,0,1
M042016_Qatar,1,0
M042017_Vanuatu,0,1
M042017_New Caledonia,1,0
W007234_Scotland,0,1
W007234_United States,1,0
M042018_Uzbekistan,0,0
M042018_Lebanon,0,0
M042019_Poland,0,1
M042019_Czech Republic,1,0
M042020_Peru,0,2
M042020_Ecuador,2,0
M042021_Israel,7,0
M042021_Guatemala,0,7
M042022_Iran,1,0
M042022_Trinidad and Tobago,0,1
M042023_Germany,3,0
M042023_Russia,0,3
M042024_England,3,0
M042024_United States,0,3
M042025_San Marino,0,1
M042025_Moldova,1,0
M042026_Greece,1,0
M042026_Finland,0,1
M042027_Kazakhstan,1,1
M042027_Latvia,1,1
M042028_Andorra,1,1
M042028_Georgia,1,1
M042029_Republic of Ireland,0,0
M042029_Northern Ireland,0,0
M042030_Hungary,2,0
M042030_Estonia,0,2
M042031_Austria,0,0
M042031_Bosnia and Herzegovina,0,0
M042032_Croatia,3,2
M042032_Spain,2,3
M042033_Belgium,2,0
M042033_Iceland,0,2
M042034_Luxembourg,0,2
M042034_Belarus,2,0
M042035_Vietnam,2,0
M042035_Malaysia,0,2
M042036_Morocco,2,0
M042036_Cameroon,0,2
M042037_Slovakia,4,1
M042037_Ukraine,1,4
M042038_South Sudan,2,5
M042038_Burundi,5,2
M042039_Egypt,3,2
M042039_Tunisia,2,3
M042040_Taiwan,0,2
M042040_North Korea,2,0
M042041_Mongolia,1,5
M042041_Hong Kong,5,1
M042042_Grenada,5,2
M042042_Saint Martin,2,5
M042043_Bermuda,1,0
M042043_El Salvador,0,1
M042044_Aruba,0,2
M042044_Montserrat,2,0
M042045_Belize,1,0
M042045_Puerto Rico,0,1
M042046_Laos,1,3
M042046_Myanmar,3,1
M042047_United Arab Emirates,0,0
M042047_Bolivia,0,0
M042048_Netherlands,2,0
M042048_France,0,2
M042049_Saudi Arabia,1,0
M042049_Yemen,0,1
M042050_Oman,1,1
M042050_Syria,1,1
M042051_Japan,1,1
M042051_Venezuela,1,1
M042052_Honduras,1,0
M042052_Panama,0,1
M042053_Chile,2,3
M042053_Costa Rica,3,2
M042054_Brazil,1,0
M042054_Uruguay,0,1
M042055_Argentina,2,0
M042055_Mexico,0,2
M042056_Liechtenstein,0,2
M042056_North Macedonia,2,0
M042057_Gibraltar,2,6
M042057_Armenia,6,2
M042058_Cyprus,1,1
M042058_Bulgaria,1,1
M042059_Slovenia,1,1
M042059_Norway,1,1
M042060_Palestine,2,1
M042060_Pakistan,1,2
M042061_Wales,1,2
M042061_Denmark,2,1
M042062_Comoros,2,1
M042062_Malawi,1,2
M042063_Turkey,0,1
M042063_Sweden,1,0
M042064_South Africa,1,1
M042064_Nigeria,1,1
M042065_Gabon,0,1
M042065_Mali,1,0
M042066_Nicaragua,0,2
M042066_Haiti,2,0
M042067_Cayman Islands,0,0
M042067_Saint Lucia,0,0
M042068_Jamaica,2,1
M042068_Suriname,1,2
M042069_Cuba,1,0
M042069_Dominican Republic,0,1
M042070_Uganda,1,0
M042070_Cape Verde,0,1
M042071_Namibia,0,0
M042071_Guinea-Bissau,0,0
M042072_Seychelles,1,8
M042072_Libya,8,1
M042073_Italy,0,0
M042073_Portugal,0,0
M042074_Equatorial Guinea,0,1
M042074_Senegal,1,0
M042075_Gambia,3,1
M042075_Benin,1,3
M042076_Serbia,2,1
M042076_Montenegro,1,2
M042077_Romania,3,0
M042077_Lithuania,0,3
M042078_Albania,0,4
M042078_Scotland,4,0
M042079_Azerbaijan,2,0
M042079_Faroe Islands,0,2
M042080_Malta,0,5
M042080_Kosovo,5,0
M042081_Jordan,2,1
M042081_India,1,2
M042082_Vanuatu,2,2
M042082_New Caledonia,2,2
M042083_Thailand,4,2
M042083_Indonesia,2,4
M042084_Timor-Leste,2,3
M042084_Philippines,3,2
M042085_Australia,1,1
M042085_South Korea,1,1
W007235_Mali,1,2
W007235_Cameroon,2,1
W007236_Ghana,1,0
W007236_Algeria,0,1
M042086_Rwanda,2,2
M042086_Central African Republic,2,2
M042087_Madagascar,1,3
M042087_Sudan,3,1
M042088_Togo,1,4
M042088_Algeria,4,1
M042089_Liberia,1,0
M042089_Zimbabwe,0,1
M042090_Mauritania,2,1
M042090_Botswana,1,2
M042091_Lesotho,1,0
M042091_Tanzania,0,1
M042092_Saint Kitts and Nevis,0,1
M042092_Canada,1,0
M042093_Eswatini,1,2
M042093_Niger,2,1
M042094_Barbados,3,0
M042094_United States Virgin Islands,0,3
M042095_Mozambique,1,0
M042095_Zambia,0,1
M042096_Turks and Caicos Islands,3,2
M042096_Saint Vincent and the Grenadines,2,3
M042097_San Marino,0,2
M042097_Belarus,2,0
M042098_Hungary,2,0
M042098_Finland,0,2
M042099_Greece,0,1
M042099_Estonia,1,0
M042100_Northern Ireland,1,2
M042100_Austria,2,1
M042101_Bahamas,1,1
M042101_Anguilla,1,1
M042102_Moldova,1,1
M042102_Luxembourg,1,1
M042103_England,2,1
M042103_Croatia,1,2
M042104_Spain,1,0
M042104_Bosnia and Herzegovina,0,1
M042105_Ethiopia,0,2
M042105_Ghana,2,0
M042106_Congo,1,1
M042106_DR Congo,1,1
M042107_Guinea,1,1
M042107_Ivory Coast,1,1
M042108_Angola,2,1
M042108_Burkina Faso,1,2
M042109_Yorkshire,5,4
M042109_Panjab,4,5
M042110_Switzerland,5,2
M042110_Belgium,2,5
W007237_New Caledonia,4,2
W007237_Tahiti,2,4
W007238_Nigeria,0,1
W007238_South Africa,1,0
W007239_Zambia,5,0
W007239_Equatorial Guinea,0,5
W007240_Samoa,0,5
W007240_Papua New Guinea,5,0
M042111_Martinique,4,2
M042111_Antigua and Barbuda,2,4
M042112_Oman,2,1
M042112_Bahrain,1,2
M042113_Curaçao,6,0
M042113_Guadeloupe,0,6
M042114_Liechtenstein,2,2
M042114_Armenia,2,2
M042115_Iceland,2,2
M042115_Qatar,2,2
M042116_Czech Republic,1,0
M042116_Slovakia,0,1
M042117_Denmark,0,0
M042117_Republic of Ireland,0,0
M042118_Bulgaria,1,1
M042118_Slovenia,1,1
M042119_Germany,2,2
M042119_Netherlands,2,2
M042120_Andorra,0,0
M042120_Latvia,0,0
M042121_Georgia,2,1
M042121_Kazakhstan,1,2
M042122_North Macedonia,4,0
M042122_Gibraltar,0,4
M042123_Cyprus,0,2
M042123_Norway,2,0
W007241_Cook Islands,0,3
W007241_Fiji,3,0
W007242_New Zealand,11,0
W007242_Tonga,0,11
M042124_Sint Maarten,0,2
M042124_Dominica,2,0
M042125_Cambodia,3,1
M042125_Laos,1,3
M042126_Myanmar,0,0
M042126_Vietnam,0,0
M042127_United Arab Emirates,2,0
M042127_Yemen,0,2
M042128_Turkey,0,0
M042128_Ukraine,0,0
M042129_Tunisia,0,1
M042129_Morocco,1,0
M042130_Nigeria,0,0
M042130_Uganda,0,0
M042131_Peru,2,3
M042131_Costa Rica,3,2
M042132_Panama,1,2
M042132_Ecuador,2,1
M042133_Kuwait,1,2
M042133_Syria,2,1
M042134_French Guiana,2,1
M042134_Guyana,1,2
M042135_Jordan,1,1
M042135_Saudi Arabia,1,1
M042136_Portugal,1,1
M042136_Poland,1,1
M042137_Sweden,2,0
M042137_Russia,0,2
M042138_Scotland,3,2
M042138_Israel,2,3
M042139_Montenegro,0,1
M042139_Romania,1,0
M042140_Serbia,4,1
M042140_Lithuania,1,4
M042141_Kosovo,4,0
M042141_Azerbaijan,0,4
M042142_Malta,1,1
M042142_Faroe Islands,1,1
M042143_Albania,1,0
M042143_Wales,0,1
M042144_South Korea,4,0
M042144_Uzbekistan,0,4
M042145_Argentina,2,0
M042145_Mexico,0,2
M042146_South Africa,1,1
M042146_Paraguay,1,1
M042147_Iran,1,1
M042147_Venezuela,1,1
M042148_Australia,3,0
M042148_Lebanon,0,3
M042149_Brazil,1,0
M042149_Cameroon,0,1
M042150_Japan,4,0
M042150_Kyrgyzstan,0,4
M042151_Italy,1,0
M042151_United States,0,1
M042152_Iraq,0,0
M042152_Bolivia,0,0
M042153_France,1,0
M042153_Uruguay,0,1
M042154_El Salvador,1,0
M042154_Haiti,0,1
M042155_China PR,1,1
M042155_Palestine,1,1
M042156_Chile,4,1
M042156_Honduras,1,4
W007243_Ghana,1,2
W007243_Mali,2,1
W007244_Cameroon,3,0
W007244_Algeria,0,3
M042157_Philippines,1,1
M042157_Thailand,1,1
M042158_Singapore,6,1
M042158_Timor-Leste,1,6
W007245_New Caledonia,2,6
W007245_Papua New Guinea,6,2
W007246_Tahiti,5,5
W007246_Samoa,5,5
W007247_Equatorial Guinea,1,7
W007247_South Africa,7,1
W007248_Nigeria,4,0
W007248_Zambia,0,4
W007249_Tonga,0,12
W007249_Fiji,12,0
W007250_New Zealand,6,0
W007250_Cook Islands,0,6
W007251_Tajikistan,1,0
W007251_Kyrgyzstan,0,1
W007252_Uzbekistan,20,0
W007252_Afghanistan,0,20
W007253_Algeria,2,3
W007253_Mali,3,2
W007254_Ghana,1,1
W007254_Cameroon,1,1
M042159_Vietnam,3,0
M042159_Cambodia,0,3
M042160_Malaysia,3,0
M042160_Myanmar,0,3
W007255_Equatorial Guinea,0,6
W007255_Nigeria,6,0
W007256_South Africa,1,1
W007256_Zambia,1,1
W007257_Papua New Guinea,3,1
W007257_Tahiti,1,3
W007258_New Caledonia,2,0
W007258_Samoa,0,2
M042161_Indonesia,0,0
M042161_Philippines,0,0
M042162_Thailand,3,0
M042162_Singapore,0,3
W007259_Fiji,0,10
W007259_New Zealand,10,0
W007260_Uzbekistan,11,0
W007260_Tajikistan,0,11
W007261_Tonga,1,0
W007261_Cook Islands,0,1
W007262_Afghanistan,0,6
W007262_Iran,6,0
W007263_Cameroon,0,0
W007263_Nigeria,0,0
W007264_South Africa,2,0
W007264_Mali,0,2
W007265_Uzbekistan,2,1
W007265_Iran,1,2
W007266_Kyrgyzstan,1,0
W007266_Afghanistan,0,1
W007267_New Caledonia,0,8
W007267_New Zealand,8,0
W007268_Papua New Guinea,1,5
W007268_Fiji,5,1
W007269_Tajikistan,1,4
W007269_Iran,4,1
W007270_Uzbekistan,10,0
W007270_Kyrgyzstan,0,10
W007271_Cameroon,4,2
W007271_Mali,2,4
M042163_Malaysia,0,0
M042163_Thailand,0,0
W007272_Fiji,0,8
W007272_New Zealand,8,0
W007273_New Caledonia,1,7
W007273_Papua New Guinea,7,1
W007274_Taiwan,2,0
W007274_Hong Kong,0,2
W007275_China PR,10,0
W007275_Mongolia,0,10
W007276_Afghanistan,0,5
W007276_Tajikistan,5,0
W007277_Iran,5,0
W007277_Kyrgyzstan,0,5
W007278_Nigeria,0,0
W007278_South Africa,0,0
M042164_Philippines,1,2
M042164_Vietnam,2,1
W007279_Taiwan,6,0
W007279_Mongolia,0,6
W007280_Hong Kong,0,6
W007280_China PR,6,0
M042165_Thailand,2,2
M042165_Malaysia,2,2
W007281_China PR,2,0
W007281_Taiwan,0,2
W007282_Mongolia,0,3
W007282_Hong Kong,3,0
M042166_Vietnam,2,1
M042166_Philippines,1,2
M042167_Malaysia,2,2
M042167_Vietnam,2,2
M042168_Oman,2,1
M042168_Tajikistan,1,2
M042169_Vietnam,1,0
M042169_Malaysia,0,1
M042170_Oman,1,0
M042170_Tajikistan,0,1
M042171_Palestine,2,0
M042171_Pakistan,0,2
M042172_Jordan,0,1
M042172_Kyrgyzstan,1,0
M042173_Bahrain,5,0
M042173_Tajikistan,0,5
M042174_Qatar,2,0
M042174_Jordan,0,2
M042175_Palestine,1,1
M042175_Iran,1,1
M042176_Iraq,2,1
M042176_China PR,1,2
M042177_Qatar,1,0
M042177_Kyrgyzstan,0,1
M042178_Afghanistan,0,2
M042178_Turkmenistan,2,0
M042179_Vietnam,1,1
M042179_North Korea,1,1
M042180_Bahrain,1,0
M042180_Lebanon,0,1
M042181_India,0,0
M042181_Oman,0,0
M042182_Qatar,0,1
M042182_Algeria,1,0
M042183_China PR,1,1
M042183_Jordan,1,1
M042184_Iraq,1,0
M042184_Palestine,0,1
M042185_United Arab Emirates,0,2
M042185_Kuwait,2,0
M042186_Bahrain,4,0
M042186_North Korea,0,4
M042187_Yemen,0,1
M042187_Syria,1,0
M042188_Australia,5,0
M042188_Oman,0,5
M042189_Qatar,1,2
M042189_Iran,2,1
M042190_South Korea,0,0
M042190_Saudi Arabia,0,0
M042191_Philippines,2,4
M042191_Vietnam,4,2
M042192_Kyrgyzstan,2,1
M042192_Palestine,1,2
M042193_Oman,2,0
M042193_Thailand,0,2
M042194_United Arab Emirates,1,1
M042194_Bahrain,1,1
M042195_Syria,0,0
M042195_Palestine,0,0
M042196_Australia,0,1
M042196_Jordan,1,0
M042197_Thailand,1,4
M042197_India,4,1
M042198_China PR,2,1
M042198_Kyrgyzstan,1,2
M042199_South Korea,1,0
M042199_Philippines,0,1
M042200_Iran,5,0
M042200_Yemen,0,5
W007283_Bahrain,3,2
W007283_Lebanon,2,3
W007284_Jordan,4,1
W007284_United Arab Emirates,1,4
M042201_Finland,1,0
M042201_Sweden,0,1
M042202_Iraq,3,2
M042202_Vietnam,2,3
M042203_Saudi Arabia,4,0
M042203_North Korea,0,4
M042204_Qatar,2,0
M042204_Lebanon,0,2
M042205_Japan,3,2
M042205_Turkmenistan,2,3
M042206_Uzbekistan,2,1
M042206_Oman,1,2
W007285_Bahrain,5,0
W007285_Palestine,0,5
W007286_Lebanon,2,0
W007286_United Arab Emirates,0,2
M042207_Bahrain,0,1
M042207_Thailand,1,0
M042208_Jordan,2,0
M042208_Syria,0,2
M042209_United Arab Emirates,2,0
M042209_India,0,2
M042210_Estonia,2,1
M042210_Finland,1,2
M042211_Iceland,2,2
M042211_Sweden,2,2
M042212_Palestine,0,3
M042212_Australia,3,0
M042213_Philippines,0,3
M042213_China PR,3,0
M042214_Kyrgyzstan,0,1
M042214_South Korea,1,0
W007287_Jordan,3,1
W007287_Lebanon,1,3
W007288_United Arab Emirates,0,0
W007288_Palestine,0,0
M042215_Vietnam,0,2
M042215_Iran,2,0
M042216_Yemen,0,3
M042216_Iraq,3,0
M042217_Lebanon,0,2
M042217_Saudi Arabia,2,0
M042218_Oman,0,1
M042218_Japan,1,0
M042219_Turkmenistan,0,4
M042219_Uzbekistan,4,0
M042220_North Korea,0,6
M042220_Qatar,6,0
W007289_Palestine,0,3
W007289_Jordan,3,0
W007290_Bahrain,1,1
W007290_United Arab Emirates,1,1
M042221_India,0,1
M042221_Bahrain,1,0
M042222_United Arab Emirates,1,1
M042222_Thailand,1,1
M042223_Australia,3,2
M042223_Syria,2,3
M042224_Palestine,0,0
M042224_Jordan,0,0
M042225_Estonia,0,0
M042225_Iceland,0,0
W007291_Bahrain,0,1
W007291_Jordan,1,0
W007292_Palestine,0,3
W007292_Lebanon,3,0
M042226_South Korea,2,0
M042226_China PR,0,2
M042227_Kyrgyzstan,3,1
M042227_Philippines,1,3
M042228_Iran,0,0
M042228_Iraq,0,0
M042229_Vietnam,2,0
M042229_Yemen,0,2
M042230_Lebanon,4,1
M042230_North Korea,1,4
M042231_Saudi Arabia,0,2
M042231_Qatar,2,0
M042232_Japan,2,1
M042232_Uzbekistan,1,2
M042233_Oman,3,1
M042233_Turkmenistan,1,3
W007293_South Korea,3,0
W007293_Romania,0,3
W007294_China PR,3,0
W007294_Nigeria,0,3
W007295_Scotland,1,3
W007295_Norway,3,1
W007296_Spain,1,1
W007296_Belgium,1,1
W007297_Italy,2,1
W007297_Chile,1,2
W007298_South Africa,1,2
W007298_Netherlands,2,1
M042234_Iran,2,0
M042234_Oman,0,2
M042235_Jordan,1,1
M042235_Vietnam,1,1
M042236_Thailand,1,2
M042236_China PR,2,1
W007299_France,3,1
W007299_United States,1,3
W007300_Romania,1,4
W007300_Nigeria,4,1
W007301_China PR,1,0
W007301_South Korea,0,1
M042237_United Arab Emirates,3,2
M042237_Kyrgyzstan,2,3
M042238_Australia,0,0
M042238_Uzbekistan,0,0
M042239_Japan,1,0
M042239_Saudi Arabia,0,1
W007302_Catalonia,0,0
W007302_Chile,0,0
W007303_Scotland,1,2
W007303_Iceland,2,1
W007304_Denmark,1,0
W007304_Finland,0,1
M042240_Qatar,1,0
M042240_Iraq,0,1
M042241_South Korea,2,1
M042241_Bahrain,1,2
W007305_Italy,2,0
W007305_Wales,0,2
W007306_Canada,1,0
W007306_Norway,0,1
W007307_South Africa,0,0
W007307_Sweden,0,0
W007308_Spain,0,1
W007308_United States,1,0
M042242_Vietnam,0,1
M042242_Japan,1,0
M042243_China PR,0,3
M042243_Iran,3,0
M042244_United Arab Emirates,1,0
M042244_Australia,0,1
M042245_South Korea,0,1
M042245_Qatar,1,0
M042246_United States,3,0
M042246_Panama,0,3
M042247_Iran,0,3
M042247_Japan,3,0
M042248_United Arab Emirates,0,4
M042248_Qatar,4,0
M042249_Japan,1,3
M042249_Qatar,3,1
M042250_United States,2,0
M042250_Costa Rica,0,2
W007309_India,1,0
W007309_Iran,0,1
W007310_Myanmar,3,0
W007310_Nepal,0,3
W007311_India,1,2
W007311_Nepal,2,1
W007312_Myanmar,2,0
W007312_Iran,0,2
W007313_Iran,0,3
W007313_Nepal,3,0
W007314_India,0,2
W007314_Myanmar,2,0
W007315_Myanmar,3,1
W007315_Nepal,1,3
M042251_Kazakhstan,1,0
M042251_Moldova,0,1
M042252_Sint Maarten,1,1
M042252_Saint Barthélemy,1,1
W007316_Croatia,0,4
W007316_Ukraine,4,0
W007317_Serbia,4,0
W007317_Montenegro,0,4
M042253_Cuba,5,0
M042253_Bermuda,0,5
W007318_Mexico,0,5
W007318_Italy,5,0
W007319_United States,2,2
W007319_Japan,2,2
W007320_South Africa,2,2
W007320_Finland,2,2
W007321_Thailand,4,0
W007321_Hungary,0,4
W007322_Belgium,3,0
W007322_Slovakia,0,3
W007323_Nigeria,1,4
W007323_Austria,4,1
W007324_India,0,1
W007324_Uzbekistan,1,0
W007325_Romania,13,0
W007325_Turkmenistan,0,13
W007326_England,2,1
W007326_Brazil,1,2
W007327_North Korea,4,2
W007327_Czech Republic,2,4
W007328_Sweden,4,1
W007328_Switzerland,1,4
W007329_Spain,2,0
W007329_Netherlands,0,2
W007330_Cyprus,2,1
W007330_Lithuania,1,2
W007331_Canada,0,0
W007331_Iceland,0,0
W007332_Jordan,0,6
W007332_Northern Ireland,6,0
W007333_Norway,2,1
W007333_Denmark,1,2
W007334_Estonia,0,0
W007334_Malta,0,0
W007335_Croatia,0,0
W007335_Slovenia,0,0
W007336_Bosnia and Herzegovina,3,1
W007336_Montenegro,1,3
W007337_Lithuania,0,1
W007337_Estonia,1,0
W007338_Cyprus,0,1
W007338_Malta,1,0
W007339_France,0,1
W007339_Germany,1,0
W007340_Argentina,0,5
W007340_South Korea,5,0
W007341_Australia,2,0
W007341_New Zealand,0,2
W007342_Austria,0,0
W007342_Belgium,0,0
W007343_South Africa,1,4
W007343_North Korea,4,1
W007344_Hungary,0,3
W007344_Italy,3,0
W007345_Slovakia,3,4
W007345_Nigeria,4,3
W007346_Turkmenistan,0,10
W007346_India,10,0
W007347_Uzbekistan,0,1
W007347_Romania,1,0
W007348_Kazakhstan,1,1
W007348_Jordan,1,1
W007349_Jamaica,1,0
W007349_Chile,0,1
W007350_Finland,1,2
W007350_Czech Republic,2,1
W007351_Portugal,2,1
W007351_Sweden,1,2
W007352_Thailand,1,2
W007352_Mexico,2,1
W007353_Poland,3,0
W007353_Spain,0,3
W007354_Scotland,0,1
W007354_Canada,1,0
W007355_China PR,1,3
W007355_Norway,3,1
W007356_Cyprus,1,0
W007356_Estonia,0,1
W007357_Malta,2,2
W007357_Lithuania,2,2
W007358_Bosnia and Herzegovina,0,2
W007358_Serbia,2,0
W007359_Ukraine,1,3
W007359_Slovenia,3,1
W007360_Brazil,1,3
W007360_Japan,3,1
W007361_United States,2,2
W007361_England,2,2
M042254_Bolivia,2,2
M042254_Nicaragua,2,2
W007362_Uzbekistan,11,1
W007362_Turkmenistan,1,11
W007363_Romania,3,0
W007363_India,0,3
W007364_Northern Ireland,4,0
W007364_Kazakhstan,0,4
W007365_Argentina,0,2
W007365_New Zealand,2,0
W007366_Australia,4,1
W007366_South Korea,1,4
M042255_Barbados,3,0
M042255_Grenada,0,3
W007367_Slovakia,0,1
W007367_Austria,1,0
W007368_Mexico,3,3
W007368_Hungary,3,3
W007369_Croatia,1,1
W007369_Montenegro,1,1
W007370_Bosnia and Herzegovina,0,1
W007370_Ukraine,1,0
W007371_Serbia,0,2
W007371_Slovenia,2,0
W007372_Jamaica,3,2
W007372_Chile,2,3
W007373_France,6,0
W007373_Uruguay,0,6
W007374_Italy,4,1
W007374_Thailand,1,4
W007375_Nigeria,0,1
W007375_Belgium,1,0
W007376_Czech Republic,2,1
W007376_South Africa,1,2
W007377_Finland,0,1
W007377_North Korea,1,0
W007378_Denmark,1,0
W007378_China PR,0,1
W007379_Netherlands,0,1
W007379_Poland,1,0
W007380_Iceland,1,4
W007380_Scotland,4,1
W007381_Portugal,1,3
W007381_Switzerland,3,1
W007382_Uzbekistan,1,2
W007382_Northern Ireland,2,1
W007383_Jordan,3,0
W007383_Turkmenistan,0,3
W007384_United States,1,0
W007384_Brazil,0,1
W007385_Japan,0,3
W007385_England,3,0
W007386_India,0,0
W007386_Kazakhstan,0,0
M042256_El Salvador,3,1
M042256_Guatemala,1,3
W007387_Scotland,1,0
W007387_Denmark,0,1
W007388_North Korea,3,3
W007388_Italy,3,3
W007389_Austria,0,0
W007389_Belgium,0,0
W007390_Czech Republic,1,2
W007390_Mexico,2,1
W007391_Nigeria,3,0
W007391_Thailand,0,3
W007392_Finland,3,0
W007392_South Africa,0,3
W007393_Slovakia,2,3
W007393_Hungary,3,2
W007394_Poland,0,3
W007394_Norway,3,0
W007395_Canada,0,0
W007395_Sweden,0,0
W007396_South Korea,2,0
W007396_New Zealand,0,2
W007397_Switzerland,0,2
W007397_Spain,2,0
W007398_Portugal,1,4
W007398_Iceland,4,1
W007399_China PR,1,1
W007399_Netherlands,1,1
W007400_Australia,3,0
W007400_Argentina,0,3
M042257_Cambodia,0,1
M042257_Bangladesh,1,0
W007401_Nepal,3,0
W007401_Bhutan,0,3
W007402_India,6,0
W007402_Maldives,0,6
W007403_Bhutan,0,2
W007403_Bangladesh,2,0
W007404_Maldives,0,2
W007404_Sri Lanka,2,0
M042258_Bahamas,6,1
M042258_Turks and Caicos Islands,1,6
W007405_Nepal,3,0
W007405_Bangladesh,0,3
M042259_Saint Barthélemy,4,3
M042259_Saint Martin,3,4
W007406_Sri Lanka,0,5
W007406_India,5,0
M042260_Solomon Islands,3,1
M042260_Vanuatu,1,3
M042261_Fiji,3,0
M042261_New Caledonia,0,3
M042262_Myanmar,0,0
M042262_Taiwan,0,0
M042263_Germany,1,1
M042263_Serbia,1,1
M042264_Wales,1,0
M042264_Trinidad and Tobago,0,1
W007407_Nepal,4,0
W007407_Sri Lanka,0,4
W007408_India,4,0
W007408_Bangladesh,0,4
M042265_British Virgin Islands,2,2
M042265_Turks and Caicos Islands,2,2
M042266_Kazakhstan,3,0
M042266_Scotland,0,3
M042267_Cyprus,5,0
M042267_San Marino,0,5
M042268_Israel,1,1
M042268_Slovenia,1,1
M042269_North Macedonia,3,1
M042269_Latvia,1,3
M042270_Austria,0,1
M042270_Poland,1,0
M042271_Belgium,3,1
M042271_Russia,1,3
M042272_Croatia,2,1
M042272_Azerbaijan,1,2
M042273_Slovakia,2,0
M042273_Hungary,0,2
M042274_Kuwait,0,0
M042274_Nepal,0,0
M042275_Mauritius,3,1
M042275_New Caledonia,1,3
M042276_United Arab Emirates,2,1
M042276_Saudi Arabia,1,2
M042277_Kosovo,2,2
M042277_Denmark,2,2
M042278_United States,1,0
M042278_Ecuador,0,1
M042279_Northern Ireland,2,0
M042279_Estonia,0,2
M042280_Netherlands,4,0
M042280_Belarus,0,4
M042281_Tunisia,4,0
M042281_Eswatini,0,4
M042282_Burkina Faso,1,0
M042282_Mauritania,0,1
M042283_Nigeria,3,1
M042283_Seychelles,1,3
M042284_Algeria,1,1
M042284_Gambia,1,1
M042285_Malawi,0,0
M042285_Morocco,0,0
M042286_Sudan,1,4
M042286_Equatorial Guinea,4,1
M042287_Saint Lucia,3,2
M042287_Aruba,2,3
M042288_Cayman Islands,1,2
M042288_Montserrat,2,1
M042289_Saint Vincent and the Grenadines,2,1
M042289_Bonaire,1,2
M042290_Anguilla,0,3
M042290_United States Virgin Islands,3,0
M042291_Albania,0,2
M042291_Turkey,2,0
M042292_Moldova,1,4
M042292_France,4,1
M042293_Botswana,0,1
M042293_Angola,1,0
M042294_Guatemala,1,0
M042294_Costa Rica,0,1
M042295_Japan,0,1
M042295_Colombia,1,0
M042296_South Korea,1,0
M042296_Bolivia,0,1
M042297_Mexico,3,1
M042297_Chile,1,3
M042298_Peru,1,0
M042298_Paraguay,0,1
M042299_Argentina,1,3
M042299_Venezuela,3,1
M042300_England,5,0
M042300_Czech Republic,0,5
M042301_Portugal,0,0
M042301_Ukraine,0,0
M042302_Luxembourg,2,1
M042302_Lithuania,1,2
M042303_Andorra,0,2
M042303_Iceland,2,0
M042304_Bulgaria,1,1
M042304_Montenegro,1,1
W007409_Nepal,1,3
W007409_India,3,1
M042305_Dominica,4,0
M042305_Bahamas,0,4
M042306_Antigua and Barbuda,2,1
M042306_Curaçao,1,2
M042307_Guyana,2,1
M042307_Belize,1,2
M042308_Suriname,2,0
M042308_Saint Kitts and Nevis,0,2
M042309_Guadeloupe,0,1
M042309_Martinique,1,0
M042310_Ivory Coast,3,0
M042310_Rwanda,0,3
M042311_Guinea-Bissau,2,2
M042311_Mozambique,2,2
M042312_Vatican City,2,2
M042312_Raetia,2,2
M042313_Alderney,0,2
M042313_Jersey,2,0
M042314_Zambia,4,1
M042314_Namibia,1,4
M042315_Burundi,1,1
M042315_Gabon,1,1
M042316_Niger,1,1
M042316_Egypt,1,1
M042317_Sint Maarten,4,3
M042317_Saint Martin,3,4
M042318_Mali,3,0
M042318_South Sudan,0,3
M042319_Ghana,1,0
M042319_Kenya,0,1
M042320_Oman,1,1
M042320_Singapore,1,1
M042321_Georgia,0,2
M042321_Switzerland,2,0
M042322_Gibraltar,0,1
M042322_Republic of Ireland,1,0
M042323_Malta,2,1
M042323_Faroe Islands,1,2
M042324_Sweden,2,1
M042324_Romania,1,2
M042325_Malaysia,2,1
M042325_Afghanistan,1,2
M042326_Bosnia and Herzegovina,2,1
M042326_Armenia,1,2
M042327_Italy,2,0
M042327_Finland,0,2
M042328_Liechtenstein,0,2
M042328_Greece,2,0
M042329_Senegal,2,0
M042329_Madagascar,0,2
M042330_Brazil,1,1
M042330_Panama,1,1
M042331_Spain,2,1
M042331_Norway,1,2
M042332_Cameroon,3,0
M042332_Comoros,0,3
M042333_Tanzania,3,0
M042333_Uganda,0,3
M042334_British Virgin Islands,1,2
M042334_Bonaire,2,1
M042335_Puerto Rico,0,2
M042335_Grenada,2,0
M042336_Dominican Republic,1,3
M042336_Bermuda,3,1
M042337_El Salvador,2,0
M042337_Jamaica,0,2
M042338_Barbados,0,1
M042338_Nicaragua,1,0
M042339_DR Congo,1,0
M042339_Liberia,0,1
M042340_Cape Verde,0,0
M042340_Lesotho,0,0
M042341_Central African Republic,0,0
M042341_Guinea,0,0
M042342_Haiti,2,1
M042342_Cuba,1,2
M042343_Zimbabwe,2,0
M042343_Congo,0,2
M042344_Canada,4,1
M042344_French Guiana,1,4
M042345_Benin,2,1
M042345_Togo,1,2
M042346_Fiji,1,0
M042346_Mauritius,0,1
M042347_Taiwan,0,1
M042347_Solomon Islands,1,0
M042348_Northern Ireland,2,1
M042348_Belarus,1,2
M042349_Netherlands,2,3
M042349_Germany,3,2
M042350_Hungary,2,1
M042350_Croatia,1,2
M042351_Wales,1,0
M042351_Slovakia,0,1
M042352_Poland,2,0
M042352_Latvia,0,2
M042353_Slovenia,1,1
M042353_North Macedonia,1,1
M042354_San Marino,0,2
M042354_Scotland,2,0
M042355_Kazakhstan,0,4
M042355_Russia,4,0
M042356_Cyprus,0,2
M042356_Belgium,2,0
M042357_Israel,4,2
M042357_Austria,2,4
M042358_Libya,1,2
M042358_South Africa,2,1
M042359_Luxembourg,1,2
M042359_Ukraine,2,1
M042360_France,4,0
M042360_Iceland,0,4
M042361_Andorra,0,3
M042361_Albania,3,0
M042362_Turkey,4,0
M042362_Moldova,0,4
M042363_Montenegro,1,5
M042363_England,5,1
M042364_Kosovo,1,1
M042364_Bulgaria,1,1
M042365_Saudi Arabia,3,2
M042365_Equatorial Guinea,2,3
M042366_Myanmar,0,2
M042366_Indonesia,2,0
M042367_Kuwait,1,0
M042367_Nepal,0,1
M042368_Azerbaijan,0,0
M042368_Lithuania,0,0
M042369_Catalonia,2,1
M042369_Venezuela,1,2
M042370_Portugal,1,1
M042370_Serbia,1,1
M042371_Republic of Ireland,1,0
M042371_Georgia,0,1
M042372_Switzerland,3,3
M042372_Denmark,3,3
M042373_Malta,0,2
M042373_Spain,2,0
M042374_Norway,3,3
M042374_Sweden,3,3
M042375_Italy,6,0
M042375_Liechtenstein,0,6
M042376_Bosnia and Herzegovina,2,2
M042376_Greece,2,2
M042377_Armenia,0,2
M042377_Finland,2,0
M042378_United States,1,1
M042378_Chile,1,1
M042379_Romania,4,1
M042379_Faroe Islands,1,4
M042380_United Arab Emirates,0,0
M042380_Syria,0,0
M042381_Senegal,2,1
M042381_Mali,1,2
M042382_Peru,0,2
M042382_El Salvador,2,0
M042383_Algeria,1,0
M042383_Tunisia,0,1
M042384_Costa Rica,1,0
M042384_Jamaica,0,1
M042385_Czech Republic,1,3
M042385_Brazil,3,1
M042386_Ghana,3,1
M042386_Mauritania,1,3
M042387_Honduras,0,0
M042387_Ecuador,0,0
M042388_Ivory Coast,1,0
M042388_Liberia,0,1
M042389_Gibraltar,0,1
M042389_Estonia,1,0
M042390_South Korea,2,1
M042390_Colombia,1,2
M042391_Morocco,0,1
M042391_Argentina,1,0
M042392_Nicaragua,0,1
M042392_Guatemala,1,0
M042393_Nigeria,1,0
M042393_Egypt,0,1
M042394_Paraguay,2,4
M042394_Mexico,4,2
M042395_Japan,1,0
M042395_Bolivia,0,1
W007410_Jordan,0,0
W007410_Hong Kong,0,0
W007411_India,2,0
W007411_Indonesia,0,2
W007412_Myanmar,3,1
W007412_Nepal,1,3
W007413_Uzbekistan,1,2
W007413_Vietnam,2,1
W007414_Taiwan,3,0
W007414_Palestine,0,3
W007415_Gabon,0,2
W007415_Congo,2,0
W007416_Mali,3,1
W007416_Morocco,1,3
W007417_Ethiopia,3,2
W007417_Uganda,2,3
W007418_Iran,0,2
W007418_Philippines,2,0
W007419_France,3,1
W007419_Japan,1,3
W007420_Algeria,2,0
W007420_Chad,0,2
W007421_Malawi,11,1
W007421_Mozambique,1,11
W007422_Botswana,1,0
W007422_Namibia,0,1
W007423_United States,5,3
W007423_Australia,3,5
W007424_Poland,1,1
W007424_Italy,1,1
W007425_Netherlands,2,0
W007425_Mexico,0,2
W007426_England,0,1
W007426_Canada,1,0
W007427_Tanzania,2,2
W007427_DR Congo,2,2
W007428_Spain,2,1
W007428_Brazil,1,2
W007429_Scotland,1,1
W007429_Chile,1,1
W007430_Uganda,0,1
W007430_Ethiopia,1,0
W007431_Philippines,2,4
W007431_Taiwan,4,2
W007432_Palestine,0,9
W007432_Iran,9,0
W007433_Uzbekistan,2,0
W007433_Jordan,0,2
W007434_Myanmar,6,0
W007434_Indonesia,0,6
W007435_Hong Kong,1,2
W007435_Vietnam,2,1
W007436_Sweden,1,2
W007436_Germany,2,1
W007437_South Korea,2,3
W007437_Iceland,3,2
W007438_Nepal,1,3
W007438_India,3,1
W007439_South Africa,1,1
W007439_Jamaica,1,1
W007440_Morocco,2,2
W007440_Mali,2,2
W007441_Scotland,1,0
W007441_Brazil,0,1
W007442_United States,6,0
W007442_Belgium,0,6
W007443_Canada,2,1
W007443_Nigeria,1,2
W007444_France,4,0
W007444_Denmark,0,4
W007445_Namibia,2,2
W007445_Botswana,2,2
W007446_Uzbekistan,5,1
W007446_Hong Kong,1,5
W007447_Mozambique,0,3
W007447_Malawi,3,0
W007448_Myanmar,3,3
W007448_India,3,3
W007449_Vietnam,2,0
W007449_Jordan,0,2
W007450_DR Congo,1,0
W007450_Tanzania,0,1
W007451_Chad,1,1
W007451_Algeria,1,1
W007452_Congo,0,2
W007452_Gabon,2,0
W007453_Indonesia,1,2
W007453_Nepal,2,1
W007454_New Zealand,1,0
W007454_Norway,0,1
W007455_Austria,0,2
W007455_Sweden,2,0
W007456_Netherlands,7,0
W007456_Chile,0,7
W007457_Italy,2,1
W007457_Republic of Ireland,1,2
W007458_Philippines,7,0
W007458_Palestine,0,7
W007459_Germany,2,2
W007459_Japan,2,2
W007460_South Korea,1,1
W007460_Iceland,1,1
W007461_England,2,1
W007461_Spain,1,2
W007462_Taiwan,4,1
W007462_Iran,1,4
M042396_Yorkshire,6,2
M042396_Somaliland,2,6
W007463_Ivory Coast,5,0
W007463_Togo,0,5
W007464_Ghana,2,0
W007464_Senegal,0,2
W007465_Mali,12,0
W007465_Niger,0,12
W007466_Nigeria,5,1
W007466_Burkina Faso,1,5
W007467_Ivory Coast,4,0
W007467_Senegal,0,4
W007468_Ghana,6,0
W007468_Togo,0,6
M042397_Guernsey,0,0
M042397_Jersey,0,0
W007469_Nigeria,15,0
W007469_Niger,0,15
W007470_Mali,3,1
W007470_Burkina Faso,1,3
W007471_United States,3,0
W007471_South Africa,0,3
W007472_Ivory Coast,0,0
W007472_Ghana,0,0
W007473_Senegal,1,2
W007473_Togo,2,1
W007474_Mali,0,2
W007474_Nigeria,2,0
W007475_Burkina Faso,5,0
W007475_Niger,0,5
W007476_Ivory Coast,2,1
W007476_Mali,1,2
W007477_Ghana,0,0
W007477_Nigeria,0,0
W007478_United States,5,0
W007478_New Zealand,0,5
W007479_Spain,4,0
W007479_Cameroon,0,4
W007480_Canada,3,0
W007480_Mexico,0,3
W007481_Ghana,0,0
W007481_Mali,0,0
W007482_Ivory Coast,1,1
W007482_Nigeria,1,1
W007483_Chile,1,1
W007483_Colombia,1,1
W007484_Mexico,1,2
W007484_New Zealand,2,1
W007485_Argentina,3,1
W007485_Uruguay,1,3
W007486_Spain,0,0
W007486_Canada,0,0
M042398_Cascadia,6,3
M042398_Chagos Islands,3,6
M042399_Kernow,5,0
M042399_Barawa,0,5
M042400_Eswatini,2,2
M042400_Mauritius,2,2
W007487_England,2,0
W007487_Denmark,0,2
W007488_France,3,0
W007488_Thailand,0,3
M042401_Mozambique,1,2
M042401_Namibia,2,1
M042402_Malawi,3,0
M042402_Seychelles,0,3
W007489_United States,3,0
W007489_Mexico,0,3
M042403_Eswatini,2,2
M042403_Comoros,2,2
M042404_Laos,2,1
M042404_Sri Lanka,1,2
M042405_Seychelles,0,0
M042405_Mozambique,0,0
M042406_Namibia,1,2
M042406_Malawi,2,1
W007490_Scotland,3,2
W007490_Jamaica,2,3
M042407_Comoros,2,1
M042407_Mauritius,1,2
M042408_Panama,0,0
M042408_Basque Country,0,0
W007491_Italy,3,1
W007491_Switzerland,1,3
M042409_Namibia,3,0
M042409_Seychelles,0,3
M042410_Turkey,2,1
M042410_Greece,1,2
M042411_Mozambique,1,1
M042411_Malawi,1,1
W007492_Germany,2,0
W007492_Chile,0,2
M042412_Laos,2,2
M042412_Sri Lanka,2,2
W007493_Sweden,1,0
W007493_South Korea,0,1
W007494_France,2,1
W007494_China PR,1,2
M042413_Lesotho,0,0
M042413_Uganda,0,0
M042414_Zimbabwe,2,0
M042414_Comoros,0,2
M042415_Venezuela,1,1
M042415_Ecuador,1,1
M042416_Yorkshire,1,0
M042416_Parishes of Jersey,0,1
W007495_England,0,1
W007495_New Zealand,1,0
W007496_Netherlands,3,0
W007496_Australia,0,3
M042417_Abkhazia,3,1
M042417_Chameria,1,3
M042418_Artsakh,3,2
M042418_Sápmi,2,3
M042419_South Africa,2,2
M042419_Botswana,2,2
M042420_Zambia,2,2
M042420_Malawi,2,2
M042421_El Salvador,1,0
M042421_Haiti,0,1
M042422_France,2,0
M042422_Bolivia,0,2
M042423_Luxembourg,3,3
M042423_Madagascar,3,3
M042424_Malaysia,2,0
M042424_Nepal,0,2
M042425_Turkey,2,0
M042425_Uzbekistan,0,2
M042426_Padania,4,0
M042426_Székely Land,0,4
M042427_Western Armenia,1,2
M042427_South Ossetia,2,1
M042428_Parishes of Jersey,9,2
M042428_Chagos Islands,2,9
W007497_South Africa,2,7
W007497_Norway,7,2
W007498_Japan,1,1
W007498_Spain,1,1
M042429_Székely Land,0,5
M042429_Western Armenia,5,0
M042430_Artsakh,1,4
M042430_Chameria,4,1
M042431_Vanuatu,2,0
M042431_Tahiti,0,2
M042432_Sápmi,0,1
M042432_Abkhazia,1,0
M042433_South Ossetia,2,1
M042433_Padania,1,2
M042434_Colombia,3,0
M042434_Panama,0,3
M042435_South Africa,1,1
M042435_Uganda,1,1
M042436_Chameria,4,0
M042436_Sápmi,0,4
M042437_South Ossetia,2,2
M042437_Székely Land,2,2
M042438_Artsakh,1,1
M042438_Abkhazia,1,1
M042439_Padania,1,1
M042439_Western Armenia,1,1
M042440_Comoros,1,2
M042440_Malawi,2,1
W007499_Wales,1,0
W007499_New Zealand,0,1
M042441_Zimbabwe,0,0
M042441_Zambia,0,0
M042442_Brazil,2,0
M042442_Qatar,0,2
M042443_Japan,0,0
M042443_Trinidad and Tobago,0,0
M042444_Mexico,3,1
M042444_Venezuela,1,3
M042445_Paraguay,1,1
M042445_Honduras,1,1
M042446_Peru,1,0
M042446_Costa Rica,0,1
M042447_United States,0,1
M042447_Jamaica,1,0
M042448_Portugal,3,1
M042448_Switzerland,1,3
M042449_Lesotho,1,2
M042449_Botswana,2,1
M042450_Chile,2,1
M042450_Haiti,1,2
M042451_Taiwan,1,1
M042451_Nepal,1,1
M042452_Bermuda,1,0
M042452_Guyana,0,1
M042453_Slovakia,5,1
M042453_Jordan,1,5
M042454_Tajikistan,1,1
M042454_Afghanistan,1,1
M042455_England,1,3
M042455_Netherlands,3,1
M042456_Abkhazia,1,1
M042456_Western Armenia,1,1
M042457_South Ossetia,0,0
M042457_Chameria,0,0
M042458_Padania,4,0
M042458_Sápmi,0,4
M042459_Artsakh,2,1
M042459_Székely Land,1,2
M042460_Bhutan,1,0
M042460_Guam,0,1
M042461_Cambodia,2,0
M042461_Pakistan,0,2
M042462_Laos,0,1
M042462_Bangladesh,1,0
M042463_Mongolia,2,0
M042463_Brunei,0,2
M042464_Iran,5,0
M042464_Syria,0,5
M042465_Macau,1,0
M042465_Sri Lanka,0,1
M042466_Uzbekistan,4,0
M042466_North Korea,0,4
M042467_Czech Republic,2,1
M042467_Bulgaria,1,2
M042468_Uruguay,3,0
M042468_Panama,0,3
M042469_Tunisia,2,0
M042469_Iraq,0,2
M042470_South Korea,1,0
M042470_Australia,0,1
M042471_Kenya,1,0
M042471_Madagascar,0,1
M042472_Ivory Coast,3,1
M042472_Comoros,1,3
M042473_Fiji,1,1
M042473_Tahiti,1,1
M042474_China PR,2,0
M042474_Philippines,0,2
M042475_Argentina,5,1
M042475_Nicaragua,1,5
M042476_South Africa,0,0
M042476_Malawi,0,0
M042477_Malaysia,7,1
M042477_Timor-Leste,1,7
M042478_Lesotho,2,2
M042478_Zimbabwe,2,2
M042479_North Macedonia,0,1
M042479_Poland,1,0
M042480_Austria,1,0
M042480_Slovenia,0,1
M042481_Sweden,3,0
M042481_Malta,0,3
M042482_Norway,2,2
M042482_Romania,2,2
M042483_Faroe Islands,1,4
M042483_Spain,4,1
M042484_Denmark,1,1
M042484_Republic of Ireland,1,1
M042485_Georgia,3,0
M042485_Gibraltar,0,3
M042486_Ukraine,5,0
M042486_Serbia,0,5
M042487_Lithuania,1,1
M042487_Luxembourg,1,1
M042488_Montenegro,1,1
M042488_Kosovo,1,1
M042489_Latvia,0,3
M042489_Israel,3,0
W007500_France,4,0
W007500_South Korea,0,4
M042490_Singapore,4,3
M042490_Solomon Islands,3,4
M042491_Armenia,3,0
M042491_Liechtenstein,0,3
M042492_Sápmi,3,2
M042492_Székely Land,2,3
M042493_Abkhazia,0,0
M042493_Chameria,0,0
M042494_Nigeria,0,0
M042494_Zimbabwe,0,0
M042495_Angola,2,0
M042495_Guinea-Bissau,0,2
M042496_Botswana,0,1
M042496_Zambia,1,0
M042497_Greece,0,3
M042497_Italy,3,0
M042498_Finland,2,0
M042498_Bosnia and Herzegovina,0,2
M042499_Artsakh,2,0
M042499_Padania,0,2
M042500_Belgium,3,0
M042500_Kazakhstan,0,3
M042501_Russia,9,0
M042501_San Marino,0,9
M042502_Turkey,2,0
M042502_France,0,2
M042503_Moldova,1,0
M042503_Andorra,0,1
M042504_Iceland,1,0
M042504_Albania,0,1
M042505_Azerbaijan,1,3
M042505_Hungary,3,1
M042506_Croatia,2,1
M042506_Wales,1,2
M042507_Belarus,0,2
M042507_Germany,2,0
M042508_Estonia,1,2
M042508_Northern Ireland,2,1
M042509_Scotland,2,1
M042509_Cyprus,1,2
W007501_Germany,1,0
W007501_China PR,0,1
W007502_Norway,3,0
W007502_Nigeria,0,3
W007503_Spain,3,1
W007503_South Africa,1,3
M042510_Switzerland,0,0
M042510_England,0,0
M042511_Portugal,1,0
M042511_Netherlands,0,1
M042512_Western Armenia,0,1
M042512_South Ossetia,1,0
M042513_United States,0,3
M042513_Venezuela,3,0
M042514_Turkmenistan,0,0
M042514_Uganda,0,0
M042515_Paraguay,2,0
M042515_Guatemala,0,2
M042516_Mexico,3,2
M042516_Ecuador,2,3
M042517_Japan,2,0
M042517_El Salvador,0,2
M042518_DR Congo,0,0
M042518_Burkina Faso,0,0
M042519_Cameroon,2,1
M042519_Zambia,1,2
M042520_Brazil,7,0
M042520_Honduras,0,7
M042521_Peru,0,3
M042521_Colombia,3,0
W007504_England,2,1
W007504_Scotland,1,2
W007505_Brazil,3,0
W007505_Jamaica,0,3
W007506_Australia,1,2
W007506_Italy,2,1
M042522_Vanuatu,0,0
M042522_Fiji,0,0
M042523_Latvia,0,5
M042523_Slovenia,5,0
M042524_Poland,4,0
M042524_Israel,0,4
M042525_Spain,3,0
M042525_Sweden,0,3
M042526_North Macedonia,1,4
M042526_Austria,4,1
M042527_Faroe Islands,0,2
M042527_Norway,2,0
M042528_Denmark,5,1
M042528_Georgia,1,5
M042529_Czech Republic,3,0
M042529_Montenegro,0,3
M042530_Republic of Ireland,2,0
M042530_Gibraltar,0,2
M042531_Bulgaria,2,3
M042531_Kosovo,3,2
M042532_Serbia,4,1
M042532_Lithuania,1,4
M042533_Ukraine,1,0
M042533_Luxembourg,0,1
M042534_Malta,0,4
M042534_Romania,4,0
W007507_Argentina,0,0
W007507_Japan,0,0
W007508_Canada,1,0
W007508_Cameroon,0,1
M042535_Malaysia,5,1
M042535_Timor-Leste,1,5
M042536_Germany,8,0
M042536_Estonia,0,8
M042537_Belarus,0,1
M042537_Northern Ireland,1,0
M042538_Azerbaijan,1,5
M042538_Slovakia,5,1
M042539_Hungary,1,0
M042539_Wales,0,1
M042540_Albania,2,0
M042540_Moldova,0,2
M042541_Andorra,0,4
M042541_France,4,0
M042542_Singapore,1,2
M042542_Myanmar,2,1
M042543_Uzbekistan,2,0
M042543_Syria,0,2
M042544_Bangladesh,0,0
M042544_Laos,0,0
M042545_Brunei,2,1
M042545_Mongolia,1,2
M042546_Guam,5,0
M042546_Bhutan,0,5
M042547_Sri Lanka,3,0
M042547_Macau,0,3
M042548_Iceland,2,1
M042548_Turkey,1,2
M042549_Pakistan,1,2
M042549_Cambodia,2,1
M042550_Belgium,3,0
M042550_Scotland,0,3
M042551_Kazakhstan,4,0
M042551_San Marino,0,4
M042552_Italy,2,1
M042552_Bosnia and Herzegovina,1,2
M042553_Liechtenstein,0,2
M042553_Finland,2,0
M042554_Greece,2,3
M042554_Armenia,3,2
M042555_Algeria,1,1
M042555_Burundi,1,1
M042556_Benin,1,0
M042556_Guinea,0,1
M042557_China PR,1,0
M042557_Tajikistan,0,1
M042558_Hong Kong,0,2
M042558_Taiwan,2,0
M042559_Jordan,4,1
M042559_Indonesia,1,4
M042560_Russia,1,0
M042560_Cyprus,0,1
M042561_South Korea,1,1
M042561_Iran,1,1
M042562_Kyrgyzstan,2,2
M042562_Palestine,2,2
M042563_Croatia,1,2
M042563_Tunisia,2,1
W007509_Chile,0,2
W007509_Sweden,2,0
W007510_New Zealand,0,1
W007510_Netherlands,1,0
W007511_United States,13,0
W007511_Thailand,0,13
M042564_Morocco,0,1
M042564_Gambia,1,0
M042565_Ynys Môn,7,2
M042565_Saint Helena,2,7
W007512_Germany,1,0
W007512_Spain,0,1
W007513_Nigeria,2,0
W007513_South Korea,0,2
W007514_France,2,1
W007514_Norway,1,2
M042566_Egypt,1,0
M042566_Tanzania,0,1
W007515_Australia,3,2
W007515_Brazil,2,3
W007516_South Africa,0,1
W007516_China PR,1,0
M042567_Madagascar,1,3
M042567_Mauritania,3,1
M042568_Cameroon,1,1
M042568_Mali,1,1
M042569_Brazil,3,0
M042569_Bolivia,0,3
W007517_England,1,0
W007517_Argentina,0,1
W007518_Japan,2,1
W007518_Scotland,1,2
W007519_Jamaica,0,5
W007519_Italy,5,0
W007520_Latvia,3,0
W007520_Estonia,0,3
M042570_Argentina,0,2
M042570_Colombia,2,0
M042571_Venezuela,0,0
M042571_Peru,0,0
M042572_Canada,4,0
M042572_Martinique,0,4
M042573_Kenya,1,1
M042573_DR Congo,1,1
M042574_Ivory Coast,0,1
M042574_Uganda,1,0
M042575_Indonesia,6,0
M042575_Vanuatu,0,6
M042576_Ghana,0,0
M042576_South Africa,0,0
M042577_Tanzania,1,1
M042577_Zimbabwe,1,1
M042578_Mexico,7,0
M042578_Cuba,0,7
W007521_Lithuania,2,0
W007521_Estonia,0,2
W007522_Netherlands,3,1
W007522_Cameroon,1,3
W007523_Canada,2,0
W007523_New Zealand,0,2
M042579_Egypt,3,1
M042579_Guinea,1,3
M042580_Jersey,5,0
M042580_Orkney,0,5
M042581_Algeria,3,2
M042581_Mali,2,3
M042582_Senegal,1,0
M042582_Nigeria,0,1
M042583_Haiti,2,1
M042583_Bermuda,1,2
M042584_Uruguay,4,0
M042584_Ecuador,0,4
M042585_Paraguay,2,2
M042585_Qatar,2,2
M042586_Saint Helena,1,6
M042586_Shetland,6,1
M042587_Alderney,2,4
M042587_Hitra,4,2
M042588_Ynys Môn,2,1
M042588_Western Isles,1,2
M042589_Costa Rica,4,0
M042589_Nicaragua,0,4
M042590_Morocco,2,3
M042590_Zambia,3,2
W007524_Isle of Man,3,2
W007524_Jersey,2,3
W007525_United States,3,0
W007525_Chile,0,3
W007526_Sweden,5,1
W007526_Thailand,1,5
W007527_Latvia,2,0
W007527_Lithuania,0,2
W007528_Ynys Môn,3,1
W007528_Western Isles,1,3
M042591_Jamaica,3,2
M042591_Honduras,2,3
M042592_Curaçao,0,1
M042592_El Salvador,1,0
M042593_Japan,0,4
M042593_Chile,4,0
M042594_Guernsey,2,1
M042594_Shetland,1,2
M042595_Isle of Man,7,1
M042595_Hitra,1,7
M042596_Jersey,7,0
M042596_Western Isles,0,7
M042597_Ynys Môn,3,1
M042597_Orkney,1,3
M042598_Tunisia,2,1
M042598_Burundi,1,2
W007529_Isle of Man,2,1
W007529_Gibraltar,1,2
W007530_Ynys Môn,2,3
W007530_Hitra,3,2
W007531_China PR,0,0
W007531_Spain,0,0
W007532_South Africa,0,4
W007532_Germany,4,0
W007533_South Korea,1,2
W007533_Norway,2,1
W007534_France,1,0
W007534_Nigeria,0,1
M042599_Ynys Môn,1,0
M042599_Jersey,0,1
M042600_Western Isles,1,2
M042600_Orkney,2,1
M042601_Isle of Man,6,1
M042601_Alderney,1,6
M042602_Guernsey,9,0
M042602_Saint Helena,0,9
M042603_Bolivia,1,3
M042603_Peru,3,1
M042604_Brazil,0,0
M042604_Venezuela,0,0
M042605_United States,4,0
M042605_Guyana,0,4
M042606_Benin,3,1
M042606_Mauritania,1,3
M042607_Panama,2,0
M042607_Trinidad and Tobago,0,2
W007535_Jersey,6,2
W007535_Gibraltar,2,6
W007536_Jamaica,1,4
W007536_Australia,4,1
W007537_Italy,0,1
W007537_Brazil,1,0
W007538_Western Isles,1,0
W007538_Hitra,0,1
M042608_Colombia,1,0
M042608_Qatar,0,1
M042609_Argentina,1,1
M042609_Paraguay,1,1
M042610_Cuba,0,3
M042610_Martinique,3,0
M042611_Mexico,3,1
M042611_Canada,1,3
M042612_Ivory Coast,4,1
M042612_Zambia,1,4
W007539_Isle of Man,1,0
W007539_Hitra,0,1
W007540_Western Isles,5,0
W007540_Gibraltar,0,5
W007541_Scotland,3,3
W007541_Argentina,3,3
W007542_Japan,0,2
W007542_England,2,0
W007543_Ynys Môn,5,1
W007543_Jersey,1,5
M042613_Jersey,3,1
M042613_Hitra,1,3
M042614_Ynys Môn,2,1
M042614_Shetland,1,2
M042615_Isle of Man,2,3
M042615_Guernsey,3,2
M042616_Uruguay,2,2
M042616_Japan,2,2
M042617_Nicaragua,0,2
M042617_Haiti,2,0
M042618_Costa Rica,2,1
M042618_Bermuda,1,2
M042619_Orkney,1,2
M042619_Alderney,2,1
M042620_Western Isles,2,1
M042620_Saint Helena,1,2
W007544_Cameroon,2,1
W007544_New Zealand,1,2
W007545_Netherlands,2,1
W007545_Canada,1,2
W007546_Thailand,0,2
W007546_Chile,2,0
W007547_Sweden,0,2
W007547_United States,2,0
M042621_Honduras,0,1
M042621_Curaçao,1,0
M042622_El Salvador,0,0
M042622_Jamaica,0,0
M042623_Ecuador,1,2
M042623_Chile,2,1
M042624_Egypt,1,0
M042624_Zimbabwe,0,1
M042625_Ynys Môn,2,1
M042625_Guernsey,1,2
M042626_Shetland,0,5
M042626_Isle of Man,5,0
W007548_Jersey,3,2
W007548_Hitra,2,3
W007549_Ynys Môn,1,2
W007549_Isle of Man,2,1
M042627_DR Congo,0,2
M042627_Uganda,2,0
M042628_Nigeria,1,0
M042628_Burundi,0,1
M042629_Guinea,2,2
M042629_Madagascar,2,2
M042630_Bolivia,1,3
M042630_Venezuela,3,1
M042631_Guyana,2,4
M042631_Panama,4,2
M042632_United States,6,0
M042632_Trinidad and Tobago,0,6
M042633_Brazil,5,0
M042633_Peru,0,5
W007550_Norway,1,1
W007550_Australia,1,1
W007551_Germany,3,0
W007551_Nigeria,0,3
M042634_Martinique,2,3
M042634_Mexico,3,2
M042635_Qatar,0,2
M042635_Argentina,2,0
M042636_Colombia,1,0
M042636_Paraguay,0,1
M042637_Canada,7,0
M042637_Cuba,0,7
M042638_Algeria,2,0
M042638_Kenya,0,2
M042639_Senegal,2,0
M042639_Tanzania,0,2
M042640_Morocco,1,0
M042640_Namibia,0,1
W007552_France,2,1
W007552_Brazil,1,2
W007553_England,3,0
W007553_Cameroon,0,3
M042641_Haiti,2,1
M042641_Costa Rica,1,2
M042642_Bermuda,2,0
M042642_Nicaragua,0,2
M042643_Chile,0,1
M042643_Uruguay,1,0
M042644_Tunisia,1,1
M042644_Angola,1,1
M042645_Ivory Coast,1,0
M042645_South Africa,0,1
M042646_Mali,4,1
M042646_Mauritania,1,4
M042647_Ecuador,1,1
M042647_Japan,1,1
W007554_Sweden,1,0
W007554_Canada,0,1
W007555_Spain,1,2
W007555_United States,2,1
M042648_Cameroon,2,0
M042648_Guinea-Bissau,0,2
M042649_Ghana,2,2
M042649_Benin,2,2
M042650_Jamaica,1,1
M042650_Curaçao,1,1
M042651_Honduras,4,0
M042651_El Salvador,0,4
M042652_Raetia,3,4
M042652_Franconia,4,3
W007556_Netherlands,2,1
W007556_Japan,1,2
W007557_Italy,2,0
W007557_China PR,0,2
M042653_Nigeria,1,0
M042653_Guinea,0,1
M042654_Uganda,1,1
M042654_Zimbabwe,1,1
M042655_Egypt,2,0
M042655_DR Congo,0,2
M042656_Trinidad and Tobago,1,1
M042656_Guyana,1,1
M042657_United States,1,0
M042657_Panama,0,1
M042658_Brazil,0,0
M042658_Paraguay,0,0
M042659_Kenya,3,2
M042659_Tanzania,2,3
M042660_Senegal,0,1
M042660_Algeria,1,0
M042661_Madagascar,1,0
M042661_Burundi,0,1
W007558_Norway,0,3
W007558_England,3,0
M042662_Tunisia,1,1
M042662_Mali,1,1
M042663_South Africa,1,0
M042663_Namibia,0,1
M042664_Morocco,1,0
M042664_Ivory Coast,0,1
M042665_Venezuela,0,2
M042665_Argentina,2,0
M042666_Colombia,0,0
M042666_Chile,0,0
W007559_France,1,2
W007559_United States,2,1
M042667_Cameroon,0,0
M042667_Ghana,0,0
M042668_Uruguay,0,0
M042668_Peru,0,0
M042669_Haiti,3,2
M042669_Canada,2,3
M042670_Mexico,1,1
M042670_Costa Rica,1,1
M042671_Mauritania,0,0
M042671_Angola,0,0
M042672_Benin,0,0
M042672_Guinea-Bissau,0,0
W007560_Germany,1,2
W007560_Sweden,2,1
W007561_Italy,0,2
W007561_Netherlands,2,0
M042673_United States,1,0
M042673_Curaçao,0,1
M042674_Egypt,2,0
M042674_Uganda,0,2
M042675_Zimbabwe,0,4
M042675_DR Congo,4,0
M042676_Burundi,0,2
M042676_Guinea,2,0
M042677_Madagascar,2,0
M042677_Nigeria,0,2
M042678_Jamaica,1,0
M042678_Panama,0,1
M042679_Tanzania,0,3
M042679_Algeria,3,0
M042680_Kenya,0,3
M042680_Senegal,3,0
M042681_Namibia,1,4
M042681_Ivory Coast,4,1
M042682_South Africa,0,1
M042682_Morocco,1,0
M042683_Haiti,0,1
M042683_Mexico,1,0
M042684_Brazil,2,0
M042684_Argentina,0,2
M042685_Guinea-Bissau,0,2
M042685_Ghana,2,0
M042686_Benin,0,0
M042686_Cameroon,0,0
M042687_Mauritania,0,0
M042687_Tunisia,0,0
M042688_Angola,0,1
M042688_Mali,1,0
W007562_England,1,2
W007562_United States,2,1
M042689_Chile,0,3
M042689_Peru,3,0
M042690_United States,3,1
M042690_Jamaica,1,3
W007563_Netherlands,1,0
W007563_Sweden,0,1
M042691_Morocco,1,1
M042691_Benin,1,1
M042692_Uganda,0,1
M042692_Senegal,1,0
M042693_Argentina,2,1
M042693_Chile,1,2
M042694_Egypt,0,1
M042694_South Africa,1,0
M042695_Nigeria,3,2
M042695_Cameroon,2,3
W007564_England,1,2
W007564_Sweden,2,1
M042696_Algeria,3,0
M042696_Guinea,0,3
M042697_Madagascar,2,2
M042697_DR Congo,2,2
M042698_Brazil,3,1
M042698_Peru,1,3
M042699_United States,0,1
M042699_Mexico,1,0
M042700_India,2,4
M042700_Tajikistan,4,2
W007565_United States,2,0
W007565_Netherlands,0,2
M042701_Syria,5,2
M042701_North Korea,2,5
M042702_Tuvalu,0,13
M042702_Solomon Islands,13,0
M042703_American Samoa,0,5
M042703_New Caledonia,5,0
M042704_Samoa,0,6
M042704_Papua New Guinea,6,0
M042705_Ghana,1,1
M042705_Tunisia,1,1
M042706_Tahiti,1,2
M042706_Fiji,2,1
M042707_Mali,0,1
M042707_Ivory Coast,1,0
W007566_Fiji,11,0
W007566_American Samoa,0,11
W007567_Samoa,5,0
W007567_Tonga,0,5
W007568_Tahiti,0,2
W007568_Cook Islands,2,0
W007569_Papua New Guinea,5,2
W007569_Solomon Islands,2,5
M042708_Tuvalu,0,7
M042708_Tahiti,7,0
M042709_Papua New Guinea,2,0
M042709_Vanuatu,0,2
M042710_Tajikistan,2,0
M042710_Syria,0,2
M042711_Solomon Islands,0,2
M042711_New Caledonia,2,0
M042712_American Samoa,0,9
M042712_Fiji,9,0
M042713_Nigeria,2,1
M042713_South Africa,1,2
M042714_Senegal,1,0
M042714_Benin,0,1
W007570_Cook Islands,2,1
W007570_Vanuatu,1,2
W007571_Samoa,0,0
W007571_American Samoa,0,0
W007572_Tonga,3,2
W007572_New Caledonia,2,3
W007573_Solomon Islands,0,1
W007573_Tahiti,1,0
M042715_Ivory Coast,1,1
M042715_Algeria,1,1
M042716_Madagascar,0,3
M042716_Tunisia,3,0
M042717_Solomon Islands,0,3
M042717_Tahiti,3,0
M042718_Samoa,2,0
M042718_Tonga,0,2
M042719_American Samoa,1,1
M042719_Tuvalu,1,1
M042720_New Caledonia,1,0
M042720_Fiji,0,1
W007574_Tahiti,0,4
W007574_Papua New Guinea,4,0
W007575_New Caledonia,9,0
W007575_American Samoa,0,9
W007576_Vanuatu,1,2
W007576_Solomon Islands,2,1
W007577_Samoa,1,0
W007577_Fiji,0,1
M042721_India,2,5
M042721_North Korea,5,2
M042722_Algeria,2,1
M042722_Nigeria,1,2
M042723_Senegal,1,0
M042723_Tunisia,0,1
M042724_Tonga,0,14
M042724_Vanuatu,14,0
M042725_Solomon Islands,13,0
M042725_American Samoa,0,13
M042726_Tahiti,0,3
M042726_New Caledonia,3,0
M042727_North Korea,1,0
M042727_Tajikistan,0,1
M042728_Fiji,10,1
M042728_Tuvalu,1,10
W007578_American Samoa,0,12
W007578_Tonga,12,0
W007579_Papua New Guinea,6,1
W007579_Vanuatu,1,6
W007580_Solomon Islands,1,2
W007580_Cook Islands,2,1
W007581_Fiji,4,0
W007581_New Caledonia,0,4
M042729_India,1,1
M042729_Syria,1,1
M042730_Tunisia,0,1
M042730_Nigeria,1,0
M042731_Samoa,0,11
M042731_Vanuatu,11,0
M042732_Fiji,4,4
M042732_Solomon Islands,4,4
M042733_Mauritius,1,1
M042733_Seychelles,1,1
M042734_Réunion,4,0
M042734_Maldives,0,4
M042735_Comoros,0,2
M042735_Mayotte,2,0
M042736_Tahiti,8,1
M042736_American Samoa,1,8
M042737_Papua New Guinea,8,0
M042737_Tonga,0,8
M042738_New Caledonia,11,0
M042738_Tuvalu,0,11
W007582_Samoa,3,2
W007582_New Caledonia,2,3
W007583_Cook Islands,1,5
W007583_Papua New Guinea,5,1
W007584_Vanuatu,0,0
W007584_Tahiti,0,0
W007585_Tonga,1,3
W007585_Fiji,3,1
M042739_Tajikistan,0,1
M042739_North Korea,1,0
M042740_Senegal,0,1
M042740_Algeria,1,0
M042741_Comoros,3,0
M042741_Maldives,0,3
M042742_Réunion,1,0
M042742_Mayotte,0,1
M042743_Seychelles,0,0
M042743_Madagascar,0,0
M042744_Papua New Guinea,1,1
M042744_Fiji,1,1
W007586_Fiji,3,1
W007586_Cook Islands,1,3
W007587_Samoa,1,3
W007587_Papua New Guinea,3,1
M042745_Equatorial Guinea,1,1
M042745_Liberia,1,1
M042746_Réunion,0,1
M042746_Comoros,1,0
M042747_Mayotte,3,1
M042747_Maldives,1,3
M042748_Mauritius,1,1
M042748_Madagascar,1,1
M042749_Réunion,4,0
M042749_Seychelles,0,4
M042750_Mauritius,1,0
M042750_Mayotte,0,1
M042751_Seychelles,1,3
M042751_Mayotte,3,1
M042752_Mauritius,1,1
M042752_Réunion,1,1
W007588_Peru,0,3
W007588_Argentina,3,0
W007589_Panama,1,3
W007589_Costa Rica,3,1
W007590_Paraguay,0,0
W007590_Colombia,0,0
W007591_Mexico,2,0
W007591_Jamaica,0,2
M042753_Yemen,0,1
M042753_Palestine,1,0
M042754_Iraq,1,0
M042754_Lebanon,0,1
W007592_Zimbabwe,4,1
W007592_Angola,1,4
W007593_South Africa,17,0
W007593_Comoros,0,17
W007594_Malawi,2,0
W007594_Madagascar,0,2
W007595_Peru,1,3
W007595_Costa Rica,3,1
W007596_Panama,0,1
W007596_Argentina,1,0
W007597_Jamaica,0,2
W007597_Colombia,2,0
W007598_Mexico,1,2
W007598_Paraguay,2,1
W007599_Namibia,0,1
W007599_Botswana,1,0
W007600_Zambia,15,0
W007600_Mauritius,0,15
W007601_Mozambique,1,3
W007601_Eswatini,3,1
M042755_Lebanon,2,1
M042755_Syria,1,2
M042756_Iraq,2,1
M042756_Palestine,1,2
W007602_Comoros,1,5
W007602_Madagascar,5,1
W007603_South Africa,3,1
W007603_Malawi,1,3
W007604_Zimbabwe,4,0
W007604_Mozambique,0,4
W007605_Mexico,2,2
W007605_Colombia,2,2
W007606_Paraguay,3,1
W007606_Jamaica,1,3
W007607_Costa Rica,0,0
W007607_Argentina,0,0
W007608_Angola,0,4
W007608_Eswatini,4,0
W007609_Mauritius,0,3
W007609_Botswana,3,0
W007610_Zambia,3,2
W007610_Namibia,2,3
W007611_Peru,1,1
W007611_Panama,1,1
M042757_Jordan,0,1
M042757_Bahrain,1,0
M042758_Saudi Arabia,1,2
M042758_Kuwait,2,1
W007612_United States,3,0
W007612_Republic of Ireland,0,3
M042759_Syria,1,1
M042759_Yemen,1,1
M042760_Lebanon,0,0
M042760_Palestine,0,0
W007613_Malawi,13,0
W007613_Comoros,0,13
W007614_Mozambique,1,3
W007614_Angola,3,1
W007615_South Africa,3,0
W007615_Madagascar,0,3
W007616_Zimbabwe,7,0
W007616_Eswatini,0,7
W007617_Costa Rica,3,4
W007617_Colombia,4,3
W007618_Zambia,0,0
W007618_Botswana,0,0
W007619_Namibia,8,0
W007619_Mauritius,0,8
W007620_Peru,0,1
W007620_Jamaica,1,0
W007621_Paraguay,0,3
W007621_Argentina,3,0
W007622_Mexico,5,1
W007622_Panama,1,5
M042761_Kuwait,1,1
M042761_Jordan,1,1
M042762_Bahrain,0,0
M042762_Saudi Arabia,0,0
M042763_Yemen,2,1
M042763_Lebanon,1,2
M042764_Iraq,0,0
M042764_Syria,0,0
W007623_Zambia,4,0
W007623_Botswana,0,4
W007624_South Africa,3,1
W007624_Zimbabwe,1,3
M042765_South Ossetia,2,0
M042765_Luhansk PR,0,2
W007625_Argentina,1,1
W007625_Colombia,1,1
W007626_Paraguay,0,1
W007626_Costa Rica,1,0
M042766_Kuwait,0,1
M042766_Bahrain,1,0
M042767_Jordan,3,0
M042767_Saudi Arabia,0,3
W007627_Botswana,0,3
W007627_Zimbabwe,3,0
M042768_Iraq,2,1
M042768_Yemen,1,2
M042769_Palestine,4,3
M042769_Syria,3,4
M042770_Saint Vincent and the Grenadines,1,0
M042770_Trinidad and Tobago,0,1
W007628_South Africa,1,0
W007628_Zambia,0,1
M042771_Iraq,0,1
M042771_Bahrain,1,0
M042772_Dominican Republic,0,0
M042772_Guatemala,0,0
W007629_Philippines,3,0
W007629_Malaysia,0,3
W007630_Timor-Leste,2,1
W007630_Singapore,1,2
W007631_Myanmar,7,0
W007631_Indonesia,0,7
W007632_Vietnam,10,0
W007632_Cambodia,0,10
W007633_Timor-Leste,0,7
W007633_Philippines,7,0
W007634_Thailand,8,0
W007634_Singapore,0,8
W007635_Cambodia,1,10
W007635_Myanmar,10,1
W007636_Indonesia,0,7
W007636_Vietnam,7,0
W007637_Malaysia,4,0
W007637_Singapore,0,4
W007638_Thailand,9,0
W007638_Timor-Leste,0,9
W007639_Myanmar,0,4
W007639_Vietnam,4,0
W007640_Cambodia,0,4
W007640_Indonesia,4,0
W007641_Malaysia,5,0
W007641_Timor-Leste,0,5
W007642_Thailand,4,2
W007642_Philippines,2,4
W007643_Thailand,7,0
W007643_Malaysia,0,7
W007644_Singapore,0,4
W007644_Philippines,4,0
W007645_Vietnam,2,1
W007645_Philippines,1,2
W007646_Thailand,3,1
W007646_Myanmar,1,3
W007647_Ethiopia,1,1
W007647_Cameroon,1,1
M042773_Saint Kitts and Nevis,4,3
M042773_Antigua and Barbuda,3,4
W007648_Thailand,0,1
W007648_Vietnam,1,0
W007649_Myanmar,3,0
W007649_Philippines,0,3
M042774_Taiwan,3,0
M042774_Guam,0,3
M042775_Belize,1,1
M042775_Saint Vincent and the Grenadines,1,1
W007650_Algeria,0,2
W007650_Nigeria,2,0
W007651_Gabon,0,3
W007651_Ghana,3,0
W007652_Zambia,5,0
W007652_Zimbabwe,0,5
W007653_Malawi,3,2
W007653_Kenya,2,3
M042776_United Arab Emirates,4,0
M042776_Dominican Republic,0,4
W007654_Lithuania,1,2
W007654_Croatia,2,1
W007655_Israel,2,3
W007655_Italy,3,2
W007656_Belgium,3,3
W007656_England,3,3
W007657_Faroe Islands,0,6
W007657_Wales,6,0
W007658_Denmark,8,0
W007658_Malta,0,8
W007659_Iceland,4,1
W007659_Hungary,1,4
M042777_China PR,4,1
M042777_Myanmar,1,4
M042778_Belize,1,0
M042778_Saint Vincent and the Grenadines,0,1
M042779_Malaysia,0,1
M042779_Jordan,1,0
W007660_Brazil,5,0
W007660_Argentina,0,5
W007661_Botswana,0,0
W007661_South Africa,0,0
W007662_Costa Rica,0,1
W007662_Chile,1,0
W007663_United States,4,0
W007663_Portugal,0,4
W007664_Estonia,0,7
W007664_Netherlands,7,0
W007665_Slovenia,0,1
W007665_Russia,1,0
W007666_Kosovo,2,0
W007666_Turkey,0,2
W007667_Bosnia and Herzegovina,7,1
W007667_Georgia,1,7
W007668_Moldova,0,7
W007668_Czech Republic,7,0
W007669_Scotland,8,0
W007669_Cyprus,0,8
W007670_Northern Ireland,0,6
W007670_Norway,6,0
M042780_United Arab Emirates,5,1
M042780_Sri Lanka,1,5
W007671_Ivory Coast,3,0
W007671_Mali,0,3
W007672_France,2,0
W007672_Spain,0,2
W007673_Germany,10,0
W007673_Montenegro,0,10
W007674_Kenya,3,0
W007674_Malawi,0,3
W007675_Brazil,0,0
W007675_Chile,0,0
W007676_Costa Rica,3,1
W007676_Argentina,1,3
W007677_Kazakhstan,0,3
W007677_Serbia,3,0
W007678_Albania,0,3
W007678_Finland,3,0
W007679_Iceland,1,0
W007679_Slovakia,0,1
W007680_Nigeria,1,0
W007680_Algeria,0,1
W007681_South Africa,0,0
W007681_Botswana,0,0
W007682_Ghana,2,0
W007682_Gabon,0,2
W007683_Cameroon,0,0
W007683_Ethiopia,0,0
W007684_Mali,0,0
W007684_Ivory Coast,0,0
W007685_Austria,3,0
W007685_North Macedonia,0,3
W007686_Wales,2,2
W007686_Northern Ireland,2,2
W007687_Slovenia,5,0
W007687_Kosovo,0,5
W007688_Norway,2,1
W007688_England,1,2
W007689_Netherlands,3,0
W007689_Turkey,0,3
W007690_Georgia,0,1
W007690_Italy,1,0
W007691_Bosnia and Herzegovina,2,0
W007691_Malta,0,2
W007692_Israel,0,3
W007692_Denmark,3,0
W007693_Russia,4,0
W007693_Estonia,0,4
W007694_Ukraine,0,8
W007694_Germany,8,0
W007695_Switzerland,4,0
W007695_Lithuania,0,4
W007696_Belgium,6,1
W007696_Croatia,1,6
W007697_Republic of Ireland,2,0
W007697_Montenegro,0,2
W007698_Belarus,6,0
W007698_Faroe Islands,0,6
W007699_Latvia,1,4
W007699_Sweden,4,1
M042781_South Sudan,1,1
M042781_Equatorial Guinea,1,1
M042782_São Tomé and Príncipe,0,1
M042782_Guinea-Bissau,1,0
M042783_Mauritius,0,1
M042783_Mozambique,1,0
M042784_Liberia,3,1
M042784_Sierra Leone,1,3
M042785_Djibouti,2,1
M042785_Eswatini,1,2
M042786_Eritrea,1,2
M042786_Namibia,2,1
M042787_Burundi,1,1
M042787_Tanzania,1,1
M042788_Libya,0,1
M042788_Burkina Faso,1,0
M042789_Ethiopia,0,0
M042789_Lesotho,0,0
W007700_United States,3,0
W007700_Portugal,0,3
M042790_Argentina,0,0
M042790_Chile,0,0
M042791_Montenegro,2,1
M042791_Hungary,1,2
M042792_French Guiana,3,0
M042792_Belize,0,3
M042793_Northern Ireland,1,0
M042793_Luxembourg,0,1
M042794_Kuwait,7,0
M042794_Nepal,0,7
M042795_Cambodia,1,1
M042795_Hong Kong,1,1
M042796_Bahrain,1,1
M042796_Iraq,1,1
M042797_Palestine,2,0
M042797_Uzbekistan,0,2
M042798_Singapore,2,2
M042798_Yemen,2,2
M042799_India,1,2
M042799_Oman,2,1
M042800_Qatar,6,0
M042800_Afghanistan,0,6
M042801_Taiwan,1,2
M042801_Jordan,2,1
M042802_Mongolia,1,0
M042802_Myanmar,0,1
M042803_Thailand,0,0
M042803_Vietnam,0,0
M042804_Indonesia,2,3
M042804_Malaysia,3,2
M042805_North Korea,2,0
M042805_Lebanon,0,2
M042806_Sri Lanka,0,2
M042806_Turkmenistan,2,0
M042807_Chad,1,3
M042807_Sudan,3,1
M042808_Honduras,4,0
M042808_Puerto Rico,0,4
M042809_Somalia,1,0
M042809_Zimbabwe,0,1
M042810_Tajikistan,1,0
M042810_Kyrgyzstan,0,1
M042811_Philippines,2,5
M042811_Syria,5,2
M042812_Seychelles,0,3
M042812_Rwanda,3,0
M042813_Guatemala,10,0
M042813_Anguilla,0,10
M042814_Guam,0,1
M042814_Maldives,1,0
M042815_Peru,0,1
M042815_Ecuador,1,0
M042816_Saudi Arabia,1,1
M042816_Mali,1,1
M042817_Republic of Ireland,1,1
M042817_Switzerland,1,1
M042818_Gibraltar,0,6
M042818_Denmark,6,0
M042819_Faroe Islands,0,4
M042819_Sweden,4,0
M042820_Norway,2,0
M042820_Malta,0,2
M042821_Romania,1,2
M042821_Spain,2,1
M042822_Israel,1,1
M042822_North Macedonia,1,1
M042823_South Korea,2,2
M042823_Georgia,2,2
M042824_Bosnia and Herzegovina,5,0
M042824_Liechtenstein,0,5
M042825_Finland,1,0
M042825_Greece,0,1
M042826_Japan,2,0
M042826_Paraguay,0,2
M042827_Bermuda,1,4
M042827_Panama,4,1
M042828_Grenada,2,1
M042828_Saint Kitts and Nevis,1,2
M042829_Dominica,1,2
M042829_Suriname,2,1
M042830_United States Virgin Islands,0,2
M042830_Cayman Islands,2,0
M042831_Barbados,4,0
M042831_Saint Martin,0,4
M042832_Armenia,1,3
M042832_Italy,3,1
M042833_Martinique,1,1
M042833_Trinidad and Tobago,1,1
M042834_Aruba,0,1
M042834_Guyana,1,0
M042835_Comoros,1,1
M042835_Togo,1,1
M042836_Nicaragua,1,1
M042836_Saint Vincent and the Grenadines,1,1
M042837_Bonaire,4,2
M042837_British Virgin Islands,2,4
M042838_Scotland,1,2
M042838_Russia,2,1
M042839_Gambia,0,1
M042839_Angola,1,0
M042840_Jamaica,6,0
M042840_Antigua and Barbuda,0,6
M042841_Cyprus,1,1
M042841_Kazakhstan,1,1
M042842_San Marino,0,4
M042842_Belgium,4,0
M042843_Austria,6,0
M042843_Latvia,0,6
M042844_Slovenia,2,0
M042844_Poland,0,2
M042845_Brazil,2,2
M042845_Colombia,2,2
M042846_Costa Rica,1,2
M042846_Uruguay,2,1
M042847_Ivory Coast,1,2
M042847_Benin,2,1
M042848_Morocco,1,1
M042848_Burkina Faso,1,1
M042849_Wales,2,1
M042849_Azerbaijan,1,2
M042850_United States,0,3
M042850_Mexico,3,0
M042851_Estonia,1,2
M042851_Belarus,2,1
M042852_Germany,2,4
M042852_Netherlands,4,2
M042853_Slovakia,0,4
M042853_Croatia,4,0
M042854_Tunisia,1,0
M042854_Mauritania,0,1
M042855_Turkey,1,0
M042855_Andorra,0,1
M042856_Canada,6,0
M042856_Cuba,0,6
M042857_Curaçao,1,0
M042857_Haiti,0,1
M042858_Montserrat,2,1
M042858_Dominican Republic,1,2
M042859_El Salvador,3,0
M042859_Saint Lucia,0,3
M042860_Botswana,0,0
M042860_Malawi,0,0
M042861_Serbia,2,4
M042861_Portugal,4,2
M042862_Lithuania,0,3
M042862_Ukraine,3,0
M042863_England,4,0
M042863_Bulgaria,0,4
M042864_Libya,2,0
M042864_Niger,0,2
M042865_Guadeloupe,5,1
M042865_Sint Maarten,1,5
M042866_Kosovo,2,1
M042866_Czech Republic,1,2
M042867_Iceland,3,0
M042867_Moldova,0,3
M042868_France,4,1
M042868_Albania,1,4
M042869_Tanzania,1,1
M042869_Burundi,1,1
M042870_Sierra Leone,1,0
M042870_Liberia,0,1
M042871_Lesotho,1,1
M042871_Ethiopia,1,1
M042872_Equatorial Guinea,1,0
M042872_South Sudan,0,1
M042873_Cayman Islands,3,2
M042873_Barbados,2,3
M042874_Saint Martin,1,2
M042874_United States Virgin Islands,2,1
M042875_Suriname,6,0
M042875_Nicaragua,0,6
M042876_Saint Vincent and the Grenadines,1,0
M042876_Dominica,0,1
M042877_Saint Kitts and Nevis,2,2
M042877_French Guiana,2,2
M042878_Panama,0,2
M042878_Bermuda,2,0
M042879_Greece,1,1
M042879_Liechtenstein,1,1
M042880_Belize,1,2
M042880_Grenada,2,1
M042881_Armenia,4,2
M042881_Bosnia and Herzegovina,2,4
M042882_Sweden,1,1
M042882_Norway,1,1
M042883_Spain,4,0
M042883_Faroe Islands,0,4
M042884_Romania,1,0
M042884_Malta,0,1
M042885_Georgia,0,0
M042885_Denmark,0,0
M042886_Switzerland,4,0
M042886_Gibraltar,0,4
M042887_Kenya,1,1
M042887_Uganda,1,1
M042888_Finland,1,2
M042888_Italy,2,1
M042889_Latvia,0,2
M042889_North Macedonia,2,0
M042890_Scotland,0,4
M042890_Belgium,4,0
M042891_Russia,1,0
M042891_Kazakhstan,0,1
M042892_San Marino,0,4
M042892_Cyprus,4,0
M042893_Trinidad and Tobago,2,2
M042893_Martinique,2,2
M042894_Guyana,0,4
M042894_Jamaica,4,0
M042895_Antigua and Barbuda,2,1
M042895_Aruba,1,2
M042896_Slovenia,3,2
M042896_Israel,2,3
M042897_Bahamas,2,1
M042897_Bonaire,1,2
M042898_Hungary,1,2
M042898_Slovakia,2,1
M042899_Poland,0,0
M042899_Austria,0,0
M042900_Estonia,0,4
M042900_Netherlands,4,0
M042901_Northern Ireland,0,2
M042901_Germany,2,0
M042902_Wales,1,0
M042902_Belarus,0,1
M042903_Iraq,0,0
M042903_Uzbekistan,0,0
M042904_Algeria,1,0
M042904_Benin,0,1
M042905_Azerbaijan,1,1
M042905_Croatia,1,1
M042906_Guam,1,4
M042906_Philippines,4,1
M042907_Mongolia,0,1
M042907_Tajikistan,1,0
M042908_Qatar,0,0
M042908_India,0,0
M042909_Afghanistan,1,0
M042909_Bangladesh,0,1
M042910_Singapore,2,1
M042910_Palestine,1,2
M042911_Cambodia,0,1
M042911_Bahrain,1,0
M042912_Hong Kong,0,2
M042912_Iran,2,0
M042913_Myanmar,0,2
M042913_Japan,2,0
M042914_Taiwan,0,2
M042914_Nepal,2,0
M042915_Kuwait,0,3
M042915_Australia,3,0
M042916_Maldives,0,5
M042916_China PR,5,0
M042917_Yemen,2,2
M042917_Saudi Arabia,2,2
M042918_Indonesia,0,3
M042918_Thailand,3,0
M042919_Sri Lanka,0,1
M042919_North Korea,1,0
M042920_Turkmenistan,0,2
M042920_South Korea,2,0
M042921_Angola,2,1
M042921_Gambia,1,2
M042922_Guinea-Bissau,2,1
M042922_São Tomé and Príncipe,1,2
M042923_Malawi,1,0
M042923_Botswana,0,1
M042924_Mozambique,2,0
M042924_Mauritius,0,2
M042925_Namibia,2,0
M042925_Eritrea,0,2
M042926_Rwanda,7,0
M042926_Seychelles,0,7
M042927_Zimbabwe,3,1
M042927_Somalia,1,3
M042928_Togo,2,0
M042928_Comoros,0,2
M042929_Eswatini,0,0
M042929_Djibouti,0,0
M042930_Sudan,0,0
M042930_Chad,0,0
M042931_Malaysia,1,2
M042931_United Arab Emirates,2,1
M042932_Turks and Caicos Islands,0,3
M042932_Guadeloupe,3,0
M042933_Jordan,2,4
M042933_Paraguay,4,2
M042934_Dominican Republic,1,0
M042934_El Salvador,0,1
M042935_Argentina,4,0
M042935_Mexico,0,4
M042936_Brazil,0,1
M042936_Peru,1,0
M042937_Colombia,0,0
M042937_Venezuela,0,0
M042938_Ecuador,3,0
M042938_Bolivia,0,3
M042939_Honduras,2,1
M042939_Chile,1,2
M042940_Ivory Coast,2,1
M042940_Tunisia,1,2
M042941_Puerto Rico,0,5
M042941_Guatemala,5,0
M042942_Oman,1,0
M042942_Lebanon,0,1
M042943_Republic of Ireland,3,1
M042943_Bulgaria,1,3
M042944_Ukraine,2,2
M042944_Nigeria,2,2
M042945_Morocco,1,0
M042945_Niger,0,1
M042946_England,5,3
M042946_Kosovo,3,5
M042947_Montserrat,1,1
M042947_Saint Lucia,1,1
M042948_United States,1,1
M042948_Uruguay,1,1
M042949_Cuba,0,1
M042949_Canada,1,0
M042950_Moldova,0,4
M042950_Turkey,4,0
M042951_France,3,0
M042951_Andorra,0,3
M042952_Haiti,1,1
M042952_Curaçao,1,1
M042953_Lithuania,1,5
M042953_Portugal,5,1
M042954_Luxembourg,1,3
M042954_Serbia,3,1
M042955_Montenegro,0,3
M042955_Czech Republic,3,0
M042956_Albania,4,2
M042956_Iceland,2,4
M042957_DR Congo,2,3
M042957_Rwanda,3,2
M042958_Bangladesh,4,1
M042958_Bhutan,1,4
M042959_Botswana,0,0
M042959_Liberia,0,0
W007701_Jamaica,12,1
W007701_Cuba,1,12
W007702_Barbados,3,2
W007702_Saint Lucia,2,3
W007703_Trinidad and Tobago,3,0
W007703_Aruba,0,3
W007704_Saint Kitts and Nevis,0,0
W007704_Dominican Republic,0,0
M042960_Mexico,2,0
M042960_Trinidad and Tobago,0,2
W007705_Zambia,1,0
W007705_Botswana,0,1
W007706_Cuba,6,1
W007706_Barbados,1,6
W007707_Trinidad and Tobago,5,0
W007707_Antigua and Barbuda,0,5
W007708_North Macedonia,4,1
W007708_Kazakhstan,1,4
W007709_Saint Lucia,4,1
W007709_U.S. Virgin Islands,1,4
W007710_Dominican Republic,2,0
W007710_Aruba,0,2
M042961_Bangladesh,2,0
M042961_Bhutan,0,2
W007711_Ivory Coast,0,0
W007711_Nigeria,0,0
W007712_Haiti,10,0
W007712_Suriname,0,10
W007713_Cameroon,2,0
W007713_DR Congo,0,2
W007714_Hungary,0,5
W007714_Sweden,5,0
W007715_Lithuania,0,3
W007715_Switzerland,3,0
W007716_Belarus,1,7
W007716_Norway,7,1
W007717_Jamaica,7,0
W007717_Barbados,0,7
W007718_France,4,0
W007718_Iceland,0,4
W007719_Costa Rica,2,0
W007719_Nicaragua,0,2
W007720_Panama,3,0
W007720_Honduras,0,3
W007721_Antigua and Barbuda,0,2
W007721_Dominican Republic,2,0
W007722_Aruba,1,6
W007722_Saint Kitts and Nevis,6,1
W007723_U.S. Virgin Islands,0,6
W007723_Cuba,6,0
W007724_Ghana,0,0
W007724_Kenya,0,0
W007725_Malta,0,2
W007725_Italy,2,0
W007726_Spain,4,0
W007726_Azerbaijan,0,4
W007727_Latvia,1,2
W007727_Slovakia,2,1
W007728_Denmark,2,0
W007728_Bosnia and Herzegovina,0,2
W007729_Slovenia,2,4
W007729_Netherlands,4,2
W007730_Turkey,0,0
W007730_Estonia,0,0
W007731_United States,2,0
W007731_South Korea,0,2
W007732_Albania,0,1
W007732_Portugal,1,0
M042962_Jordan,0,0
M042962_Singapore,0,0
M042963_Malaysia,6,0
M042963_Sri Lanka,0,6
W007733_England,1,2
W007733_Brazil,2,1
W007734_Germany,8,0
W007734_Ukraine,0,8
W007735_North Macedonia,0,6
W007735_Serbia,6,0
W007736_Puerto Rico,6,1
W007736_Suriname,1,6
W007737_U.S. Virgin Islands,0,4
W007737_Barbados,4,0
W007738_Jamaica,11,0
W007738_Saint Lucia,0,11
W007739_Guatemala,4,0
W007739_Honduras,0,4
W007740_Antigua and Barbuda,2,1
W007740_Aruba,1,2
W007741_Japan,4,0
W007741_Canada,0,4
W007742_United States,1,1
W007742_South Korea,1,1
W007743_Trinidad and Tobago,1,4
W007743_Saint Kitts and Nevis,4,1
W007744_Chile,3,0
W007744_Uruguay,0,3
W007745_Nicaragua,2,1
W007745_El Salvador,1,2
W007746_Puerto Rico,1,2
W007746_Haiti,2,1
W007747_Nigeria,1,1
W007747_Ivory Coast,1,1
W007748_Faroe Islands,0,13
W007748_Norway,13,0
W007749_Belarus,0,1
W007749_Wales,1,0
W007750_Portugal,0,1
W007750_England,1,0
W007751_Poland,1,3
W007751_Brazil,3,1
W007752_Chile,3,1
W007752_Uruguay,1,3
W007753_Trinidad and Tobago,0,0
W007753_Dominican Republic,0,0
W007754_DR Congo,2,1
W007754_Cameroon,1,2
W007755_Kenya,1,0
W007755_Ghana,0,1
W007756_Panama,3,1
W007756_Guatemala,1,3
W007757_Saint Kitts and Nevis,10,0
W007757_Antigua and Barbuda,0,10
W007758_Botswana,0,2
W007758_Zambia,2,0
W007759_Greece,0,5
W007759_Germany,5,0
W007760_Costa Rica,5,0
W007760_El Salvador,0,5
W007761_Republic of Ireland,3,2
W007761_Ukraine,2,3
W007762_Serbia,0,1
W007762_Austria,1,0
W007763_Cuba,6,1
W007763_Saint Lucia,1,6
W007764_Jamaica,7,0
W007764_U.S. Virgin Islands,0,7
W007765_Romania,0,1
W007765_Belgium,1,0
W007766_Estonia,1,2
W007766_Kosovo,2,1
W007767_Netherlands,2,0
W007767_Russia,0,2
W007768_Italy,2,0
W007768_Bosnia and Herzegovina,0,2
W007769_Turkey,1,6
W007769_Slovenia,6,1
W007770_Czech Republic,1,5
W007770_Spain,5,1
W007771_Finland,8,1
W007771_Albania,1,8
W007772_Sweden,7,0
W007772_Slovakia,0,7
W007773_Latvia,0,6
W007773_Iceland,6,0
W007774_Kazakhstan,0,3
W007774_France,3,0
W007775_Georgia,0,2
W007775_Denmark,2,0
W007776_Switzerland,2,0
W007776_Croatia,0,2
M042964_Germany,2,2
M042964_Argentina,2,2
M042965_Bahrain,2,3
M042965_Azerbaijan,3,2
M042966_South Sudan,2,1
M042966_Seychelles,1,2
M042967_Mauritius,1,3
M042967_São Tomé and Príncipe,3,1
M042968_Liberia,1,0
M042968_Chad,0,1
M042969_Djibouti,1,1
M042969_Gambia,1,1
M042970_Iran,14,0
M042970_Cambodia,0,14
M042971_Netherlands,3,1
M042971_Northern Ireland,1,3
M042972_Sint Maarten,2,5
M042972_Turks and Caicos Islands,5,2
M042973_Syria,2,1
M042973_Maldives,1,2
M042974_China PR,7,0
M042974_Guam,0,7
M042975_Jordan,0,0
M042975_Kuwait,0,0
M042976_Belarus,0,0
M042976_Estonia,0,0
M042977_Iraq,2,0
M042977_Hong Kong,0,2
M042978_Uzbekistan,5,0
M042978_Yemen,0,5
M042979_British Virgin Islands,0,4
M042979_Bahamas,4,0
M042980_Saudi Arabia,3,0
M042980_Singapore,0,3
M042981_Oman,3,0
M042981_Afghanistan,0,3
M042982_Japan,6,0
M042982_Mongolia,0,6
M042983_Kyrgyzstan,7,0
M042983_Myanmar,0,7
M042984_United Arab Emirates,5,0
M042984_Indonesia,0,5
M042985_Vietnam,1,0
M042985_Malaysia,0,1
M042986_Lebanon,2,1
M042986_Turkmenistan,1,2
M042987_South Korea,8,0
M042987_Sri Lanka,0,8
M042988_Bangladesh,0,2
M042988_Qatar,2,0
M042989_French Guiana,0,0
M042989_Grenada,0,0
M042990_Australia,5,0
M042990_Nepal,0,5
M042991_Haiti,1,1
M042991_Costa Rica,1,1
M042992_Croatia,3,0
M042992_Hungary,0,3
M042993_Belize,0,4
M042993_Saint Kitts and Nevis,4,0
M042994_North Macedonia,2,1
M042994_Slovenia,1,2
M042995_Latvia,0,3
M042995_Poland,3,0
M042996_Kazakhstan,1,2
M042996_Cyprus,2,1
M042997_Belgium,9,0
M042997_San Marino,0,9
M042998_Russia,4,0
M042998_Scotland,0,4
M042999_Algeria,1,1
M042999_DR Congo,1,1
M043000_Austria,3,1
M043000_Israel,1,3
M043001_Cape Verde,2,1
M043001_Togo,1,2
M043002_Brazil,1,1
M043002_Senegal,1,1
M043003_Trinidad and Tobago,0,2
M043003_Honduras,2,0
M043004_Venezuela,4,1
M043004_Bolivia,1,4
M043005_Thailand,1,1
M043005_Congo,1,1
M043006_Slovakia,1,1
M043006_Wales,1,1
M043007_Niger,1,1
M043007_Zambia,1,1
M043008_Kosovo,1,0
M043008_Gibraltar,0,1
M043009_Gabon,1,0
M043009_Burkina Faso,0,1
M043010_Serbia,1,0
M043010_Paraguay,0,1
M043011_Nicaragua,3,1
M043011_Dominica,1,3
M043012_Saint Vincent and the Grenadines,2,2
M043012_Suriname,2,2
M043013_Antigua and Barbuda,2,1
M043013_Guyana,1,2
M043014_Bermuda,1,5
M043014_Mexico,5,1
M043015_United States,7,0
M043015_Cuba,0,7
M043016_Uruguay,1,0
M043016_Peru,0,1
M043017_Turkey,1,0
M043017_Albania,0,1
M043018_Andorra,1,0
M043018_Moldova,0,1
M043019_Iceland,0,1
M043019_France,1,0
M043020_Portugal,3,0
M043020_Luxembourg,0,3
M043021_Montenegro,0,0
M043021_Bulgaria,0,0
M043022_Czech Republic,2,1
M043022_England,1,2
M043023_Morocco,1,1
M043023_Libya,1,1
M043024_Ukraine,2,0
M043024_Lithuania,0,2
M043025_Jamaica,2,0
M043025_Aruba,0,2
M043026_Norway,1,1
M043026_Spain,1,1
M043027_Saint Martin,3,0
M043027_Cayman Islands,0,3
M043028_Georgia,0,0
M043028_Republic of Ireland,0,0
M043029_Denmark,1,0
M043029_Switzerland,0,1
M043030_Faroe Islands,0,3
M043030_Romania,3,0
M043031_Malta,0,4
M043031_Sweden,4,0
M043032_Bosnia and Herzegovina,4,1
M043032_Finland,1,4
M043033_Anguilla,0,5
M043033_Guatemala,5,0
M043034_Italy,2,0
M043034_Greece,0,2
M043035_Colombia,0,0
M043035_Chile,0,0
M043036_Guinea,0,1
M043036_Comoros,1,0
M043037_Ivory Coast,3,1
M043037_DR Congo,1,3
M043038_Tunisia,0,0
M043038_Cameroon,0,0
M043039_Dominican Republic,3,0
M043039_Saint Lucia,0,3
M043040_Montserrat,0,2
M043040_El Salvador,2,0
M043041_Liechtenstein,1,1
M043041_Armenia,1,1
M043042_Barbados,1,0
M043042_United States Virgin Islands,0,1
M043043_Estonia,0,3
M043043_Germany,3,0
M043044_Grenada,1,0
M043044_French Guiana,0,1
M043045_Hungary,1,0
M043045_Azerbaijan,0,1
M043046_Belarus,1,2
M043046_Netherlands,2,1
M043047_Wales,1,1
M043047_Croatia,1,1
M043048_Poland,2,0
M043048_North Macedonia,0,2
M043049_Slovenia,0,1
M043049_Austria,1,0
M043050_Saint Kitts and Nevis,0,1
M043050_Belize,1,0
M043051_Costa Rica,0,0
M043051_Curaçao,0,0
M043052_Honduras,1,0
M043052_Martinique,0,1
M043053_South Africa,2,1
M043053_Mali,1,2
M043054_Slovakia,1,1
M043054_Paraguay,1,1
M043055_Niger,0,2
M043055_Central African Republic,2,0
M043056_Lesotho,1,1
M043056_Malawi,1,1
M043057_Kenya,0,1
M043057_Mozambique,1,0
M043058_Ethiopia,0,1
M043058_Uganda,1,0
M043059_Equatorial Guinea,1,1
M043059_Togo,1,1
M043060_Ecuador,1,6
M043060_Argentina,6,1
M043061_Brazil,1,1
M043061_Nigeria,1,1
M043062_Benin,2,2
M043062_Zambia,2,2
M043063_Seychelles,0,1
M043063_South Sudan,1,0
M043064_São Tomé and Príncipe,2,1
M043064_Mauritius,1,2
M043065_Chad,1,0
M043065_Liberia,0,1
M043066_Kazakhstan,0,2
M043066_Belgium,2,0
M043067_Cyprus,0,5
M043067_Russia,5,0
M043068_Scotland,6,0
M043068_San Marino,0,6
M043069_British Virgin Islands,3,4
M043069_Bonaire,4,3
M043070_Gambia,1,1
M043070_Djibouti,1,1
M043071_France,1,1
M043071_Turkey,1,1
M043072_Bulgaria,0,6
M043072_England,6,0
M043073_Kosovo,2,0
M043073_Montenegro,0,2
M043074_Sint Maarten,1,2
M043074_Guadeloupe,2,1
M043075_Suriname,0,1
M043075_Saint Vincent and the Grenadines,1,0
M043076_Dominica,0,4
M043076_Nicaragua,4,0
M043077_Guyana,5,1
M043077_Antigua and Barbuda,1,5
M043078_Rwanda,0,0
M043078_Tanzania,0,0
M043079_Venezuela,2,0
M043079_Trinidad and Tobago,0,2
M043080_Czech Republic,2,3
M043080_Northern Ireland,3,2
M043081_Lithuania,1,2
M043081_Serbia,2,1
M043082_Ukraine,2,1
M043082_Portugal,1,2
M043083_Egypt,1,0
M043083_Botswana,0,1
M043084_Iceland,2,0
M043084_Andorra,0,2
M043085_Moldova,0,4
M043085_Albania,4,0
M043086_United States Virgin Islands,0,4
M043086_Barbados,4,0
M043087_Anguilla,2,3
M043087_Puerto Rico,3,2
M043088_Syria,4,0
M043088_Guam,0,4
M043089_Philippines,0,0
M043089_China PR,0,0
M043090_Jordan,3,0
M043090_Nepal,0,3
M043091_Taiwan,1,7
M043091_Australia,7,1
M043092_Cambodia,0,4
M043092_Iraq,4,0
M043093_Bahrain,1,0
M043093_Iran,0,1
M043094_Gibraltar,2,3
M043094_Georgia,3,2
M043095_Singapore,1,3
M043095_Uzbekistan,3,1
M043096_India,1,1
M043096_Bangladesh,1,1
M043097_Qatar,2,1
M043097_Oman,1,2
M043098_Mongolia,1,2
M043098_Kyrgyzstan,2,1
M043099_Tajikistan,0,3
M043099_Japan,3,0
M043100_Thailand,2,1
M043100_United Arab Emirates,1,2
M043101_Indonesia,1,3
M043101_Vietnam,3,1
M043102_North Korea,0,0
M043102_South Korea,0,0
M043103_Sri Lanka,0,3
M043103_Lebanon,3,0
M043104_Cayman Islands,1,0
M043104_Saint Martin,0,1
M043105_Palestine,0,0
M043105_Saudi Arabia,0,0
M043106_Saint Lucia,0,2
M043106_El Salvador,2,0
M043107_Dominican Republic,0,0
M043107_Montserrat,0,0
M043108_Switzerland,2,0
M043108_Republic of Ireland,0,2
M043109_Faroe Islands,1,0
M043109_Malta,0,1
M043110_Sweden,1,1
M043110_Spain,1,1
M043111_Romania,1,1
M043111_Norway,1,1
M043112_Israel,3,1
M043112_Latvia,1,3
M043113_Finland,3,0
M043113_Armenia,0,3
M043114_Liechtenstein,0,5
M043114_Italy,5,0
M043115_Greece,2,1
M043115_Bosnia and Herzegovina,1,2
M043116_Aruba,0,6
M043116_Jamaica,6,0
M043117_Algeria,3,0
M043117_Colombia,0,3
M043118_Bolivia,3,1
M043118_Haiti,1,3
M043119_Chile,3,2
M043119_Guinea,2,3
M043120_Denmark,4,0
M043120_Luxembourg,0,4
M043121_Kuwait,1,1
M043121_Turkmenistan,1,1
M043122_Mauritania,0,0
M043122_Libya,0,0
M043123_Morocco,2,3
M043123_Gabon,3,2
M043124_Peru,1,1
M043124_Uruguay,1,1
M043125_Canada,2,0
M043125_United States,0,2
M043126_Bermuda,0,0
M043126_Guatemala,0,0
M043127_Mexico,3,1
M043127_Panama,1,3
W007777_Montenegro,0,4
W007777_Greece,4,0
M043128_Nicaragua,0,0
M043128_Cuba,0,0
M043129_Egypt,1,0
M043129_Liberia,0,1
W007778_Paraguay,1,2
W007778_Argentina,2,1
W007779_China PR,2,0
W007779_New Zealand,0,2
W007780_Malta,1,1
W007780_Israel,1,1
W007781_Finland,4,0
W007781_Cyprus,0,4
W007782_Azerbaijan,0,4
W007782_Czech Republic,4,0
W007783_Brazil,4,0
W007783_Canada,0,4
W007784_Kenya,2,2
W007784_Zambia,2,2
W007785_United States,3,2
W007785_Sweden,2,3
W007786_Norway,6,0
W007786_Northern Ireland,0,6
W007787_Romania,3,0
W007787_Lithuania,0,3
W007788_Croatia,1,4
W007788_Belgium,4,1
W007789_Slovakia,0,0
W007789_Hungary,0,0
W007790_Albania,0,5
W007790_Scotland,5,0
W007791_Italy,6,0
W007791_Georgia,0,6
W007792_Turkey,0,8
W007792_Netherlands,8,0
W007793_North Macedonia,0,3
W007793_Austria,3,0
M043130_Namibia,0,2
M043130_Zambia,2,0
M043131_Malaysia,1,0
M043131_Tajikistan,0,1
M043132_Uzbekistan,3,1
M043132_Kyrgyzstan,1,3
W007794_Ivory Coast,0,0
W007794_Cameroon,0,0
W007795_France,6,0
W007795_Serbia,0,6
W007796_Australia,2,1
W007796_Chile,1,2
W007797_Argentina,1,0
W007797_Colombia,0,1
W007798_England,1,2
W007798_Germany,2,1
M043133_Nicaragua,0,1
M043133_Cuba,1,0
M043134_Trinidad and Tobago,15,0
M043134_Anguilla,0,15
W007799_China PR,0,0
W007799_Brazil,0,0
W007800_Canada,3,0
W007800_New Zealand,0,3
W007801_Moldova,3,1
W007801_Azerbaijan,1,3
W007802_Japan,2,0
W007802_South Africa,0,2
W007803_United States,6,0
W007803_Costa Rica,0,6
W007804_Zambia,1,0
W007804_Kenya,0,1
W007805_Israel,1,3
W007805_Bosnia and Herzegovina,3,1
W007806_Argentina,2,2
W007806_Colombia,2,2
W007807_Australia,1,0
W007807_Chile,0,1
W007808_Northern Ireland,0,0
W007808_Wales,0,0
W007809_Italy,5,0
W007809_Malta,0,5
W007810_Greece,1,1
W007810_Republic of Ireland,1,1
W007811_Switzerland,6,0
W007811_Romania,0,6
W007812_Netherlands,4,1
W007812_Slovenia,1,4
W007813_Hungary,4,0
W007813_Latvia,0,4
W007814_Portugal,1,1
W007814_Finland,1,1
W007815_Poland,0,0
W007815_Spain,0,0
W007816_Denmark,14,0
W007816_Georgia,0,14
W007817_Belgium,6,0
W007817_Lithuania,0,6
W007818_Austria,9,0
W007818_Kazakhstan,0,9
W007819_Cameroon,2,1
W007819_Ivory Coast,1,2
W007820_Czech Republic,2,3
W007820_England,3,2
M043135_Guinea-Bissau,3,0
M043135_Eswatini,0,3
M043136_Namibia,2,1
M043136_Chad,1,2
M043137_Malawi,1,0
M043137_South Sudan,0,1
M043138_Burkina Faso,0,0
M043138_Uganda,0,0
M043139_Sudan,4,0
M043139_São Tomé and Príncipe,0,4
M043140_Angola,1,3
M043140_Gambia,3,1
M043141_Central African Republic,2,0
M043141_Burundi,0,2
M043142_Cameroon,0,0
M043142_Cape Verde,0,0
M043143_Senegal,2,0
M043143_Congo,0,2
M043144_Nigeria,2,1
M043144_Benin,1,2
M043145_Sierra Leone,1,1
M043145_Lesotho,1,1
M043146_Czech Republic,2,1
M043146_Kosovo,1,2
M043147_Portugal,6,0
M043147_Lithuania,0,6
M043148_Afghanistan,1,1
M043148_India,1,1
M043149_England,7,0
M043149_Montenegro,0,7
M043150_Serbia,3,2
M043150_Luxembourg,2,3
M043151_Algeria,5,0
M043151_Zambia,0,5
M043152_Mali,2,2
M043152_Guinea,2,2
M043153_Egypt,1,1
M043153_Kenya,1,1
M043154_Mozambique,2,0
M043154_Rwanda,0,2
M043155_DR Congo,0,0
M043155_Gabon,0,0
M043156_Ghana,2,0
M043156_South Africa,0,2
M043157_Albania,2,2
M043157_Andorra,2,2
M043158_Togo,0,1
M043158_Comoros,1,0
M043159_France,2,1
M043159_Moldova,1,2
M043160_Martinique,1,1
M043160_Honduras,1,1
M043161_Curaçao,1,2
M043161_Costa Rica,2,1
M043162_Oman,4,1
M043162_Bangladesh,1,4
M043163_Myanmar,4,3
M043163_Tajikistan,3,4
M043164_Kyrgyzstan,0,2
M043164_Japan,2,0
M043165_Vietnam,1,0
M043165_United Arab Emirates,0,1
M043166_Malaysia,2,1
M043166_Thailand,1,2
M043167_Lebanon,0,0
M043167_South Korea,0,0
M043168_Turkmenistan,3,1
M043168_North Korea,1,3
M043169_Uzbekistan,2,3
M043169_Saudi Arabia,3,2
M043170_Hong Kong,0,0
M043170_Bahrain,0,0
M043171_Iraq,2,1
M043171_Iran,1,2
M043172_Kuwait,9,0
M043172_Taiwan,0,9
M043173_Yemen,1,0
M043173_Palestine,0,1
M043174_Jordan,0,1
M043174_Australia,1,0
M043175_Maldives,1,2
M043175_Philippines,2,1
M043176_Ukraine,1,0
M043176_Estonia,0,1
M043177_Republic of Ireland,3,1
M043177_New Zealand,1,3
M043178_Qatar,2,0
M043178_Singapore,0,2
M043179_Ecuador,3,0
M043179_Trinidad and Tobago,0,3
M043180_Cambodia,1,1
M043180_Mongolia,1,1
M043181_Bulgaria,0,1
M043181_Paraguay,1,0
M043182_Turks and Caicos Islands,3,2
M043182_Sint Maarten,2,3
M043183_Bahamas,3,0
M043183_British Virgin Islands,0,3
M043184_Belize,2,0
M043184_French Guiana,0,2
M043185_Saint Kitts and Nevis,0,0
M043185_Grenada,0,0
M043186_Syria,2,1
M043186_China PR,1,2
M043187_Turkey,0,0
M043187_Iceland,0,0
M043188_Armenia,0,1
M043188_Greece,1,0
M043189_Romania,0,2
M043189_Sweden,2,0
M043190_Hungary,1,2
M043190_Uruguay,2,1
M043191_Colombia,1,0
M043191_Peru,0,1
M043192_Suriname,4,0
M043192_Dominica,0,4
M043193_Saint Vincent and the Grenadines,1,0
M043193_Nicaragua,0,1
M043194_Guyana,4,2
M043194_Aruba,2,4
M043195_Panama,0,3
M043195_Mexico,3,0
M043196_United States,4,1
M043196_Canada,1,4
M043197_Bosnia and Herzegovina,0,3
M043197_Italy,3,0
M043198_Brazil,0,1
M043198_Argentina,1,0
M043199_Antigua and Barbuda,0,2
M043199_Jamaica,2,0
M043200_Spain,7,0
M043200_Malta,0,7
M043201_Finland,3,0
M043201_Liechtenstein,0,3
M043202_Zimbabwe,0,0
M043202_Botswana,0,0
M043203_Tanzania,2,1
M043203_Equatorial Guinea,1,2
M043204_Tunisia,4,1
M043204_Libya,1,4
M043205_Morocco,0,0
M043205_Mauritania,0,0
M043206_Switzerland,1,0
M043206_Georgia,0,1
M043207_Norway,4,0
M043207_Faroe Islands,0,4
M043208_Denmark,6,0
M043208_Gibraltar,0,6
M043209_Russia,1,4
M043209_Belgium,4,1
M043210_Guatemala,5,0
M043210_Puerto Rico,0,5
M043211_Cayman Islands,1,0
M043211_United States Virgin Islands,0,1
M043212_Saint Martin,1,0
M043212_Barbados,0,1
M043213_El Salvador,1,0
M043213_Montserrat,0,1
M043214_Saint Lucia,1,0
M043214_Dominican Republic,0,1
M043215_San Marino,1,3
M043215_Kazakhstan,3,1
M043216_Madagascar,1,0
M043216_Ethiopia,0,1
M043217_Israel,1,2
M043217_Poland,2,1
M043218_Austria,2,1
M043218_North Macedonia,1,2
M043219_Slovenia,1,0
M043219_Latvia,0,1
M043220_Azerbaijan,0,2
M043220_Wales,2,0
M043221_Croatia,3,1
M043221_Slovakia,1,3
M043222_Germany,4,0
M043222_Belarus,0,4
M043223_Northern Ireland,0,0
M043223_Netherlands,0,0
M043224_Ivory Coast,1,0
M043224_Niger,0,1
M043225_Cyprus,1,2
M043225_Scotland,2,1
W007821_Burundi,5,0
W007821_Zanzibar,0,5
W007822_Tanzania,9,0
W007822_South Sudan,0,9
M043226_South Sudan,1,2
M043226_Burkina Faso,2,1
M043227_Chad,0,2
M043227_Mali,2,0
M043228_Guinea,2,0
M043228_Namibia,0,2
M043229_Uganda,2,0
M043229_Malawi,0,2
M043230_Benin,1,0
M043230_Sierra Leone,0,1
M043231_Gabon,2,1
M043231_Angola,1,2
M043232_Guadeloupe,10,0
M043232_Turks and Caicos Islands,0,10
M043233_Bonaire,1,1
M043233_Bahamas,1,1
M043234_French Guiana,3,1
M043234_Saint Kitts and Nevis,1,3
M043235_Grenada,3,2
M043235_Belize,2,3
M043236_Costa Rica,1,1
M043236_Haiti,1,1
M043237_Honduras,4,0
M043237_Trinidad and Tobago,0,4
M043238_Lithuania,1,0
M043238_New Zealand,0,1
M043239_Moldova,1,2
M043239_Iceland,2,1
M043240_Albania,0,2
M043240_France,2,0
M043241_Serbia,2,2
M043241_Ukraine,2,2
M043242_Luxembourg,0,2
M043242_Portugal,2,0
M043243_Bulgaria,1,0
M043243_Czech Republic,0,1
M043244_Kosovo,0,4
M043244_England,4,0
M043245_Lesotho,2,4
M043245_Nigeria,4,2
M043246_Andorra,0,2
M043246_Turkey,2,0
M043247_Eswatini,1,4
M043247_Senegal,4,1
M043248_South Africa,1,0
M043248_Sudan,0,1
M043249_Rwanda,0,1
M043249_Cameroon,1,0
M043250_Congo,3,0
M043250_Guinea-Bissau,0,3
W007823_Ethiopia,0,2
W007823_Kenya,2,0
W007824_Uganda,13,0
W007824_Djibouti,0,13
M043251_Niger,2,6
M043251_Madagascar,6,2
M043252_Argentina,2,2
M043252_Uruguay,2,2
M043253_Dominica,1,0
M043253_Saint Vincent and the Grenadines,0,1
M043254_Nicaragua,1,2
M043254_Suriname,2,1
M043255_Aruba,2,3
M043255_Antigua and Barbuda,3,2
M043256_Jamaica,1,1
M043256_Guyana,1,1
M043257_Republic of Ireland,1,1
M043257_Denmark,1,1
M043258_Greece,2,1
M043258_Finland,1,2
M043259_Italy,9,1
M043259_Armenia,1,9
M043260_Sweden,3,0
M043260_Faroe Islands,0,3
M043261_Spain,5,0
M043261_Romania,0,5
M043262_Malta,1,2
M043262_Norway,2,1
M043263_São Tomé and Príncipe,0,1
M043263_Ghana,1,0
M043264_Gambia,2,2
M043264_DR Congo,2,2
M043265_Cape Verde,2,2
M043265_Mozambique,2,2
M043266_Gibraltar,1,6
M043266_Switzerland,6,1
M043267_Kenya,1,1
M043267_Togo,1,1
M043268_Liechtenstein,0,3
M043268_Bosnia and Herzegovina,3,0
M043269_Comoros,0,0
M043269_Egypt,0,0
M043270_Botswana,0,1
M043270_Algeria,1,0
W007825_South Sudan,5,0
W007825_Zanzibar,0,5
W007826_Tanzania,4,0
W007826_Burundi,0,4
M043271_Wales,2,0
M043271_Hungary,0,2
M043272_Barbados,3,0
M043272_Cayman Islands,0,3
M043273_United States Virgin Islands,1,2
M043273_Saint Martin,2,1
M043274_Lebanon,0,0
M043274_North Korea,0,0
M043275_Turkmenistan,2,0
M043275_Sri Lanka,0,2
M043276_Malaysia,2,0
M043276_Indonesia,0,2
M043277_Vietnam,0,0
M043277_Thailand,0,0
M043278_Kyrgyzstan,1,1
M043278_Tajikistan,1,1
M043279_Myanmar,1,0
M043279_Mongolia,0,1
M043280_Oman,1,0
M043280_India,0,1
M043281_Afghanistan,0,1
M043281_Qatar,1,0
M043282_Yemen,1,2
M043282_Singapore,2,1
M043283_Uzbekistan,2,0
M043283_Palestine,0,2
M043284_Hong Kong,2,0
M043284_Cambodia,0,2
M043285_Iraq,0,0
M043285_Bahrain,0,0
M043286_Jordan,5,0
M043286_Taiwan,0,5
M043287_Nepal,0,1
M043287_Kuwait,1,0
M043288_Syria,1,0
M043288_Philippines,0,1
M043289_Maldives,3,1
M043289_Guam,1,3
M043290_Saudi Arabia,0,0
M043290_Paraguay,0,0
M043291_Montenegro,2,0
M043291_Belarus,0,2
M043292_Ecuador,0,1
M043292_Colombia,1,0
M043293_Croatia,2,1
M043293_Georgia,1,2
M043294_Saint Lucia,0,1
M043294_Montserrat,1,0
M043295_El Salvador,2,0
M043295_Dominican Republic,0,2
M043296_Mexico,2,1
M043296_Bermuda,1,2
M043297_Cuba,0,4
M043297_United States,4,0
M043298_Burundi,0,3
M043298_Morocco,3,0
M043299_Mauritania,2,0
M043299_Central African Republic,0,2
M043300_Zambia,1,2
M043300_Zimbabwe,2,1
M043301_Equatorial Guinea,0,1
M043301_Tunisia,1,0
M043302_Brazil,3,0
M043302_South Korea,0,3
M043303_Ethiopia,2,1
M043303_Ivory Coast,1,2
M043304_Germany,6,1
M043304_Northern Ireland,1,6
M043305_Libya,2,1
M043305_Tanzania,1,2
M043306_Slovakia,2,0
M043306_Azerbaijan,0,2
M043307_North Macedonia,1,0
M043307_Israel,0,1
M043308_Japan,1,4
M043308_Venezuela,4,1
M043309_Poland,3,2
M043309_Slovenia,2,3
M043310_Latvia,1,0
M043310_Austria,0,1
M043311_Scotland,3,1
M043311_Kazakhstan,1,3
M043312_Belgium,6,1
M043312_Cyprus,1,6
M043313_San Marino,0,5
M043313_Russia,5,0
M043314_Netherlands,5,0
M043314_Estonia,0,5
M043315_Puerto Rico,3,0
M043315_Anguilla,0,3
W007827_Uganda,1,0
W007827_Ethiopia,0,1
W007828_Kenya,12,0
W007828_Djibouti,0,12
W007829_South Sudan,0,3
W007829_Burundi,3,0
W007830_Tanzania,7,0
W007830_Zanzibar,0,7
M043316_Guatemala,8,0
M043316_Antigua and Barbuda,0,8
W007831_Djibouti,0,8
W007831_Ethiopia,8,0
W007832_Kenya,3,0
W007832_Uganda,0,3
W007833_Tanzania,1,0
W007833_Uganda,0,1
W007834_Kenya,5,0
W007834_Burundi,0,5
W007835_Tanzania,0,2
W007835_Kenya,2,0
W007836_Burundi,0,2
W007836_Uganda,2,0
M043317_United Arab Emirates,3,0
M043317_Yemen,0,3
M043318_Qatar,1,2
M043318_Iraq,2,1
W007837_Vietnam,1,1
W007837_Thailand,1,1
W007838_Philippines,0,0
W007838_Myanmar,0,0
M043319_Oman,0,0
M043319_Bahrain,0,0
M043320_Saudi Arabia,1,3
M043320_Kuwait,3,1
M043321_Qatar,6,0
M043321_Yemen,0,6
M043322_United Arab Emirates,0,2
M043322_Iraq,2,0
W007839_Indonesia,0,6
W007839_Vietnam,6,0
W007840_Philippines,5,0
W007840_Malaysia,0,5
M043323_Kuwait,1,2
M043323_Oman,2,1
M043324_Bahrain,0,2
M043324_Saudi Arabia,2,0
M043325_Oman,1,3
M043325_Saudi Arabia,3,1
M043326_Kuwait,2,4
M043326_Bahrain,4,2
M043327_Qatar,4,2
M043327_United Arab Emirates,2,4
M043328_Yemen,0,0
M043328_Iraq,0,0
W007841_Thailand,5,1
W007841_Indonesia,1,5
W007842_Myanmar,5,0
W007842_Malaysia,0,5
W007843_India,5,0
W007843_Maldives,0,5
W007844_Nepal,1,0
W007844_Sri Lanka,0,1
M043329_Qatar,0,1
M043329_Saudi Arabia,1,0
M043330_Iraq,2,2
M043330_Bahrain,2,2
W007845_Nepal,3,0
W007845_Maldives,0,3
W007846_Sri Lanka,0,6
W007846_India,6,0
W007847_Philippines,0,2
W007847_Vietnam,2,0
W007848_Myanmar,0,1
W007848_Thailand,1,0
W007849_Maldives,2,1
W007849_Sri Lanka,1,2
W007850_Nepal,0,1
W007850_India,1,0
M043331_Luhansk PR,4,3
M043331_South Ossetia,3,4
M043332_Bahrain,1,0
M043332_Saudi Arabia,0,1
W007851_Philippines,1,2
W007851_Myanmar,2,1
W007852_Thailand,0,1
W007852_Vietnam,1,0
W007853_Nepal,0,2
W007853_India,2,0
M043333_China PR,1,2
M043333_Japan,2,1
W007854_South Korea,0,0
W007854_China PR,0,0
M043334_South Korea,2,0
M043334_Hong Kong,0,2
W007855_Taiwan,0,9
W007855_Japan,9,0
W007856_Brazil,6,0
W007856_Mexico,0,6
M043335_Japan,5,0
M043335_Hong Kong,0,5
W007857_China PR,0,3
W007857_Japan,3,0
M043336_South Korea,1,0
M043336_China PR,0,1
W007858_Brazil,4,0
W007858_Mexico,0,4
W007859_South Korea,3,0
W007859_Taiwan,0,3
W007860_South Korea,0,1
W007860_Japan,1,0
W007861_Taiwan,0,1
W007861_China PR,1,0
M043337_South Korea,1,0
M043337_Japan,0,1
M043338_Hong Kong,0,2
M043338_China PR,2,0
M043339_Chagos Islands,0,6
M043339_Panjab,6,0
M043340_Barbados,1,4
M043340_Canada,4,1
M043341_Moldova,0,1
M043341_Sweden,1,0
M043342_Barbados,1,4
M043342_Canada,4,1
M043343_Kosovo,0,1
M043343_Sweden,1,0
M043344_Canada,0,1
M043344_Iceland,1,0
M043345_El Salvador,0,1
M043345_Iceland,1,0
W007862_United States,4,0
W007862_Haiti,0,4
W007863_Costa Rica,6,1
W007863_Panama,1,6
W007864_Canada,11,0
W007864_Saint Kitts and Nevis,0,11
W007865_Mexico,1,0
W007865_Jamaica,0,1
W007866_Haiti,0,2
W007866_Costa Rica,2,0
W007867_United States,8,0
W007867_Panama,0,8
M043346_United States,1,0
M043346_Costa Rica,0,1
W007868_Saint Kitts and Nevis,0,6
W007868_Mexico,6,0
W007869_Jamaica,0,9
W007869_Canada,9,0
W007870_Panama,0,6
W007870_Haiti,6,0
W007871_United States,6,0
W007871_Costa Rica,0,6
W007872_South Korea,7,0
W007872_Myanmar,0,7
W007873_Thailand,0,1
W007873_Taiwan,1,0
W007874_Canada,2,0
W007874_Mexico,0,2
W007875_Jamaica,7,0
W007875_Saint Kitts and Nevis,0,7
W007876_Vietnam,1,0
W007876_Myanmar,0,1
W007877_Australia,7,0
W007877_Taiwan,0,7
W007878_Canada,1,0
W007878_Costa Rica,0,1
W007879_United States,4,0
W007879_Mexico,0,4
W007880_China PR,6,1
W007880_Thailand,1,6
W007881_South Korea,3,0
W007881_Vietnam,0,3
W007882_United States,3,0
W007882_Canada,0,3
W007883_Australia,6,0
W007883_Thailand,0,6
W007884_Taiwan,0,5
W007884_China PR,5,0
W007885_Australia,1,1
W007885_China PR,1,1
W007886_Equatorial Guinea,2,1
W007886_Gabon,1,2
W007887_Central African Republic,0,0
W007887_Chad,0,0
W007888_Equatorial Guinea,1,1
W007888_DR Congo,1,1
W007889_Gabon,1,1
W007889_Central African Republic,1,1
W007890_Chad,2,2
W007890_Gabon,2,2
W007891_DR Congo,4,0
W007891_Central African Republic,0,4
W007892_Equatorial Guinea,4,1
W007892_Central African Republic,1,4
W007893_DR Congo,4,2
W007893_Chad,2,4
W007894_Sierra Leone,0,0
W007894_Cape Verde,0,0
W007895_Guinea,0,1
W007895_Senegal,1,0
W007896_DR Congo,0,0
W007896_Gabon,0,0
W007897_Equatorial Guinea,1,1
W007897_Chad,1,1
W007898_Cape Verde,0,2
W007898_Senegal,2,0
W007899_Sierra Leone,0,0
W007899_Guinea,0,0
W007900_Mali,6,0
W007900_Gambia,0,6
W007901_Liberia,4,0
W007901_Guinea-Bissau,0,4
W007902_Equatorial Guinea,0,0
W007902_DR Congo,0,0
W007903_Mali,3,0
W007903_Liberia,0,3
W007904_Gambia,5,2
W007904_Guinea-Bissau,2,5
W007905_Cape Verde,3,0
W007905_Guinea,0,3
W007906_Sierra Leone,1,1
W007906_Senegal,1,1
W007907_Guinea-Bissau,0,2
W007907_Mali,2,0
W007908_Gambia,1,2
W007908_Liberia,2,1
W007909_Mali,4,0
W007909_Cape Verde,0,4
W007910_France,1,0
W007910_Canada,0,1
W007911_Netherlands,0,0
W007911_Brazil,0,0
W007912_Denmark,1,2
W007912_Norway,2,1
W007913_Germany,1,0
W007913_Sweden,0,1
W007914_New Zealand,1,1
W007914_Belgium,1,1
W007915_Portugal,1,2
W007915_Italy,2,1
W007916_Romania,4,1
W007916_Hong Kong,1,4
W007917_Chile,3,0
W007917_Ghana,0,3
W007918_Northern Ireland,0,1
W007918_Iceland,1,0
W007919_Ukraine,0,3
W007919_Scotland,3,0
W007920_Senegal,2,1
W007920_Liberia,1,2
W007921_Czech Republic,1,1
W007921_Finland,1,1
W007922_Croatia,1,1
W007922_Mexico,1,1
W007923_Malta,2,1
W007923_Georgia,1,2
W007924_Spain,3,1
W007924_Japan,1,3
W007925_Bosnia and Herzegovina,1,0
W007925_Israel,0,1
W007926_United States,2,0
W007926_England,0,2
W007927_Cameroon,3,2
W007927_Zambia,2,3
W007928_Republic of Ireland,1,0
W007928_Greece,0,1
W007929_Australia,5,0
W007929_Vietnam,0,5
W007930_Wales,2,0
W007930_Estonia,0,2
W007931_Kosovo,0,5
W007931_Russia,5,0
W007932_Serbia,8,1
W007932_North Macedonia,1,8
W007933_Canada,0,0
W007933_Netherlands,0,0
W007934_France,1,0
W007934_Brazil,0,1
W007935_Senegal,3,0
W007935_Mali,0,3
W007936_Liberia,1,0
W007936_Cape Verde,0,1
W007937_Poland,5,0
W007937_Moldova,0,5
W007938_Ukraine,4,0
W007938_Northern Ireland,0,4
W007939_Kenya,0,5
W007939_Chile,5,0
W007940_Belarus,1,1
W007940_Romania,1,1
W007941_Scotland,1,0
W007941_Iceland,0,1
W007942_New Zealand,0,3
W007942_Italy,3,0
W007943_Germany,4,0
W007943_Norway,0,4
W007944_Portugal,0,1
W007944_Belgium,1,0
W007945_Sweden,1,2
W007945_Denmark,2,1
W007946_Hong Kong,0,4
W007946_Hungary,4,0
W007947_Japan,0,1
W007947_England,1,0
W007948_United States,1,0
W007948_Spain,0,1
W007949_Finland,2,3
W007949_Croatia,3,2
W007950_Mexico,2,2
W007950_Slovakia,2,2
W007951_Iceland,1,0
W007951_Ukraine,0,1
W007952_Malta,2,3
W007952_Bosnia and Herzegovina,3,2
W007953_Zambia,2,1
W007953_Cameroon,1,2
W007954_Israel,4,0
W007954_Georgia,0,4
W007955_Kosovo,0,3
W007955_Slovenia,3,0
W007956_Northern Ireland,1,2
W007956_Scotland,2,1
W007957_Ghana,3,1
W007957_Kenya,1,3
W007958_Belgium,0,4
W007958_Denmark,4,0
W007959_Italy,0,3
W007959_Germany,3,0
W007960_New Zealand,1,2
W007960_Norway,2,1
W007961_France,3,3
W007961_Netherlands,3,3
W007962_Brazil,2,2
W007962_Canada,2,2
W007963_Portugal,0,2
W007963_Sweden,2,0
W007964_Romania,1,7
W007964_Hungary,7,1
W007965_Vietnam,1,2
W007965_Australia,2,1
W007966_Slovakia,2,4
W007966_Finland,4,2
W007967_Mexico,0,0
W007967_Czech Republic,0,0
W007968_Azerbaijan,0,5
W007968_Poland,5,0
W007969_England,0,1
W007969_Spain,1,0
W007970_Montenegro,0,3
W007970_Republic of Ireland,3,0
W007971_United States,3,1
W007971_Japan,1,3
W007972_Cyprus,0,2
W007972_Albania,2,0
M043347_Latvia,0,0
M043347_Andorra,0,0
M043348_Germany,1,1
M043348_Spain,1,1
M043349_Ukraine,2,1
M043349_Switzerland,1,2
M043350_Russia,3,1
M043350_Serbia,1,3
M043351_Turkey,0,1
M043351_Hungary,1,0
M043352_Bulgaria,1,1
M043352_Republic of Ireland,1,1
M043353_Finland,0,1
M043353_Wales,1,0
M043354_Moldova,1,1
M043354_Kosovo,1,1
M043355_Slovenia,0,0
M043355_Greece,0,0
M043356_Faroe Islands,3,2
M043356_Malta,2,3
M043357_Italy,1,1
M043357_Bosnia and Herzegovina,1,1
M043358_Netherlands,1,0
M043358_Poland,0,1
M043359_Norway,1,2
M043359_Austria,2,1
M043360_Romania,1,1
M043360_Northern Ireland,1,1
M043361_Scotland,1,1
M043361_Israel,1,1
M043362_Slovakia,1,3
M043362_Czech Republic,3,1
M043363_Lithuania,0,2
M043363_Kazakhstan,2,0
M043364_Belarus,0,2
M043364_Albania,2,0
M043365_Estonia,0,1
M043365_Georgia,1,0
M043366_Iceland,0,1
M043366_England,1,0
M043367_Denmark,0,2
M043367_Belgium,2,0
M043368_Sweden,0,1
M043368_France,1,0
M043369_Cyprus,0,2
M043369_Montenegro,2,0
M043370_Azerbaijan,1,2
M043370_Luxembourg,2,1
M043371_North Macedonia,2,1
M043371_Armenia,1,2
M043372_Gibraltar,1,0
M043372_San Marino,0,1
M043373_Portugal,4,1
M043373_Croatia,1,4
M043374_Slovenia,1,0
M043374_Moldova,0,1
M043375_Republic of Ireland,0,1
M043375_Finland,1,0
M043376_Spain,4,0
M043376_Ukraine,0,4
M043377_Switzerland,1,1
M043377_Germany,1,1
M043378_Hungary,2,3
M043378_Russia,3,2
M043379_Kosovo,1,2
M043379_Greece,2,1
M043380_Andorra,0,1
M043380_Faroe Islands,1,0
M043381_Malta,1,1
M043381_Latvia,1,1
M043382_Serbia,0,0
M043382_Turkey,0,0
M043383_Wales,1,0
M043383_Bulgaria,0,1
M043384_Northern Ireland,1,5
M043384_Norway,5,1
M043385_Netherlands,0,1
M043385_Italy,1,0
M043386_Bosnia and Herzegovina,1,2
M043386_Poland,2,1
M043387_Kazakhstan,1,2
M043387_Belarus,2,1
M043388_Israel,1,1
M043388_Slovakia,1,1
M043389_Albania,0,1
M043389_Lithuania,1,0
M043390_Austria,2,3
M043390_Romania,3,2
M043391_Czech Republic,1,2
M043391_Scotland,2,1
M043392_Belgium,5,1
M043392_Iceland,1,5
M043393_France,4,2
M043393_Croatia,2,4
M043394_Sweden,0,2
M043394_Portugal,2,0
M043395_Luxembourg,0,1
M043395_Montenegro,1,0
M043396_Cyprus,0,1
M043396_Azerbaijan,1,0
M043397_Armenia,2,0
M043397_Estonia,0,2
M043398_Georgia,1,1
M043398_North Macedonia,1,1
M043399_San Marino,0,2
M043399_Liechtenstein,2,0
M043400_Denmark,0,0
M043400_England,0,0
W007973_Iceland,9,0
W007973_Latvia,0,9
W007974_Sweden,8,0
W007974_Hungary,0,8
W007975_Bosnia and Herzegovina,0,4
W007975_Denmark,4,0
W007976_Serbia,0,2
W007976_France,2,0
W007977_Belgium,6,1
W007977_Romania,1,6
W007978_Faroe Islands,0,6
W007978_Northern Ireland,6,0
W007979_Montenegro,1,3
W007979_Ukraine,3,1
W007980_Croatia,1,1
W007980_Switzerland,1,1
W007981_Russia,0,1
W007981_Netherlands,1,0
W007982_Kosovo,2,0
W007982_Estonia,0,2
W007983_Slovenia,3,1
W007983_Turkey,1,3
W007984_Czech Republic,0,0
W007984_Poland,0,0
W007985_Germany,3,0
W007985_Republic of Ireland,0,3
W007986_Moldova,0,9
W007986_Spain,9,0
W007987_Bosnia and Herzegovina,0,5
W007987_Italy,5,0
W007988_Faroe Islands,0,2
W007988_Belarus,2,0
W007989_Norway,1,0
W007989_Wales,0,1
W007990_Ukraine,4,0
W007990_Greece,0,4
W007991_Montenegro,0,3
W007991_Germany,3,0
W007992_Switzerland,2,1
W007992_Belgium,1,2
W007993_Romania,4,1
W007993_Croatia,1,4
W007994_North Macedonia,0,7
W007994_France,7,0
W007995_Kazakhstan,0,5
W007995_Austria,5,0
W007996_Iceland,1,1
W007996_Sweden,1,1
W007997_Latvia,0,5
W007997_Hungary,5,0
W007998_Poland,0,2
W007998_Czech Republic,2,0
W007999_Estonia,0,3
W007999_Russia,3,0
W008000_Malta,0,8
W008000_Denmark,8,0
M043401_Nicaragua,0,0
M043401_Guatemala,0,0
M043402_Luxembourg,1,2
M043402_Liechtenstein,2,1
M043403_Germany,3,3
M043403_Turkey,3,3
M043404_France,7,1
M043404_Ukraine,1,7
M043405_Denmark,4,0
M043405_Faroe Islands,0,4
M043406_Malta,2,0
M043406_Gibraltar,0,2
M043407_Cyprus,1,2
M043407_Czech Republic,2,1
M043408_Austria,2,1
M043408_Greece,1,2
M043409_Andorra,1,2
M043409_Cape Verde,2,1
M043410_Estonia,1,3
M043410_Lithuania,3,1
M043411_Montenegro,1,1
M043411_Latvia,1,1
M043412_Italy,6,0
M043412_Moldova,0,6
M043413_Poland,5,1
M043413_Finland,1,5
M043414_Portugal,0,0
M043414_Spain,0,0
M043415_Slovenia,4,0
M043415_San Marino,0,4
M043416_Switzerland,1,2
M043416_Croatia,2,1
M043417_Zambia,1,0
M043417_Malawi,0,1
M043418_Netherlands,0,1
M043418_Mexico,1,0
M043419_North Macedonia,2,1
M043419_Kosovo,1,2
M043420_Georgia,1,0
M043420_Belarus,0,1
M043421_Norway,1,2
M043421_Serbia,2,1
M043422_Scotland,0,0
M043422_Israel,0,0
M043423_Slovakia,0,0
M043423_Republic of Ireland,0,0
M043424_Bosnia and Herzegovina,1,1
M043424_Northern Ireland,1,1
M043425_Bulgaria,1,3
M043425_Hungary,3,1
M043426_Belgium,1,1
M043426_Ivory Coast,1,1
M043427_Argentina,1,0
M043427_Ecuador,0,1
M043428_Uruguay,2,1
M043428_Chile,1,2
M043429_Paraguay,2,2
M043429_Peru,2,2
M043430_Uzbekistan,1,2
M043430_Iran,2,1
M043431_South Africa,1,1
M043431_Namibia,1,1
M043432_Russia,1,2
M043432_Sweden,2,1
M043433_Iceland,2,1
M043433_Romania,1,2
M043434_England,3,0
M043434_Wales,0,3
M043435_Brazil,5,0
M043435_Bolivia,0,5
M043436_Colombia,3,0
M043436_Venezuela,0,3
M043437_Tunisia,3,0
M043437_Sudan,0,3
M043438_Nigeria,0,1
M043438_Algeria,1,0
M043439_Mauritania,2,1
M043439_Sierra Leone,1,2
M043440_Mali,3,0
M043440_Ghana,0,3
M043441_Kenya,2,1
M043441_Zambia,1,2
M043442_Japan,0,0
M043442_Cameroon,0,0
M043443_Congo,0,1
M043443_Gambia,1,0
M043444_Burkina Faso,3,0
M043444_DR Congo,0,3
M043445_Morocco,3,1
M043445_Senegal,1,3
M043446_Niger,2,0
M043446_Chad,0,2
M043447_Honduras,1,1
M043447_Nicaragua,1,1
M043448_Costa Rica,0,1
M043448_Panama,1,0
M043449_Cape Verde,1,2
M043449_Guinea,2,1
M043450_Faroe Islands,1,1
M043450_Latvia,1,1
M043451_Andorra,0,0
M043451_Malta,0,0
M043452_Spain,1,0
M043452_Switzerland,0,1
M043453_Ukraine,1,2
M043453_Germany,2,1
M043454_Liechtenstein,0,1
M043454_Gibraltar,1,0
M043455_Montenegro,2,0
M043455_Azerbaijan,0,2
M043456_Luxembourg,2,0
M043456_Cyprus,0,2
M043457_Tanzania,0,1
M043457_Burundi,1,0
M043458_South Africa,1,2
M043458_Zambia,2,1
M043459_Malawi,0,0
M043459_Zimbabwe,0,0
M043460_Finland,2,0
M043460_Bulgaria,0,2
M043461_Lithuania,2,2
M043461_Belarus,2,2
M043462_Kazakhstan,0,0
M043462_Albania,0,0
M043463_Greece,2,0
M043463_Moldova,0,2
M043464_Kosovo,0,1
M043464_Slovenia,1,0
M043465_Estonia,3,3
M043465_North Macedonia,3,3
M043466_Armenia,2,2
M043466_Georgia,2,2
M043467_Gabon,0,2
M043467_Benin,2,0
M043468_Republic of Ireland,0,0
M043468_Wales,0,0
M043469_Serbia,0,1
M043469_Hungary,1,0
M043470_Israel,1,2
M043470_Czech Republic,2,1
M043471_Scotland,1,0
M043471_Slovakia,0,1
M043472_Northern Ireland,0,1
M043472_Austria,1,0
M043473_Norway,4,0
M043473_Romania,0,4
M043474_France,0,0
M043474_Portugal,0,0
M043475_Croatia,2,1
M043475_Sweden,1,2
M043476_Iceland,0,3
M043476_Denmark,3,0
M043477_England,2,1
M043477_Belgium,1,2
M043478_Poland,0,0
M043478_Italy,0,0
M043479_Russia,1,1
M043479_Turkey,1,1
M043480_Bosnia and Herzegovina,0,0
M043480_Netherlands,0,0
M043481_Burkina Faso,2,1
M043481_Madagascar,1,2
M043482_Ghana,5,1
M043482_Qatar,1,5
M043483_Togo,1,1
M043483_Sudan,1,1
M043484_United Arab Emirates,1,2
M043484_Uzbekistan,2,1
M043485_Morocco,1,1
M043485_DR Congo,1,1
M043486_Peru,2,4
M043486_Brazil,4,2
M043487_Mexico,2,2
M043487_Algeria,2,2
M043488_Japan,1,0
M043488_Ivory Coast,0,1
M043489_Costa Rica,0,1
M043489_Panama,1,0
M043490_Liechtenstein,0,0
M043490_San Marino,0,0
M043491_Faroe Islands,2,0
M043491_Andorra,0,2
M043492_Latvia,0,1
M043492_Malta,1,0
M043493_Montenegro,1,2
M043493_Luxembourg,2,1
M043494_Chile,2,2
M043494_Colombia,2,2
M043495_Azerbaijan,0,0
M043495_Cyprus,0,0
M043496_Germany,3,3
M043496_Switzerland,3,3
M043497_Cameroon,0,0
M043497_South Sudan,0,0
M043498_Niger,1,0
M043498_Sierra Leone,0,1
M043499_Nigeria,1,1
M043499_Tunisia,1,1
M043500_Bolivia,1,2
M043500_Argentina,2,1
M043501_Ecuador,4,2
M043501_Uruguay,2,4
M043502_Venezuela,0,1
M043502_Paraguay,1,0
M043503_Ukraine,1,0
M043503_Spain,0,1
M043504_Mozambique,0,3
M043504_Angola,3,0
M043505_North Macedonia,1,1
M043505_Georgia,1,1
M043506_Croatia,1,2
M043506_France,2,1
M043507_Lithuania,0,0
M043507_Albania,0,0
M043508_Moldova,0,4
M043508_Slovenia,4,0
M043509_Greece,0,0
M043509_Kosovo,0,0
M043510_Estonia,1,1
M043510_Armenia,1,1
M043511_Bulgaria,0,1
M043511_Wales,1,0
M043512_Finland,1,0
M043512_Republic of Ireland,0,1
M043513_Turkey,2,2
M043513_Serbia,2,2
M043514_Russia,0,0
M043514_Hungary,0,0
M043515_Slovakia,2,3
M043515_Israel,3,2
M043516_Italy,1,1
M043516_Netherlands,1,1
M043517_Poland,3,0
M043517_Bosnia and Herzegovina,0,3
M043518_Iceland,1,2
M043518_Belgium,2,1
M043519_England,0,1
M043519_Denmark,1,0
M043520_Portugal,3,0
M043520_Sweden,0,3
M043521_Scotland,1,0
M043521_Czech Republic,0,1
M043522_Belarus,2,0
M043522_Kazakhstan,0,2
M043523_Norway,1,0
M043523_Northern Ireland,0,1
M043524_Romania,0,1
M043524_Austria,1,0
W008001_Denmark,4,0
W008001_Israel,0,4
W008002_Sweden,7,0
W008002_Latvia,0,7
W008003_Greece,1,0
W008003_Montenegro,0,1
W008004_Wales,4,0
W008004_Faroe Islands,0,4
W008005_Spain,4,0
W008005_Czech Republic,0,4
W008006_Poland,3,0
W008006_Azerbaijan,0,3
W008007_Russia,1,0
W008007_Slovenia,0,1
W008008_Cyprus,0,3
W008008_Portugal,3,0
W008009_Scotland,3,0
W008009_Albania,0,3
W008010_Hungary,1,2
W008010_Slovakia,2,1
W008011_France,11,0
W008011_North Macedonia,0,11
W008012_Lithuania,0,4
W008012_Romania,4,0
W008013_Turkey,0,0
W008013_Kosovo,0,0
W008014_Netherlands,7,0
W008014_Estonia,0,7
W008015_Ukraine,1,0
W008015_Republic of Ireland,0,1
W008016_Serbia,4,1
W008016_Kazakhstan,1,4
W008017_Austria,0,0
W008017_France,0,0
W008018_Lithuania,0,9
W008018_Belgium,9,0
W008019_Greece,0,4
W008019_Ukraine,4,0
W008020_Wales,0,1
W008020_Norway,1,0
W008021_Belarus,0,1
W008021_Northern Ireland,1,0
W008022_Sweden,2,0
W008022_Iceland,0,2
W008023_Russia,4,2
W008023_Turkey,2,4
W008024_Slovakia,2,0
W008024_Latvia,0,2
W008025_Romania,0,2
W008025_Switzerland,2,0
W008026_Finland,1,0
W008026_Scotland,0,1
W008027_Czech Republic,3,0
W008027_Azerbaijan,0,3
W008028_Portugal,1,0
W008028_Cyprus,0,1
W008029_Italy,1,3
W008029_Denmark,3,1
W008030_Kosovo,0,6
W008030_Netherlands,6,0
W008031_Georgia,1,2
W008031_Israel,2,1
W008032_Moldova,0,3
W008032_Poland,3,0
W008033_South Africa,2,0
W008033_Angola,0,2
W008034_Eswatini,4,2
W008034_Comoros,2,4
W008035_Zambia,8,0
W008035_Lesotho,0,8
W008036_Zimbabwe,0,1
W008036_Tanzania,1,0
M043525_Ethiopia,2,2
M043525_Sudan,2,2
W008037_Comoros,1,1
W008037_Angola,1,1
W008038_South Africa,5,0
W008038_Eswatini,0,5
M043526_Bahrain,1,0
M043526_Tajikistan,0,1
W008039_Malawi,9,0
W008039_Lesotho,0,9
W008040_Botswana,1,0
W008040_Tanzania,0,1
W008041_Angola,4,3
W008041_Eswatini,3,4
W008042_South Africa,7,0
W008042_Comoros,0,7
W008043_Zambia,0,1
W008043_Malawi,1,0
W008044_Zimbabwe,0,1
W008044_Botswana,1,0
M043527_France,0,2
M043527_Finland,2,0
M043528_Italy,4,0
M043528_Estonia,0,4
M043529_Albania,2,1
M043529_Kosovo,1,2
M043530_Belgium,2,1
M043530_Switzerland,1,2
M043531_Bulgaria,3,0
M043531_Gibraltar,0,3
M043532_Denmark,2,0
M043532_Sweden,0,2
M043533_Germany,1,0
M043533_Czech Republic,0,1
M043534_Greece,2,1
M043534_Cyprus,1,2
M043535_Luxembourg,0,3
M043535_Austria,3,0
M043536_Lithuania,2,1
M043536_Faroe Islands,1,2
M043537_Senegal,2,0
M043537_Guinea-Bissau,0,2
M043538_Kenya,1,1
M043538_Comoros,1,1
M043539_Mauritania,1,1
M043539_Burundi,1,1
M043540_Guinea,1,0
M043540_Chad,0,1
M043541_Turkey,3,3
M043541_Croatia,3,3
M043542_Slovenia,0,0
M043542_Azerbaijan,0,0
M043543_San Marino,0,3
M043543_Latvia,3,0
M043544_Libya,2,3
M043544_Equatorial Guinea,3,2
M043545_Portugal,7,0
M043545_Andorra,0,7
M043546_Poland,2,0
M043546_Ukraine,0,2
M043547_Netherlands,1,1
M043547_Spain,1,1
M043548_Montenegro,0,0
M043548_Kazakhstan,0,0
M043549_Malta,3,0
M043549_Liechtenstein,0,3
M043550_Romania,5,3
M043550_Belarus,3,5
M043551_Argentina,1,1
M043551_Paraguay,1,1
M043552_Bolivia,2,3
M043552_Ecuador,3,2
M043553_Wales,0,0
M043553_United States,0,0
M043554_Uzbekistan,0,1
M043554_Syria,1,0
M043555_United Arab Emirates,3,2
M043555_Tajikistan,2,3
M043556_Moldova,0,0
M043556_Russia,0,0
M043557_Lebanon,1,3
M043557_Bahrain,3,1
M043558_Jordan,0,0
M043558_Iraq,0,0
M043559_Georgia,0,1
M043559_North Macedonia,1,0
M043560_Bosnia and Herzegovina,0,2
M043560_Iran,2,0
M043561_Serbia,1,1
M043561_Scotland,1,1
M043562_Northern Ireland,1,2
M043562_Slovakia,2,1
M043563_Hungary,2,1
M043563_Iceland,1,2
M043564_Burkina Faso,3,1
M043564_Malawi,1,3
M043565_England,3,0
M043565_Republic of Ireland,0,3
M043566_Uganda,1,0
M043566_South Sudan,0,1
M043567_Ghana,2,0
M043567_Sudan,0,2
M043568_Gabon,2,1
M043568_Gambia,1,2
M043569_Cape Verde,0,0
M043569_Rwanda,0,0
M043570_Cameroon,4,1
M043570_Mozambique,1,4
M043571_Zambia,2,1
M043571_Botswana,1,2
M043572_Algeria,3,1
M043572_Zimbabwe,1,3
M043573_Congo,2,0
M043573_Eswatini,0,2
M043574_Ivory Coast,2,1
M043574_Madagascar,1,2
W008045_South Africa,6,2
W008045_Malawi,2,6
W008046_Botswana,2,1
W008046_Zambia,1,2
M043575_Nigeria,4,4
M043575_Sierra Leone,4,4
M043576_Niger,1,0
M043576_Ethiopia,0,1
M043577_Morocco,4,1
M043577_Central African Republic,1,4
M043578_South Africa,2,0
M043578_São Tomé and Príncipe,0,2
M043579_Mali,1,0
M043579_Namibia,0,1
M043580_Tunisia,1,0
M043580_Tanzania,0,1
M043581_Chile,2,0
M043581_Peru,0,2
M043582_Colombia,0,3
M043582_Uruguay,3,0
M043583_Japan,1,0
M043583_Panama,0,1
M043584_Costa Rica,1,1
M043584_Qatar,1,1
M043585_Bangladesh,2,0
M043585_Nepal,0,2
M043586_Brazil,1,0
M043586_Venezuela,0,1
M043587_Egypt,1,0
M043587_Togo,0,1
M043588_DR Congo,0,0
M043588_Angola,0,0
M043589_Saudi Arabia,3,0
M043589_Jamaica,0,3
M043590_Mexico,3,2
M043590_South Korea,2,3
M043591_San Marino,0,0
M043591_Gibraltar,0,0
M043592_Latvia,1,1
M043592_Faroe Islands,1,1
M043593_Azerbaijan,0,0
M043593_Montenegro,0,0
M043594_Cyprus,2,1
M043594_Luxembourg,1,2
M043595_Switzerland,1,1
M043595_Spain,1,1
M043596_Germany,3,1
M043596_Ukraine,1,3
M043597_Sweden,2,1
M043597_Croatia,1,2
M043598_Portugal,0,1
M043598_France,1,0
M043599_Malta,3,1
M043599_Andorra,1,3
M043600_Benin,1,0
M043600_Lesotho,0,1
W008047_South Africa,2,1
W008047_Botswana,1,2
M043601_Moldova,0,2
M043601_Greece,2,0
M043602_Slovenia,2,1
M043602_Kosovo,1,2
M043603_Denmark,2,1
M043603_Iceland,1,2
M043604_Austria,2,1
M043604_Northern Ireland,1,2
M043605_Romania,3,0
M043605_Norway,0,3
M043606_Slovakia,1,0
M043606_Scotland,0,1
M043607_Czech Republic,1,0
M043607_Israel,0,1
M043608_Turkey,3,2
M043608_Russia,2,3
M043609_Hungary,1,1
M043609_Serbia,1,1
M043610_Wales,1,0
M043610_Republic of Ireland,0,1
M043611_Bulgaria,1,2
M043611_Finland,2,1
M043612_North Macedonia,2,1
M043612_Estonia,1,2
M043613_Georgia,1,2
M043613_Armenia,2,1
M043614_Albania,3,1
M043614_Kazakhstan,1,3
M043615_Belarus,2,0
M043615_Lithuania,0,2
M043616_Guatemala,2,1
M043616_Honduras,1,2
M043617_Chad,1,1
M043617_Guinea,1,1
M043618_Burundi,3,1
M043618_Mauritania,1,3
M043619_Comoros,2,1
M043619_Kenya,1,2
M043620_Guinea-Bissau,0,1
M043620_Senegal,1,0
M043621_Equatorial Guinea,1,0
M043621_Libya,0,1
M043622_Italy,2,0
M043622_Poland,0,2
M043623_Netherlands,3,1
M043623_Bosnia and Herzegovina,1,3
M043624_Belgium,2,0
M043624_England,0,2
M043625_Malawi,0,0
M043625_Burkina Faso,0,0
M043626_South Africa,4,2
M043626_São Tomé and Príncipe,2,4
M043627_Gambia,2,1
M043627_Gabon,1,2
M043628_Mozambique,0,2
M043628_Cameroon,2,0
M043629_Zimbabwe,2,2
M043629_Algeria,2,2
M043630_Botswana,1,0
M043630_Zambia,0,1
M043631_Eswatini,0,0
M043631_Congo,0,0
M043632_United Arab Emirates,1,3
M043632_Bahrain,3,1
M043633_United States,6,2
M043633_Panama,2,6
M043634_South Sudan,1,0
M043634_Uganda,0,1
M043635_Basque Country,2,1
M043635_Costa Rica,1,2
M043636_Jordan,1,0
M043636_Syria,0,1
M043637_Japan,0,2
M043637_Mexico,2,0
M043638_Bangladesh,0,0
M043638_Nepal,0,0
M043639_Gibraltar,1,1
M043639_Liechtenstein,1,1
M043640_Luxembourg,0,0
M043640_Azerbaijan,0,0
M043641_Andorra,0,5
M043641_Latvia,5,0
M043642_Montenegro,4,0
M043642_Cyprus,0,4
M043643_Switzerland,3,0
M043643_Ukraine,0,3
M043644_Spain,6,0
M043644_Germany,0,6
M043645_France,4,2
M043645_Sweden,2,4
M043646_Croatia,2,3
M043646_Portugal,3,2
M043647_Malta,1,1
M043647_Faroe Islands,1,1
M043648_Ethiopia,3,0
M043648_Niger,0,3
M043649_Tanzania,1,1
M043649_Tunisia,1,1
M043650_Madagascar,1,1
M043650_Ivory Coast,1,1
M043651_South Korea,2,1
M043651_Qatar,1,2
M043652_Saudi Arabia,1,2
M043652_Jamaica,2,1
M043653_Uzbekistan,1,2
M043653_Iraq,2,1
M043654_Ecuador,6,1
M043654_Colombia,1,6
M043655_Venezuela,2,1
M043655_Chile,1,2
M043656_Peru,0,2
M043656_Argentina,2,0
M043657_Lesotho,0,0
M043657_Benin,0,0
M043658_Paraguay,2,2
M043658_Bolivia,2,2
M043659_Namibia,1,2
M043659_Mali,2,1
M043660_Sudan,1,0
M043660_Ghana,0,1
M043661_Angola,0,1
M043661_DR Congo,1,0
M043662_Central African Republic,0,2
M043662_Morocco,2,0
M043663_Rwanda,0,0
M043663_Cape Verde,0,0
M043664_Togo,1,3
M043664_Egypt,3,1
M043665_Uruguay,0,2
M043665_Brazil,2,0
M043666_Sierra Leone,0,0
M043666_Nigeria,0,0
M043667_Belgium,4,2
M043667_Denmark,2,4
M043668_Northern Ireland,1,1
M043668_Romania,1,1
M043669_Poland,1,2
M043669_Netherlands,2,1
M043670_Austria,1,1
M043670_Norway,1,1
M043671_Czech Republic,2,0
M043671_Slovakia,0,2
M043672_Israel,1,0
M043672_Scotland,0,1
M043673_Hungary,2,0
M043673_Turkey,0,2
M043674_England,4,0
M043674_Iceland,0,4
M043675_Republic of Ireland,0,0
M043675_Bulgaria,0,0
M043676_Wales,3,1
M043676_Finland,1,3
M043677_Armenia,1,0
M043677_North Macedonia,0,1
M043678_Georgia,0,0
M043678_Estonia,0,0
M043679_Kosovo,1,0
M043679_Moldova,0,1
M043680_Greece,0,0
M043680_Slovenia,0,0
M043681_Albania,3,2
M043681_Belarus,2,3
M043682_Kazakhstan,1,2
M043682_Lithuania,2,1
M043683_Bosnia and Herzegovina,0,2
M043683_Italy,2,0
M043684_Serbia,5,0
M043684_Russia,0,5
W008048_Slovakia,1,3
W008048_Iceland,3,1
W008049_Georgia,0,4
W008049_Malta,4,0
W008050_Croatia,1,0
W008050_Lithuania,0,1
W008051_Portugal,1,0
W008051_Scotland,0,1
W008052_Northern Ireland,3,2
W008052_Belarus,2,3
W008053_Germany,6,0
W008053_Greece,0,6
W008054_France,3,0
W008054_Austria,0,3
W008055_Kazakhstan,0,3
W008055_North Macedonia,3,0
W008056_Albania,4,0
W008056_Cyprus,0,4
W008057_Spain,10,0
W008057_Moldova,0,10
W008058_Russia,3,0
W008058_Kosovo,0,3
W008059_Estonia,0,4
W008059_Turkey,4,0
W008060_Netherlands,0,2
W008060_United States,2,0
W008061_Chile,1,2
W008061_Zambia,2,1
W008062_Brazil,6,0
W008062_Ecuador,0,6
W008063_Scotland,0,1
W008063_Finland,1,0
W008064_Portugal,1,0
W008064_Albania,0,1
W008065_Czech Republic,7,0
W008065_Moldova,0,7
W008066_Denmark,0,0
W008066_Italy,0,0
W008067_France,12,0
W008067_Kazakhstan,0,12
W008068_Israel,0,2
W008068_Malta,2,0
W008069_Turkey,1,2
W008069_Russia,2,1
W008070_Slovenia,2,0
W008070_Estonia,0,2
W008071_Hungary,0,1
W008071_Iceland,1,0
W008072_Slovakia,0,6
W008072_Sweden,6,0
W008073_Austria,1,0
W008073_Serbia,0,1
W008074_Belgium,4,0
W008074_Switzerland,0,4
W008075_Netherlands,6,0
W008075_Kosovo,0,6
W008076_Wales,3,0
W008076_Belarus,0,3
W008077_Georgia,0,3
W008077_Bosnia and Herzegovina,3,0
W008078_Republic of Ireland,1,3
W008078_Germany,3,1
W008079_Northern Ireland,5,1
W008079_Faroe Islands,1,5
W008080_Ukraine,2,1
W008080_Montenegro,1,2
W008081_Brazil,8,0
W008081_Ecuador,0,8
M043685_Qatar,5,0
M043685_Bangladesh,0,5
M043686_United States,6,0
M043686_El Salvador,0,6
M043687_United Arab Emirates,0,0
M043687_Iraq,0,0
M043688_Kuwait,0,1
M043688_Palestine,1,0
M043689_Dominican Republic,0,1
M043689_Puerto Rico,1,0
W008082_United States,4,0
W008082_Colombia,0,4
M043690_Guatemala,1,0
M043690_Puerto Rico,0,1
W008083_United States,6,0
W008083_Colombia,0,6
M043691_Dominican Republic,0,0
M043691_Serbia,0,0
M043692_Iraq,2,1
M043692_Kuwait,1,2
M043693_Panama,0,0
M043693_Serbia,0,0
M043694_United States,7,0
M043694_Trinidad and Tobago,0,7
M043695_Jordan,2,0
M043695_Tajikistan,0,2
M043696_Jordan,0,1
M043696_Tajikistan,1,0
M043697_Jordan,0,2
M043697_Uzbekistan,2,0
W008084_Serbia,2,0
W008084_India,0,2
W008085_Equatorial Guinea,0,5
W008085_Uzbekistan,5,0
W008086_Belgium,1,6
W008086_Netherlands,6,1
W008087_Azerbaijan,0,13
W008087_Spain,13,0
W008088_United States,1,0
W008088_Canada,0,1
W008089_Cyprus,0,10
W008089_Scotland,10,0
W008090_Finland,1,0
W008090_Portugal,0,1
W008091_Austria,1,6
W008091_Sweden,6,1
W008092_France,2,0
W008092_Switzerland,0,2
W008093_Mexico,3,1
W008093_Costa Rica,1,3
W008094_India,0,8
W008094_Russia,8,0
W008095_Ukraine,1,1
W008095_Serbia,1,1
W008096_Nigeria,1,0
W008096_Uzbekistan,0,1
W008097_Germany,2,0
W008097_Belgium,0,2
W008098_United States,2,0
W008098_Brazil,0,2
W008099_Mexico,0,0
W008099_Costa Rica,0,0
W008100_Austria,1,0
W008100_Slovakia,0,1
W008101_Malta,0,3
W008101_Sweden,3,0
W008102_England,6,0
W008102_Northern Ireland,0,6
W008103_Nigeria,9,0
W008103_Equatorial Guinea,0,9
W008104_Serbia,2,0
W008104_Russia,0,2
W008105_Azerbaijan,1,0
W008105_Moldova,0,1
W008106_Croatia,0,1
W008106_Romania,1,0
W008107_Cyprus,0,5
W008107_Finland,5,0
W008108_Scotland,0,2
W008108_Portugal,2,0
W008109_Spain,3,0
W008109_Poland,0,3
W008110_France,2,0
W008110_Switzerland,0,2
W008111_Estonia,0,9
W008111_Slovenia,9,0
W008112_India,2,3
W008112_Ukraine,3,2
M043698_Guatemala,1,0
M043698_Nicaragua,0,1
W008113_Netherlands,2,1
W008113_Germany,1,2
W008114_Italy,12,0
W008114_Israel,0,12
W008115_United States,6,0
W008115_Argentina,0,6
M043699_Kenya,1,0
M043699_South Sudan,0,1
M043700_Kenya,2,1
M043700_Tanzania,1,2
M043701_Ethiopia,4,0
M043701_Malawi,0,4
M043702_Oman,0,0
M043702_Jordan,0,0
M043703_Belarus,1,1
M043703_Honduras,1,1
M043704_Ethiopia,4,0
M043704_Madagascar,0,4
M043705_Rwanda,1,0
M043705_Mozambique,0,1
M043706_São Tomé and Príncipe,0,2
M043706_Sudan,2,0
M043707_Uganda,0,0
M043707_Burkina Faso,0,0
M043708_South Sudan,0,1
M043708_Malawi,1,0
M043709_Guinea,1,0
M043709_Mali,0,1
M043710_Cyprus,0,0
M043710_Slovakia,0,0
M043711_Slovenia,1,0
M043711_Croatia,0,1
M043712_Malta,1,3
M043712_Russia,3,1
M043713_Latvia,1,2
M043713_Montenegro,2,1
M043714_Gibraltar,0,3
M043714_Norway,3,0
M043715_Turkey,4,2
M043715_Netherlands,2,4
M043716_Estonia,2,6
M043716_Czech Republic,6,2
M043717_France,1,1
M043717_Ukraine,1,1
M043718_Serbia,3,2
M043718_Republic of Ireland,2,3
M043719_Portugal,1,0
M043719_Azerbaijan,0,1
M043720_Saint Kitts and Nevis,1,0
M043720_Puerto Rico,0,1
M043721_Dominican Republic,1,0
M043721_Dominica,0,1
M043722_Guatemala,1,0
M043722_Cuba,0,1
M043723_Suriname,3,0
M043723_Cayman Islands,0,3
M043724_Antigua and Barbuda,2,2
M043724_Montserrat,2,2
M043725_Qatar,1,0
M043725_Luxembourg,0,1
M043726_Kosovo,4,0
M043726_Lithuania,0,4
M043727_Jordan,1,0
M043727_Lebanon,0,1
M043728_Belgium,3,1
M043728_Wales,1,3
M043729_Finland,2,2
M043729_Bosnia and Herzegovina,2,2
M043730_Chad,0,3
M043730_Namibia,3,0
M043731_Bahrain,3,1
M043731_Syria,1,3
M043732_Hungary,3,3
M043732_Poland,3,3
M043733_Germany,3,0
M043733_Iceland,0,3
M043734_Liechtenstein,0,1
M043734_Armenia,1,0
M043735_Romania,3,2
M043735_North Macedonia,2,3
M043736_South Africa,1,1
M043736_Ghana,1,1
M043737_Gambia,1,0
M043737_Angola,0,1
M043738_Andorra,0,1
M043738_Albania,1,0
M043739_Gabon,3,0
M043739_DR Congo,0,3
M043740_Kenya,1,1
M043740_Egypt,1,1
M043741_Botswana,0,1
M043741_Zimbabwe,1,0
M043742_Zambia,3,3
M043742_Algeria,3,3
M043743_Equatorial Guinea,1,0
M043743_Tanzania,0,1
M043744_Libya,2,5
M043744_Tunisia,5,2
M043745_Tajikistan,3,0
M043745_Mongolia,0,3
M043746_Comoros,0,0
M043746_Togo,0,0
M043747_England,5,0
M043747_San Marino,0,5
M043748_India,1,1
M043748_Oman,1,1
M043749_Scotland,2,2
M043749_Austria,2,2
M043750_Moldova,1,1
M043750_Faroe Islands,1,1
M043751_Japan,3,0
M043751_South Korea,0,3
M043752_Saudi Arabia,1,0
M043752_Kuwait,0,1
M043753_United States,4,1
M043753_Jamaica,1,4
M043754_El Salvador,2,0
M043754_Grenada,0,2
M043755_Canada,5,1
M043755_Bermuda,1,5
M043756_Panama,1,0
M043756_Barbados,0,1
M043757_Curaçao,5,0
M043757_Saint Vincent and the Grenadines,0,5
M043758_Trinidad and Tobago,3,0
M043758_Guyana,0,3
M043759_Spain,1,1
M043759_Greece,1,1
M043760_Sweden,1,0
M043760_Georgia,0,1
M043761_Bulgaria,1,3
M043761_Switzerland,3,1
M043762_Italy,2,0
M043762_Northern Ireland,0,2
M043763_Israel,0,2
M043763_Denmark,2,0
M043764_Haiti,2,0
M043764_Belize,0,2
M043765_Congo,0,0
M043765_Senegal,0,0
M043766_Niger,0,3
M043766_Ivory Coast,3,0
M043767_Eswatini,1,3
M043767_Guinea-Bissau,3,1
M043768_Chile,2,1
M043768_Bolivia,1,2
M043769_Mauritania,0,0
M043769_Morocco,0,0
M043770_Burundi,2,2
M043770_Central African Republic,2,2
M043771_Cape Verde,3,1
M043771_Cameroon,1,3
M043772_Benin,0,1
M043772_Nigeria,1,0
M043773_Czech Republic,1,1
M043773_Belgium,1,1
M043774_Slovakia,2,2
M043774_Malta,2,2
M043775_Croatia,1,0
M043775_Cyprus,0,1
M043776_Russia,2,1
M043776_Slovenia,1,2
M043777_Norway,0,3
M043777_Turkey,3,0
M043778_Netherlands,2,0
M043778_Latvia,0,2
M043779_Montenegro,4,1
M043779_Gibraltar,1,4
M043780_Belarus,4,2
M043780_Estonia,2,4
M043781_Lesotho,0,0
M043781_Sierra Leone,0,0
M043782_Serbia,2,2
M043782_Portugal,2,2
M043783_Republic of Ireland,0,1
M043783_Luxembourg,1,0
M043784_Bosnia and Herzegovina,0,0
M043784_Costa Rica,0,0
M043785_Nepal,0,0
M043785_Bangladesh,0,0
M043786_Wales,1,0
M043786_Mexico,0,1
M043787_United States Virgin Islands,0,3
M043787_Antigua and Barbuda,3,0
M043788_Qatar,2,1
M043788_Azerbaijan,1,2
M043789_British Virgin Islands,0,3
M043789_Guatemala,3,0
M043790_Anguilla,0,6
M043790_Dominican Republic,6,0
M043791_Turks and Caicos Islands,0,7
M043791_Nicaragua,7,0
M043792_Bahamas,0,4
M043792_Saint Kitts and Nevis,4,0
M043793_Aruba,0,6
M043793_Suriname,6,0
M043794_North Macedonia,5,0
M043794_Liechtenstein,0,5
M043795_Poland,3,0
M043795_Andorra,0,3
M043796_San Marino,0,3
M043796_Hungary,3,0
M043797_Armenia,2,0
M043797_Iceland,0,2
M043798_Romania,0,1
M043798_Germany,1,0
M043799_Tanzania,1,0
M043799_Libya,0,1
M043800_Mali,3,0
M043800_Chad,0,3
M043801_Ghana,3,1
M043801_São Tomé and Príncipe,1,3
M043802_Sudan,2,0
M043802_South Africa,0,2
M043803_Tunisia,2,1
M043803_Equatorial Guinea,1,2
M043804_Namibia,2,1
M043804_Guinea,1,2
M043805_Israel,1,1
M043805_Scotland,1,1
M043806_Albania,0,2
M043806_England,2,0
M043807_Denmark,8,0
M043807_Moldova,0,8
M043808_Austria,3,1
M043808_Faroe Islands,1,3
M043809_Greece,2,1
M043809_Honduras,1,2
M043810_Northern Ireland,1,2
M043810_United States,2,1
M043811_Montserrat,1,1
M043811_El Salvador,1,1
M043812_Dominica,1,2
M043812_Panama,2,1
M043813_Puerto Rico,1,1
M043813_Trinidad and Tobago,1,1
M043814_Cuba,1,2
M043814_Curaçao,2,1
M043815_Kosovo,0,3
M043815_Sweden,3,0
M043816_Switzerland,1,0
M043816_Lithuania,0,1
M043817_Bulgaria,0,2
M043817_Italy,2,0
M043818_Kazakhstan,0,2
M043818_France,2,0
M043819_Ukraine,1,1
M043819_Finland,1,1
M043820_Georgia,1,2
M043820_Spain,2,1
M043821_DR Congo,1,0
M043821_Gambia,0,1
M043822_Zimbabwe,0,2
M043822_Zambia,2,0
M043823_Algeria,5,0
M043823_Botswana,0,5
M043824_Egypt,4,0
M043824_Comoros,0,4
M043825_Togo,1,2
M043825_Kenya,2,1
M043826_Angola,2,0
M043826_Gabon,0,2
M043827_Ecuador,2,1
M043827_Bolivia,1,2
M043828_Burkina Faso,1,0
M043828_South Sudan,0,1
M043829_Cayman Islands,0,11
M043829_Canada,11,0
M043830_Uzbekistan,0,1
M043830_Iraq,1,0
M043831_Nepal,2,1
M043831_Bangladesh,1,2
M043832_Kuwait,1,1
M043832_Lebanon,1,1
M043833_Malawi,1,0
M043833_Uganda,0,1
M043834_United Arab Emirates,6,0
M043834_India,0,6
M043835_Bahrain,1,2
M043835_Jordan,2,1
M043836_Iran,3,0
M043836_Syria,0,3
M043837_Nigeria,3,0
M043837_Lesotho,0,3
M043838_Madagascar,0,0
M043838_Niger,0,0
M043839_Ivory Coast,3,1
M043839_Ethiopia,1,3
M043840_Senegal,1,1
M043840_Eswatini,1,1
M043841_Guinea-Bissau,3,0
M043841_Congo,0,3
M043842_Cameroon,0,0
M043842_Rwanda,0,0
M043843_Morocco,1,0
M043843_Burundi,0,1
M043844_Central African Republic,0,1
M043844_Mauritania,1,0
M043845_Japan,14,0
M043845_Mongolia,0,14
M043846_Saudi Arabia,5,0
M043846_Palestine,0,5
M043847_Slovakia,2,1
M043847_Russia,1,2
M043848_Croatia,3,0
M043848_Malta,0,3
M043849_Cyprus,1,0
M043849_Slovenia,0,1
M043850_Mozambique,0,1
M043850_Cape Verde,1,0
M043851_Montenegro,0,1
M043851_Norway,1,0
M043852_Turkey,3,3
M043852_Latvia,3,3
M043853_Republic of Ireland,1,1
M043853_Qatar,1,1
M043854_Grenada,1,0
M043854_United States Virgin Islands,0,1
M043855_Bermuda,5,0
M043855_Aruba,0,5
M043856_Saint Vincent and the Grenadines,3,0
M043856_British Virgin Islands,0,3
M043857_Barbados,1,0
M043857_Anguilla,0,1
M043858_Costa Rica,0,1
M043858_Mexico,1,0
M043859_Guyana,4,0
M043859_Bahamas,0,4
M043860_Azerbaijan,1,2
M043860_Serbia,2,1
M043861_Luxembourg,1,3
M043861_Portugal,3,1
M043862_Wales,1,0
M043862_Czech Republic,0,1
M043863_Belgium,8,0
M043863_Belarus,0,8
M043864_Gibraltar,0,7
M043864_Netherlands,7,0
M043865_Belize,5,0
M043865_Turks and Caicos Islands,0,5
M043866_Bosnia and Herzegovina,0,1
M043866_France,1,0
M043867_Liechtenstein,1,4
M043867_Iceland,4,1
M043868_Germany,1,2
M043868_North Macedonia,2,1
M043869_Armenia,3,2
M043869_Romania,2,3
M043870_San Marino,0,2
M043870_Albania,2,0
M043871_Andorra,1,4
M043871_Hungary,4,1
M043872_England,2,1
M043872_Poland,1,2
M043873_Moldova,1,4
M043873_Israel,4,1
M043874_Spain,3,1
M043874_Kosovo,1,3
M043875_Scotland,4,0
M043875_Faroe Islands,0,4
M043876_Ukraine,1,1
M043876_Kazakhstan,1,1
M043877_Lithuania,0,2
M043877_Italy,2,0
M043878_Northern Ireland,0,0
M043878_Bulgaria,0,0
M043879_Greece,1,1
M043879_Georgia,1,1
M043880_Switzerland,3,2
M043880_Finland,2,3
M043881_Sweden,1,0
M043881_Estonia,0,1
M043882_Austria,0,4
M043882_Denmark,4,0
W008116_Uzbekistan,1,0
W008116_India,0,1
W008117_Lithuania,1,0
W008117_Jordan,0,1
W008118_Armenia,2,0
W008118_Lebanon,0,2
W008119_Japan,7,0
W008119_Paraguay,0,7
W008120_Belgium,0,2
W008120_Norway,2,0
W008121_Republic of Ireland,0,1
W008121_Denmark,1,0
W008122_Argentina,0,0
W008122_Venezuela,0,0
W008123_India,1,2
W008123_Belarus,2,1
W008124_South Korea,1,2
W008124_China PR,2,1
W008125_Czech Republic,1,1
W008125_Switzerland,1,1
W008126_Wales,0,3
W008126_Canada,3,0
W008127_France,3,1
W008127_England,1,3
W008128_Ukraine,1,2
W008128_Northern Ireland,2,1
W008129_Portugal,0,1
W008129_Russia,1,0
W008130_Spain,1,0
W008130_Netherlands,0,1
W008131_Cameroon,1,2
W008131_Chile,2,1
W008132_Germany,5,2
W008132_Australia,2,5
W008133_Italy,1,0
W008133_Iceland,0,1
W008134_Sweden,1,1
W008134_United States,1,1
W008135_Armenia,1,1
W008135_Jordan,1,1
W008136_Lithuania,7,1
W008136_Lebanon,1,7
W008137_Mexico,0,0
W008137_Slovakia,0,0
W008138_Uzbekistan,1,3
W008138_Belarus,3,1
W008139_Belgium,1,0
W008139_Republic of Ireland,0,1
W008140_Japan,7,0
W008140_Panama,0,7
W008141_Austria,2,2
W008141_Finland,2,2
W008142_Lebanon,0,6
W008142_Jordan,6,0
W008143_Armenia,2,2
W008143_Lithuania,2,2
W008144_Northern Ireland,2,0
W008144_Ukraine,0,2
W008145_Chile,0,0
W008145_Cameroon,0,0
W008146_China PR,2,2
W008146_South Korea,2,2
W008147_South Africa,2,0
W008147_Botswana,0,2
W008148_Ecuador,0,4
W008148_Colombia,4,0
W008149_Russia,0,0
W008149_Portugal,0,0
W008150_England,0,2
W008150_Canada,2,0
W008151_Wales,1,1
W008151_Denmark,1,1
W008152_Poland,2,4
W008152_Sweden,4,2
W008153_Italy,1,1
W008153_Iceland,1,1
W008154_Germany,3,1
W008154_Norway,1,3
W008155_Switzerland,1,1
W008155_Czech Republic,1,1
W008156_Spain,3,0
W008156_Mexico,0,3
W008157_Netherlands,5,0
W008157_Australia,0,5
W008158_France,0,2
W008158_United States,2,0
M043883_Ukraine,1,1
M043883_Bahrain,1,1
M043884_United Arab Emirates,5,1
M043884_Jordan,1,5
M043885_Iraq,0,0
M043885_Tajikistan,0,0
M043886_Indonesia,2,3
M043886_Afghanistan,3,2
M043887_Oman,1,0
M043887_Thailand,0,1
M043888_Turkey,2,1
M043888_Azerbaijan,1,2
M043889_Japan,10,0
M043889_Myanmar,0,10
M043890_Italy,7,0
M043890_San Marino,0,7
M043891_Bahrain,2,0
M043891_Malaysia,0,2
M043892_Sweden,2,0
M043892_Finland,0,2
M043893_Mexico,2,1
M043893_Iceland,1,2
M043894_Iraq,6,2
M043894_Nepal,2,6
M043895_Indonesia,1,3
M043895_Oman,3,1
M043896_Thailand,2,2
M043896_Tajikistan,2,2
M043897_Singapore,1,1
M043897_Afghanistan,1,1
M043898_Malta,0,3
M043898_Northern Ireland,3,0
M043899_Switzerland,2,1
M043899_United States,1,2
M043900_China PR,7,0
M043900_Guam,0,7
M043901_Jordan,1,1
M043901_Vietnam,1,1
M043902_Turkey,0,0
M043902_Guinea,0,0
M043903_Poland,1,1
M043903_Russia,1,1
M043904_Croatia,1,1
M043904_Armenia,1,1
M043905_Kosovo,4,1
M043905_San Marino,1,4
M043906_North Macedonia,1,1
M043906_Slovenia,1,1
M043907_Slovakia,1,1
M043907_Bulgaria,1,1
M043908_Lithuania,0,1
M043908_Estonia,1,0
M043909_Montserrat,4,0
M043909_United States Virgin Islands,0,4
M043910_Cayman Islands,1,3
M043910_Aruba,3,1
M043911_Cuba,5,0
M043911_British Virgin Islands,0,5
M043912_Mozambique,5,0
M043912_Lesotho,0,5
M043913_Puerto Rico,7,0
M043913_Bahamas,0,7
M043914_Romania,1,2
M043914_Georgia,2,1
M043915_Dominica,3,0
M043915_Anguilla,0,3
M043916_Norway,1,0
M043916_Luxembourg,0,1
M043917_England,1,0
M043917_Austria,0,1
M043918_Germany,1,1
M043918_Denmark,1,1
M043919_France,3,0
M043919_Wales,0,3
M043920_Bosnia and Herzegovina,0,0
M043920_Montenegro,0,0
M043921_Belarus,1,2
M043921_Azerbaijan,2,1
M043922_Netherlands,2,2
M043922_Scotland,2,2
M043923_Bangladesh,1,1
M043923_Afghanistan,1,1
M043924_Thailand,2,2
M043924_Indonesia,2,2
M043925_United Arab Emirates,4,0
M043925_Malaysia,0,4
M043926_Bolivia,3,1
M043926_Venezuela,1,3
M043927_Argentina,1,1
M043927_Chile,1,1
M043928_Peru,0,3
M043928_Colombia,3,0
M043929_Kuwait,0,3
M043929_Australia,3,0
M043930_Qatar,1,0
M043930_India,0,1
M043931_Palestine,4,0
M043931_Singapore,0,4
M043932_Uruguay,0,0
M043932_Paraguay,0,0
M043933_Bahrain,8,0
M043933_Cambodia,0,8
M043934_Andorra,1,4
M043934_Republic of Ireland,4,1
M043935_Nepal,2,0
M043935_Taiwan,0,2
M043936_Iran,3,1
M043936_Hong Kong,1,3
M043937_Belgium,1,1
M043937_Greece,1,1
M043938_Switzerland,7,0
M043938_Liechtenstein,0,7
M043939_Algeria,4,1
M043939_Mauritania,1,4
M043940_Ukraine,1,0
M043940_Northern Ireland,0,1
M043941_Mexico,0,0
M043941_Costa Rica,0,0
M043942_United States,1,0
M043942_Honduras,0,1
M043943_Turkey,2,0
M043943_Moldova,0,2
M043944_Brazil,2,0
M043944_Ecuador,0,2
M043945_Latvia,3,1
M043945_Lithuania,1,3
M043946_Saint Kitts and Nevis,3,0
M043946_Guyana,0,3
M043947_Nicaragua,3,0
M043947_Belize,0,3
M043948_Dominican Republic,1,1
M043948_Barbados,1,1
M043949_Guatemala,10,0
M043949_Saint Vincent and the Grenadines,0,10
M043950_Suriname,6,0
M043950_Bermuda,0,6
M043951_Antigua and Barbuda,1,0
M043951_Grenada,0,1
M043952_Maldives,0,4
M043952_Syria,4,0
M043953_Spain,0,0
M043953_Portugal,0,0
M043954_Rwanda,2,0
M043954_Central African Republic,0,2
M043955_North Macedonia,4,0
M043955_Kazakhstan,0,4
M043956_Nigeria,0,1
M043956_Cameroon,1,0
M043957_Kosovo,2,1
M043957_Malta,1,2
M043958_Italy,4,0
M043958_Czech Republic,0,4
M043959_Hungary,1,0
M043959_Cyprus,0,1
M043960_Finland,0,1
M043960_Estonia,1,0
M043961_Faroe Islands,0,1
M043961_Iceland,1,0
M043962_Slovenia,6,0
M043962_Gibraltar,0,6
M043963_Sweden,3,1
M043963_Armenia,1,3
M043964_Saudi Arabia,3,0
M043964_Yemen,0,3
M043965_Lebanon,3,2
M043965_Sri Lanka,2,3
M043966_South Korea,5,0
M043966_Turkmenistan,0,5
M043967_Panama,13,0
M043967_Anguilla,0,13
M043968_Aruba,0,7
M043968_Canada,7,0
M043969_British Virgin Islands,0,8
M043969_Curaçao,8,0
M043970_United States Virgin Islands,0,7
M043970_El Salvador,7,0
M043971_Wales,0,0
M043971_Albania,0,0
M043972_Russia,1,0
M043972_Bulgaria,0,1
M043973_Senegal,3,1
M043973_Zambia,1,3
M043974_Turks and Caicos Islands,0,10
M043974_Haiti,10,0
M043975_Niger,0,2
M043975_Gambia,2,0
M043976_Montenegro,1,3
M043976_Israel,3,1
M043977_Ivory Coast,2,1
M043977_Burkina Faso,1,2
M043978_Guinea,0,2
M043978_Togo,2,0
M043979_Tunisia,1,0
M043979_DR Congo,0,1
M043980_Bahamas,0,0
M043980_Trinidad and Tobago,0,0
M043981_Norway,1,2
M043981_Greece,2,1
M043982_United States,3,2
M043982_Mexico,2,3
M043983_Moldova,1,0
M043983_Azerbaijan,0,1
M043984_Honduras,2,2
M043984_Costa Rica,2,2
M043985_Luxembourg,0,1
M043985_Scotland,1,0
M043986_Netherlands,3,0
M043986_Georgia,0,3
M043987_Denmark,2,0
M043987_Bosnia and Herzegovina,0,2
M043988_Belgium,1,0
M043988_Croatia,0,1
M043989_Austria,0,0
M043989_Slovakia,0,0
M043990_Algeria,1,0
M043990_Mali,0,1
M043991_England,1,0
M043991_Romania,0,1
M043992_Kyrgyzstan,0,1
M043992_Mongolia,1,0
M043993_Bangladesh,0,2
M043993_India,2,0
M043994_Uzbekistan,5,0
M043994_Singapore,0,5
M043995_Iraq,4,1
M043995_Cambodia,1,4
M043996_Australia,5,1
M043996_Taiwan,1,5
M043997_China PR,2,0
M043997_Philippines,0,2
M043998_Serbia,1,1
M043998_Jamaica,1,1
M043999_Ukraine,4,0
M043999_Cyprus,0,4
M044000_Rwanda,5,0
M044000_Central African Republic,0,5
M044001_Germany,7,1
M044001_Latvia,1,7
M044002_Faroe Islands,5,1
M044002_Liechtenstein,1,5
M044003_Andorra,0,0
M044003_Gibraltar,0,0
M044004_Japan,4,1
M044004_Tajikistan,1,4
M044005_Guam,0,3
M044005_Syria,3,0
M044006_United Arab Emirates,3,1
M044006_Thailand,1,3
M044007_Nepal,0,3
M044007_Jordan,3,0
M044008_Bahrain,0,3
M044008_Iran,3,0
M044009_Vietnam,4,0
M044009_Indonesia,0,4
M044010_Qatar,1,0
M044010_Oman,0,1
M044011_Benin,2,2
M044011_Zambia,2,2
M044012_Chile,1,1
M044012_Bolivia,1,1
M044013_Paraguay,0,2
M044013_Brazil,2,0
M044014_Venezuela,0,0
M044014_Uruguay,0,0
M044015_Colombia,2,2
M044015_Argentina,2,2
M044016_Ecuador,1,2
M044016_Peru,2,1
M044017_Trinidad and Tobago,2,0
M044017_Saint Kitts and Nevis,0,2
M044018_Guyana,0,2
M044018_Puerto Rico,2,0
M044019_Barbados,1,1
M044019_Dominica,1,1
M044020_Curaçao,0,0
M044020_Guatemala,0,0
M044021_Saint Vincent and the Grenadines,0,1
M044021_Cuba,1,0
M044022_Bermuda,1,1
M044022_Cayman Islands,1,1
M044023_Canada,4,0
M044023_Suriname,0,4
M044024_Haiti,1,0
M044024_Nicaragua,0,1
M044025_Panama,3,0
M044025_Dominican Republic,0,3
M044026_Grenada,1,2
M044026_Montserrat,2,1
M044027_Spain,4,0
M044027_Lithuania,0,4
M044028_Senegal,2,0
M044028_Cape Verde,0,2
M044029_Poland,2,2
M044029_Iceland,2,2
M044030_Mozambique,1,1
M044030_Eswatini,1,1
M044031_Morocco,1,0
M044031_Ghana,0,1
M044032_Kosovo,1,2
M044032_Guinea,2,1
M044033_Hungary,0,0
M044033_Republic of Ireland,0,0
M044034_Gambia,1,0
M044034_Togo,0,1
M044035_France,3,0
M044035_Bulgaria,0,3
M044036_Czech Republic,3,1
M044036_Albania,1,3
M044037_Cameroon,0,0
M044037_Nigeria,0,0
M044038_El Salvador,3,0
M044038_Antigua and Barbuda,0,3
M044039_South Korea,5,0
M044039_Sri Lanka,0,5
M044040_United States,4,0
M044040_Costa Rica,0,4
M044041_Turkmenistan,3,2
M044041_Lebanon,2,3
M044042_Niger,0,1
M044042_Congo,1,0
M044043_Portugal,4,0
M044043_Israel,0,4
M044044_Estonia,2,1
M044044_Latvia,1,2
M044045_South Africa,3,2
M044045_Uganda,2,3
W008159_Canada,0,0
W008159_Czech Republic,0,0
W008160_Japan,8,0
W008160_Ukraine,0,8
W008161_Slovakia,1,0
W008161_Chile,0,1
W008162_Italy,1,0
W008162_Netherlands,0,1
W008163_Denmark,3,2
W008163_Australia,2,3
W008164_Sweden,1,0
W008164_Norway,0,1
W008165_Northern Ireland,0,1
W008165_Scotland,1,0
W008166_Spain,3,0
W008166_Belgium,0,3
W008167_France,1,0
W008167_Germany,0,1
W008168_United States,1,0
W008168_Portugal,0,1
W008169_Estonia,1,1
W008169_Faroe Islands,1,1
W008170_Lithuania,5,0
W008170_Latvia,0,5
M044046_Malaysia,1,2
M044046_Vietnam,2,1
M044047_Philippines,3,0
M044047_Guam,0,3
M044048_China PR,5,0
M044048_Maldives,0,5
M044049_Nepal,0,3
M044049_Australia,3,0
M044050_Kuwait,0,0
M044050_Jordan,0,0
M044051_Hong Kong,0,1
M044051_Iraq,1,0
M044052_Yemen,0,1
M044052_Uzbekistan,1,0
M044053_Afghanistan,1,2
M044053_Oman,2,1
M044054_Myanmar,1,8
M044054_Kyrgyzstan,8,1
M044055_Cambodia,0,10
M044055_Iran,10,0
M044056_Japan,1,0
M044056_Serbia,0,1
M044057_DR Congo,1,1
M044057_Mali,1,1
M044058_Guinea,2,1
M044058_Niger,1,2
M044059_Kosovo,1,0
M044059_Gambia,0,1
M044060_Mauritania,1,0
M044060_Liberia,0,1
M044061_Tunisia,0,2
M044061_Algeria,2,0
M044062_Italy,3,0
M044062_Turkey,0,3
M044063_Saudi Arabia,3,0
M044063_Singapore,0,3
M044064_United Arab Emirates,5,0
M044064_Indonesia,0,5
W008171_Finland,2,2
W008171_Poland,2,2
W008172_Brazil,3,0
W008172_Russia,0,3
M044065_Morocco,1,0
M044065_Burkina Faso,0,1
M044066_Mexico,0,0
M044066_Honduras,0,0
M044067_Haiti,0,1
M044067_Canada,1,0
M044068_Saint Kitts and Nevis,0,4
M044068_El Salvador,4,0
M044069_Ghana,0,0
M044069_Ivory Coast,0,0
M044070_Russia,0,3
M044070_Belgium,3,0
M044071_Denmark,0,1
M044071_Finland,1,0
M044072_Wales,1,1
M044072_Switzerland,1,1
M044073_Panama,2,1
M044073_Curaçao,1,2
W008173_Luxembourg,0,1
W008173_Belgium,1,0
M044074_Brazil,3,0
M044074_Venezuela,0,3
M044075_Colombia,1,0
M044075_Ecuador,0,1
M044076_England,1,0
M044076_Croatia,0,1
M044077_Netherlands,3,2
M044077_Ukraine,2,3
M044078_Austria,3,1
M044078_North Macedonia,1,3
M044079_Tanzania,2,0
M044079_Malawi,0,2
M044080_Sudan,0,1
M044080_Zambia,1,0
M044081_South Korea,2,1
M044081_Lebanon,1,2
W008174_Japan,5,1
W008174_Mexico,1,5
W008175_Estonia,4,1
W008175_Latvia,1,4
W008176_Lithuania,2,0
W008176_Faroe Islands,0,2
W008177_Costa Rica,3,1
W008177_Guatemala,1,3
W008178_United States,4,0
W008178_Jamaica,0,4
M044082_Argentina,1,1
M044082_Chile,1,1
M044083_Spain,0,0
M044083_Sweden,0,0
M044084_Poland,1,2
M044084_Slovakia,2,1
M044085_Scotland,0,2
M044085_Czech Republic,2,0
M044086_Libya,0,1
M044086_Liberia,1,0
M044087_Paraguay,3,1
M044087_Bolivia,1,3
W008179_Czech Republic,0,5
W008179_Poland,5,0
W008180_Austria,2,3
W008180_Italy,3,2
W008181_Hungary,2,3
W008181_Serbia,3,2
W008182_Slovakia,3,1
W008182_Romania,1,3
W008183_Uzbekistan,1,1
W008183_Belarus,1,1
W008184_Brazil,0,0
W008184_Canada,0,0
W008185_Finland,0,1
W008185_Russia,1,0
W008186_Turkey,3,1
W008186_Bulgaria,1,3
W008187_Georgia,0,0
W008187_Azerbaijan,0,0
M044088_Saudi Arabia,3,0
M044088_Uzbekistan,0,3
M044089_Bangladesh,0,3
M044089_Oman,3,0
M044090_Philippines,1,1
M044090_Maldives,1,1
M044091_India,1,1
M044091_Afghanistan,1,1
M044092_Tajikistan,4,0
M044092_Myanmar,0,4
M044093_Japan,5,1
M044093_Kyrgyzstan,1,5
M044094_Thailand,0,1
M044094_Malaysia,1,0
M044095_United Arab Emirates,3,2
M044095_Vietnam,2,3
M044096_Canada,3,0
M044096_Haiti,0,3
M044097_Curaçao,0,0
M044097_Panama,0,0
M044098_El Salvador,2,0
M044098_Saint Kitts and Nevis,0,2
M044099_Tunisia,1,0
M044099_Mali,0,1
M044100_Djibouti,1,0
M044100_Somalia,0,1
M044101_Hungary,0,3
M044101_Portugal,3,0
M044102_Germany,0,1
M044102_France,1,0
M044103_Kuwait,2,1
M044103_Taiwan,1,2
M044104_Palestine,3,0
M044104_Yemen,0,3
M044105_Iran,1,0
M044105_Iraq,0,1
M044106_Bahrain,4,0
M044106_Hong Kong,0,4
M044107_Australia,1,0
M044107_Jordan,0,1
M044108_China PR,3,1
M044108_Syria,1,3
M044109_Sierra Leone,1,0
M044109_Benin,0,1
W008188_Germany,0,0
W008188_Chile,0,0
W008189_Netherlands,7,0
W008189_Norway,0,7
W008190_Sweden,0,0
W008190_Australia,0,0
W008191_Spain,3,0
W008191_Denmark,0,3
W008192_Wales,0,1
W008192_Scotland,1,0
W008193_Costa Rica,4,1
W008193_Guatemala,1,4
M044110_Turkey,0,2
M044110_Wales,2,0
M044111_Italy,3,0
M044111_Switzerland,0,3
M044112_Russia,1,0
M044112_Finland,0,1
W008194_United States,2,0
W008194_Nigeria,0,2
M044113_Algeria,5,1
M044113_Liberia,1,5
M044114_Denmark,1,2
M044114_Belgium,2,1
M044115_Ukraine,2,1
M044115_North Macedonia,1,2
M044116_Netherlands,2,0
M044116_Austria,0,2
M044117_Colombia,0,0
M044117_Venezuela,0,0
M044118_Brazil,4,0
M044118_Peru,0,4
M044119_Croatia,1,1
M044119_Czech Republic,1,1
M044120_England,0,0
M044120_Scotland,0,0
M044121_Sweden,1,0
M044121_Slovakia,0,1
M044122_Chile,1,0
M044122_Bolivia,0,1
M044123_Argentina,1,0
M044123_Uruguay,0,1
M044124_Spain,1,1
M044124_Poland,1,1
M044125_Hungary,1,1
M044125_France,1,1
M044126_Germany,4,2
M044126_Portugal,2,4
M044127_Libya,0,1
M044127_Sudan,1,0
M044128_Colombia,1,2
M044128_Peru,2,1
M044129_Venezuela,2,2
M044129_Ecuador,2,2
M044130_Oman,2,1
M044130_Somalia,1,2
M044131_Italy,1,0
M044131_Wales,0,1
M044132_Switzerland,3,1
M044132_Turkey,1,3
M044133_Denmark,4,1
M044133_Russia,1,4
M044134_Finland,0,2
M044134_Belgium,2,0
M044135_Netherlands,3,0
M044135_North Macedonia,0,3
M044136_Ukraine,0,1
M044136_Austria,1,0
M044137_Uruguay,1,1
M044137_Chile,1,1
M044138_Argentina,1,0
M044138_Paraguay,0,1
M044139_Scotland,1,3
M044139_Croatia,3,1
M044140_England,1,0
M044140_Czech Republic,0,1
M044141_Mauritania,2,0
M044141_Yemen,0,2
M044142_Portugal,2,2
M044142_France,2,2
M044143_Spain,5,0
M044143_Slovakia,0,5
M044144_Sweden,3,2
M044144_Poland,2,3
M044145_Ecuador,2,2
M044145_Peru,2,2
M044146_Germany,2,2
M044146_Hungary,2,2
M044147_Lebanon,1,0
M044147_Djibouti,0,1
M044148_Brazil,2,1
M044148_Colombia,1,2
M044149_Bolivia,0,2
M044149_Uruguay,2,0
M044150_Chile,0,2
M044150_Paraguay,2,0
M044151_Palestine,5,1
M044151_Comoros,1,5
M044152_Bahrain,2,0
M044152_Kuwait,0,2
M044153_Italy,2,1
M044153_Austria,1,2
M044154_Wales,0,4
M044154_Denmark,4,0
M044155_Netherlands,0,2
M044155_Czech Republic,2,0
M044156_Belgium,1,0
M044156_Portugal,0,1
M044157_Brazil,1,1
M044157_Ecuador,1,1
M044158_Venezuela,0,1
M044158_Peru,1,0
M044159_El Salvador,0,0
M044159_Guatemala,0,0
M044160_Argentina,4,1
M044160_Bolivia,1,4
M044161_Uruguay,1,0
M044161_Paraguay,0,1
M044162_Croatia,3,5
M044162_Spain,5,3
M044163_France,3,3
M044163_Switzerland,3,3
M044164_England,2,0
M044164_Germany,0,2
M044165_Sweden,1,2
M044165_Ukraine,2,1
M044166_Mexico,3,0
M044166_Panama,0,3
W008195_United States,4,0
W008195_Mexico,0,4
M044167_Bermuda,8,1
M044167_Barbados,1,8
M044168_Trinidad and Tobago,6,1
M044168_Montserrat,1,6
M044169_Haiti,6,1
M044169_Saint Vincent and the Grenadines,1,6
M044170_Brazil,1,0
M044170_Chile,0,1
M044171_Belgium,1,2
M044171_Italy,2,1
M044172_Switzerland,1,1
M044172_Spain,1,1
M044173_Peru,3,3
M044173_Paraguay,3,3
M044174_Mexico,4,0
M044174_Nigeria,0,4
M044175_Uruguay,0,0
M044175_Colombia,0,0
M044176_Argentina,3,0
M044176_Ecuador,0,3
M044177_Guatemala,4,0
M044177_Guyana,0,4
M044178_Cuba,0,3
M044178_French Guiana,3,0
M044179_Guadeloupe,2,0
M044179_Bahamas,0,2
M044180_Czech Republic,1,2
M044180_Denmark,2,1
M044181_Ukraine,0,4
M044181_England,4,0
M044182_Qatar,1,0
M044182_El Salvador,0,1
W008196_Panama,2,0
W008196_Nicaragua,0,2
M044183_Brazil,1,0
M044183_Peru,0,1
W008197_United States,4,0
W008197_Mexico,0,4
M044184_Argentina,1,1
M044184_Colombia,1,1
M044185_Italy,1,1
M044185_Spain,1,1
M044186_Haiti,4,1
M044186_Bermuda,1,4
M044187_Guatemala,1,1
M044187_Guadeloupe,1,1
M044188_Trinidad and Tobago,1,1
M044188_French Guiana,1,1
M044189_Eswatini,3,1
M044189_Lesotho,1,3
M044190_South Africa,1,0
M044190_Botswana,0,1
M044191_Mozambique,0,0
M044191_Zimbabwe,0,0
M044192_Senegal,1,2
M044192_Namibia,2,1
M044193_England,2,1
M044193_Denmark,1,2
M044194_Zambia,1,2
M044194_Lesotho,2,1
M044195_South Africa,1,0
M044195_Eswatini,0,1
M044196_Malawi,2,2
M044196_Zimbabwe,2,2
M044197_Senegal,1,0
M044197_Mozambique,0,1
M044198_Peru,2,3
M044198_Colombia,3,2
M044199_Brazil,0,1
M044199_Argentina,1,0
M044200_Lesotho,0,4
M044200_Botswana,4,0
M044201_Zambia,0,1
M044201_Eswatini,1,0
M044202_Mexico,0,0
M044202_Trinidad and Tobago,0,0
M044203_England,1,1
M044203_Italy,1,1
M044204_Namibia,2,0
M044204_Zimbabwe,0,2
M044205_Mozambique,2,0
M044205_Malawi,0,2
M044206_El Salvador,2,0
M044206_Guatemala,0,2
M044207_Canada,4,1
M044207_Martinique,1,4
M044208_United States,1,0
M044208_Haiti,0,1
M044209_Jamaica,2,0
M044209_Suriname,0,2
M044210_Costa Rica,3,1
M044210_Guadeloupe,1,3
W008198_Albania,1,2
W008198_Turkey,2,1
M044211_Malawi,1,1
M044211_Namibia,1,1
M044212_Qatar,3,3
M044212_Panama,3,3
M044213_Honduras,4,0
M044213_Grenada,0,4
M044214_Botswana,1,2
M044214_Zambia,2,1
M044215_Senegal,2,1
M044215_Zimbabwe,1,2
M044216_South Africa,4,0
M044216_Lesotho,0,4
M044217_South Africa,0,0
M044217_Zambia,0,0
M044218_Mozambique,1,0
M044218_Namibia,0,1
M044219_Senegal,2,1
M044219_Malawi,1,2
M044220_Trinidad and Tobago,0,2
M044220_El Salvador,2,0
M044221_Guatemala,0,3
M044221_Mexico,3,0
M044222_Eswatini,1,1
M044222_Botswana,1,1
W008199_Japan,1,0
W008199_Australia,0,1
M044223_Haiti,1,4
M044223_Canada,4,1
M044224_United States,6,1
M044224_Martinique,1,6
M044225_Senegal,2,2
M044225_Eswatini,2,2
M044226_South Africa,3,0
M044226_Mozambique,0,3
M044227_Guadeloupe,1,2
M044227_Jamaica,2,1
M044228_Suriname,1,2
M044228_Costa Rica,2,1
M044229_Grenada,0,4
M044229_Qatar,4,0
M044230_Panama,2,3
M044230_Honduras,3,2
M044231_South Africa,0,0
M044231_Senegal,0,0
M044232_Guatemala,1,1
M044232_Trinidad and Tobago,1,1
M044233_Mexico,1,0
M044233_El Salvador,0,1
M044234_Martinique,1,2
M044234_Haiti,2,1
M044235_United States,1,0
M044235_Canada,0,1
M044236_Eswatini,1,1
M044236_Mozambique,1,1
M044237_Panama,3,1
M044237_Grenada,1,3
M044238_Costa Rica,1,0
M044238_Jamaica,0,1
M044239_Honduras,0,2
M044239_Qatar,2,0
M044240_Suriname,2,1
M044240_Guadeloupe,1,2
W008200_Great Britain,2,0
W008200_Chile,0,2
W008201_Australia,2,1
W008201_New Zealand,1,2
W008202_Sweden,3,0
W008202_United States,0,3
W008203_Zambia,3,10
W008203_Netherlands,10,3
W008204_China PR,0,5
W008204_Brazil,5,0
W008205_Japan,1,1
W008205_Canada,1,1
M044241_Mexico,3,0
M044241_Honduras,0,3
M044242_Qatar,3,2
M044242_El Salvador,2,3
W008206_China PR,4,4
W008206_Zambia,4,4
W008207_Japan,0,1
W008207_Great Britain,1,0
W008208_Chile,1,2
W008208_Canada,2,1
W008209_New Zealand,1,6
W008209_United States,6,1
W008210_Sweden,4,2
W008210_Australia,2,4
W008211_Netherlands,3,3
W008211_Brazil,3,3
M044243_Costa Rica,0,2
M044243_Canada,2,0
M044244_United States,1,0
M044244_Jamaica,0,1
W008212_Japan,1,0
W008212_Chile,0,1
W008213_Canada,1,1
W008213_Great Britain,1,1
W008214_Netherlands,8,2
W008214_China PR,2,8
W008215_Brazil,1,0
W008215_Zambia,0,1
W008216_New Zealand,0,2
W008216_Sweden,2,0
W008217_United States,0,0
W008217_Australia,0,0
M044245_Mexico,2,1
M044245_Canada,1,2
M044246_United States,1,0
M044246_Qatar,0,1
W008218_Canada,0,0
W008218_Brazil,0,0
W008219_Japan,1,3
W008219_Sweden,3,1
W008220_Netherlands,2,2
W008220_United States,2,2
W008221_Great Britain,3,4
W008221_Australia,4,3
M044247_United States,1,0
M044247_Mexico,0,1
W008222_Australia,0,1
W008222_Sweden,1,0
W008223_United States,0,1
W008223_Canada,1,0
W008224_Australia,3,4
W008224_United States,4,3
W008225_Sweden,1,1
W008225_Canada,1,1
M044248_El Salvador,0,0
M044248_Costa Rica,0,0
M044249_Niger,2,1
M044249_Sudan,1,2
W008226_Tunisia,0,0
W008226_Lebanon,0,0
W008227_Egypt,10,0
W008227_Sudan,0,10
W008228_Jordan,1,3
W008228_Algeria,3,1
M044250_Ethiopia,0,0
M044250_Sierra Leone,0,0
M044251_Sudan,3,0
M044251_Niger,0,3
W008229_Sudan,1,12
W008229_Tunisia,12,1
W008230_Egypt,4,0
W008230_Lebanon,0,4
W008231_Algeria,4,1
W008231_Palestine,1,4
M044252_Ethiopia,2,1
M044252_Uganda,1,2
W008232_Lebanon,5,1
W008232_Sudan,1,5
W008233_Egypt,2,2
W008233_Tunisia,2,2
W008234_Palestine,1,4
W008234_Jordan,4,1
M044253_Russia,0,0
M044253_Croatia,0,0
M044254_Slovenia,1,1
M044254_Slovakia,1,1
M044255_Malta,3,0
M044255_Cyprus,0,3
M044256_Turkey,2,2
M044256_Montenegro,2,2
M044257_Latvia,3,1
M044257_Gibraltar,1,3
M044258_Norway,1,1
M044258_Netherlands,1,1
M044259_Moldova,0,2
M044259_Austria,2,0
M044260_Denmark,2,0
M044260_Scotland,0,2
M044261_Faroe Islands,0,4
M044261_Israel,4,0
M044262_France,1,1
M044262_Bosnia and Herzegovina,1,1
M044263_Luxembourg,2,1
M044263_Azerbaijan,1,2
M044264_Portugal,2,1
M044264_Republic of Ireland,1,2
M044265_Libya,2,1
M044265_Gabon,1,2
M044266_Bahrain,6,1
M044266_Haiti,1,6
M044267_Comoros,7,1
M044267_Seychelles,1,7
M044268_Finland,0,0
M044268_Wales,0,0
M044269_Qatar,0,4
M044269_Serbia,4,0
M044270_Switzerland,2,1
M044270_Greece,1,2
M044271_Central African Republic,1,1
M044271_Cape Verde,1,1
M044272_Mali,1,0
M044272_Rwanda,0,1
M044273_Egypt,1,0
M044273_Angola,0,1
M044274_Kazakhstan,2,2
M044274_Ukraine,2,2
M044275_Senegal,2,0
M044275_Togo,0,2
M044276_Guinea-Bissau,1,1
M044276_Guinea,1,1
M044277_Madagascar,0,1
M044277_Benin,1,0
M044278_Andorra,2,0
M044278_San Marino,0,2
M044279_Hungary,0,4
M044279_England,4,0
M044280_Poland,4,1
M044280_Albania,1,4
M044281_Iceland,0,2
M044281_Romania,2,0
M044282_Liechtenstein,0,2
M044282_Germany,2,0
M044283_North Macedonia,0,0
M044283_Armenia,0,0
M044284_Estonia,2,5
M044284_Belgium,5,2
M044285_Bolivia,1,1
M044285_Colombia,1,1
M044286_Peru,1,1
M044286_Uruguay,1,1
M044287_Venezuela,1,3
M044287_Argentina,3,1
M044288_Chile,0,1
M044288_Brazil,1,0
M044289_Canada,1,1
M044289_Honduras,1,1
M044290_El Salvador,0,0
M044290_United States,0,0
M044291_Panama,0,0
M044291_Costa Rica,0,0
M044292_Ecuador,2,0
M044292_Paraguay,0,2
M044293_Mexico,2,1
M044293_Jamaica,1,2
M044294_Czech Republic,1,0
M044294_Belarus,0,1
M044295_Nepal,1,1
M044295_India,1,1
M044296_Georgia,0,1
M044296_Kosovo,1,0
M044297_Saudi Arabia,3,1
M044297_Vietnam,1,3
M044298_Australia,3,0
M044298_China PR,0,3
M044299_Japan,0,1
M044299_Oman,1,0
M044300_United Arab Emirates,0,0
M044300_Lebanon,0,0
M044301_Iran,1,0
M044301_Syria,0,1
M044302_Kyrgyzstan,1,0
M044302_Palestine,0,1
M044303_South Korea,0,0
M044303_Iraq,0,0
M044304_DR Congo,1,1
M044304_Tanzania,1,1
M044305_Morocco,2,0
M044305_Sudan,0,2
M044306_Namibia,1,1
M044306_Congo,1,1
M044307_Kenya,0,0
M044307_Uganda,0,0
M044308_Algeria,8,0
M044308_Djibouti,0,8
M044309_Niger,0,2
M044309_Burkina Faso,2,0
M044310_Lithuania,1,4
M044310_Northern Ireland,4,1
M044311_Sweden,2,1
M044311_Spain,1,2
M044312_Italy,1,1
M044312_Bulgaria,1,1
M044313_Mauritania,1,2
M044313_Zambia,2,1
M044314_Ghana,1,0
M044314_Ethiopia,0,1
M044315_Zimbabwe,0,0
M044315_South Africa,0,0
M044316_Mozambique,0,0
M044316_Ivory Coast,0,0
M044317_Nigeria,2,0
M044317_Liberia,0,2
M044318_Tunisia,3,0
M044318_Equatorial Guinea,0,3
M044319_Cameroon,2,0
M044319_Malawi,0,2
W008235_Egypt,2,5
W008235_Jordan,5,2
W008236_Algeria,2,2
W008236_Tunisia,2,2
M044320_Ukraine,1,1
M044320_France,1,1
M044321_Bosnia and Herzegovina,1,0
M044321_Kuwait,0,1
M044322_Burundi,8,1
M044322_Seychelles,1,8
M044323_Haiti,2,0
M044323_Jordan,0,2
M044324_Qatar,1,3
M044324_Portugal,3,1
M044325_Republic of Ireland,1,1
M044325_Azerbaijan,1,1
M044326_Serbia,4,1
M044326_Luxembourg,1,4
M044327_Finland,1,0
M044327_Kazakhstan,0,1
M044328_Faroe Islands,0,1
M044328_Denmark,1,0
M044329_Israel,5,2
M044329_Austria,2,5
M044330_Latvia,0,2
M044330_Norway,2,0
M044331_Gibraltar,0,3
M044331_Turkey,3,0
M044332_Netherlands,4,0
M044332_Montenegro,0,4
M044333_Slovenia,1,0
M044333_Malta,0,1
M044334_Cyprus,0,2
M044334_Russia,2,0
M044335_Slovakia,0,1
M044335_Croatia,1,0
M044336_Scotland,1,0
M044336_Moldova,0,1
M044337_Spain,4,0
M044337_Georgia,0,4
M044338_Iceland,2,2
M044338_North Macedonia,2,2
M044339_Germany,6,0
M044339_Armenia,0,6
M044340_Ecuador,0,0
M044340_Chile,0,0
M044341_Paraguay,1,1
M044341_Colombia,1,1
M044342_El Salvador,0,0
M044342_Honduras,0,0
M044343_Peru,1,0
M044343_Venezuela,0,1
M044344_Costa Rica,0,1
M044344_Mexico,1,0
M044345_San Marino,1,7
M044345_Poland,7,1
M044346_Jamaica,0,3
M044346_Panama,3,0
M044347_United States,1,1
M044347_Canada,1,1
M044348_Uruguay,4,2
M044348_Bolivia,2,4
M044349_Albania,1,0
M044349_Hungary,0,1
M044350_Romania,2,0
M044350_Liechtenstein,0,2
M044351_Belgium,3,0
M044351_Czech Republic,0,3
M044352_England,4,0
M044352_Andorra,0,4
M044353_Bangladesh,0,2
M044353_Palestine,2,0
M044354_Estonia,0,1
M044354_Northern Ireland,1,0
M044355_Nepal,1,2
M044355_India,2,1
M044356_Sweden,2,1
M044356_Uzbekistan,1,2
M044357_Togo,0,1
M044357_Namibia,1,0
M044358_Gabon,1,1
M044358_Egypt,1,1
M044359_Kosovo,1,1
M044359_Greece,1,1
M044360_Bulgaria,1,0
M044360_Lithuania,0,1
M044361_Switzerland,0,0
M044361_Italy,0,0
M044362_Rwanda,1,1
M044362_Kenya,1,1
M044363_Belarus,2,3
M044363_Wales,3,2
M044364_Benin,1,1
M044364_DR Congo,1,1
M044365_South Africa,1,0
M044365_Ghana,0,1
M044366_Uganda,0,0
M044366_Mali,0,0
M044367_Liberia,1,0
M044367_Central African Republic,0,1
M044368_Djibouti,2,4
M044368_Niger,4,2
M044369_Ivory Coast,2,1
M044369_Cameroon,1,2
W008237_Jordan,1,0
W008237_Tunisia,0,1
M044370_Kyrgyzstan,4,1
M044370_Bangladesh,1,4
M044371_Bahrain,1,2
M044371_Jordan,2,1
M044372_Comoros,1,0
M044372_Burundi,0,1
M044373_Luxembourg,1,1
M044373_Qatar,1,1
M044374_Burkina Faso,1,1
M044374_Algeria,1,1
M044375_Zambia,0,2
M044375_Tunisia,2,0
M044376_Equatorial Guinea,1,0
M044376_Mauritania,0,1
M044377_Cape Verde,1,2
M044377_Nigeria,2,1
M044378_Malawi,1,0
M044378_Mozambique,0,1
M044379_Congo,1,3
M044379_Senegal,3,1
M044380_Ethiopia,1,0
M044380_Zimbabwe,0,1
M044381_Republic of Ireland,1,1
M044381_Serbia,1,1
M044382_Syria,1,1
M044382_United Arab Emirates,1,1
M044383_South Korea,1,0
M044383_Lebanon,0,1
M044384_Iraq,0,3
M044384_Iran,3,0
M044385_China PR,0,1
M044385_Japan,1,0
M044386_Vietnam,0,1
M044386_Australia,1,0
M044387_Oman,0,1
M044387_Saudi Arabia,1,0
M044388_Azerbaijan,0,3
M044388_Portugal,3,0
M044389_Bosnia and Herzegovina,2,2
M044389_Kazakhstan,2,2
M044390_France,2,0
M044390_Finland,0,2
M044391_Faroe Islands,2,1
M044391_Moldova,1,2
M044392_Austria,0,1
M044392_Scotland,1,0
M044393_Denmark,5,0
M044393_Israel,0,5
M044394_Tanzania,3,2
M044394_Madagascar,2,3
M044395_Montenegro,0,0
M044395_Latvia,0,0
M044396_Netherlands,6,1
M044396_Turkey,1,6
M044397_Norway,5,1
M044397_Gibraltar,1,5
M044398_Croatia,3,0
M044398_Slovenia,0,3
M044399_Slovakia,2,0
M044399_Cyprus,0,2
M044400_Russia,2,0
M044400_Malta,0,2
M044401_Angola,0,1
M044401_Libya,1,0
M044402_Sudan,2,4
M044402_Guinea-Bissau,4,2
M044403_Armenia,1,1
M044403_Liechtenstein,1,1
M044404_Iceland,0,4
M044404_Germany,4,0
M044405_North Macedonia,0,0
M044405_Romania,0,0
M044406_Costa Rica,1,1
M044406_Jamaica,1,1
M044407_Panama,1,1
M044407_Mexico,1,1
M044408_Canada,3,0
M044408_El Salvador,0,3
M044409_Honduras,1,4
M044409_United States,4,1
M044410_Poland,1,1
M044410_England,1,1
M044411_Wales,0,0
M044411_Estonia,0,0
M044412_Albania,5,0
M044412_San Marino,0,5
M044413_Belarus,0,1
M044413_Belgium,1,0
M044414_Bulgaria,4,1
M044414_Georgia,1,4
M044415_Czech Republic,1,1
M044415_Ukraine,1,1
M044416_Guatemala,2,2
M044416_Nicaragua,2,2
M044417_Kosovo,0,2
M044417_Spain,2,0
M044418_Greece,2,1
M044418_Sweden,1,2
M044419_Northern Ireland,0,0
M044419_Switzerland,0,0
M044420_Italy,5,0
M044420_Lithuania,0,5
M044421_Hungary,2,1
M044421_Andorra,1,2
M044422_Colombia,3,1
M044422_Chile,1,3
M044423_Paraguay,2,1
M044423_Venezuela,1,2
M044424_Uruguay,1,0
M044424_Ecuador,0,1
M044425_Brazil,2,0
M044425_Peru,0,2
M044426_Argentina,3,0
M044426_Bolivia,0,3
W008238_Nepal,0,0
W008238_Bangladesh,0,0
W008239_Chile,1,0
W008239_Uruguay,0,1
W008240_Nigeria,2,0
W008240_Mali,0,2
W008241_Cameroon,0,1
W008241_Morocco,1,0
W008242_Denmark,7,0
W008242_Malta,0,7
W008243_United States,9,0
W008243_Paraguay,0,9
W008244_Albania,1,1
W008244_Kosovo,1,1
W008245_Norway,10,0
W008245_Armenia,0,10
W008246_Faroe Islands,0,10
W008246_Spain,10,0
W008247_Turkey,1,1
W008247_Portugal,1,1
W008248_Romania,2,0
W008248_Croatia,0,2
W008249_Chile,2,2
W008249_Uruguay,2,2
W008250_South Africa,3,0
W008250_Ghana,0,3
W008251_Bosnia and Herzegovina,2,3
W008251_Montenegro,3,2
W008252_Wales,6,0
W008252_Kazakhstan,0,6
W008253_Estonia,0,4
W008253_Slovenia,4,0
W008254_Greece,0,10
W008254_France,10,0
W008255_Brazil,3,1
W008255_Argentina,1,3
W008256_Switzerland,4,1
W008256_Lithuania,1,4
W008257_Poland,1,1
W008257_Belgium,1,1
W008258_Northern Ireland,4,0
W008258_Luxembourg,0,4
W008259_England,8,0
W008259_North Macedonia,0,8
W008260_Latvia,1,8
W008260_Austria,8,1
W008261_Netherlands,1,1
W008261_Czech Republic,1,1
W008262_Belarus,4,1
W008262_Cyprus,1,4
W008263_Hungary,0,2
W008263_Scotland,2,0
W008264_Slovakia,0,1
W008264_Sweden,1,0
W008265_Mongolia,0,12
W008265_South Korea,12,0
W008266_Italy,3,0
W008266_Moldova,0,3
W008267_Ecuador,1,0
W008267_Peru,0,1
W008268_Germany,7,0
W008268_Bulgaria,0,7
W008269_Nepal,1,2
W008269_Philippines,2,1
W008270_Costa Rica,1,2
W008270_Panama,2,1
W008271_Bangladesh,0,5
W008271_Jordan,5,0
W008272_Malaysia,0,4
W008272_Thailand,4,0
W008273_Israel,0,4
W008273_Portugal,4,0
W008274_Morocco,0,0
W008274_Mali,0,0
W008275_Uzbekistan,12,0
W008275_Mongolia,0,12
W008276_Cameroon,0,2
W008276_Ghana,2,0
W008277_Brazil,4,1
W008277_Argentina,1,4
W008278_Hong Kong,0,0
W008278_Nepal,0,0
W008279_Finland,2,1
W008279_Slovakia,1,2
W008280_Malta,2,2
W008280_Bosnia and Herzegovina,2,2
W008281_Azerbaijan,0,8
W008281_Denmark,8,0
W008282_Slovenia,2,3
W008282_France,3,2
W008283_Greece,3,2
W008283_Kazakhstan,2,3
W008284_Estonia,0,1
W008284_Wales,1,0
W008285_Germany,5,1
W008285_Serbia,1,5
W008286_Romania,3,0
W008286_Lithuania,0,3
W008287_Moldova,0,6
W008287_Switzerland,6,0
W008288_Croatia,0,5
W008288_Italy,5,0
W008289_Belgium,7,0
W008289_Albania,0,7
W008290_Kosovo,0,3
W008290_Norway,3,0
W008291_Luxembourg,0,10
W008291_England,10,0
W008292_Northern Ireland,4,0
W008292_Latvia,0,4
W008293_North Macedonia,0,6
W008293_Austria,6,0
W008294_Iceland,0,2
W008294_Netherlands,2,0
W008295_Czech Republic,8,0
W008295_Cyprus,0,8
W008296_Scotland,7,1
W008296_Faroe Islands,1,7
W008297_Hungary,0,7
W008297_Spain,7,0
W008298_Sweden,4,0
W008298_Georgia,0,4
W008299_Republic of Ireland,3,2
W008299_Australia,2,3
W008300_United States,8,0
W008300_Paraguay,0,8
W008301_Nigeria,2,4
W008301_South Africa,4,2
W008302_Armenia,0,1
W008302_Poland,1,0
W008303_Iran,5,0
W008303_Bangladesh,0,5
W008304_Costa Rica,3,2
W008304_Panama,2,3
W008305_Palestine,0,2
W008305_Malaysia,2,0
W008306_Mexico,2,0
W008306_Colombia,0,2
W008307_Maldives,0,16
W008307_Vietnam,16,0
W008308_Uzbekistan,0,4
W008308_South Korea,4,0
M044427_El Salvador,0,2
M044427_Guatemala,2,0
W008309_Singapore,0,1
W008309_Indonesia,1,0
W008310_Philippines,2,1
W008310_Hong Kong,1,2
W008311_Jordan,0,0
W008311_Iran,0,0
W008312_Palestine,0,7
W008312_Thailand,7,0
W008313_Tajikistan,4,0
W008313_Maldives,0,4
W008314_Indonesia,1,0
W008314_Singapore,0,1
W008315_South Africa,2,1
W008315_Malawi,1,2
W008316_Angola,2,2
W008316_Mozambique,2,2
W008317_Tanzania,3,0
W008317_Zimbabwe,0,3
W008318_Tajikistan,0,7
W008318_Vietnam,7,0
W008319_Botswana,7,0
W008319_South Sudan,0,7
M044428_Egypt,2,0
M044428_Liberia,0,2
W008320_Namibia,0,0
W008320_Uganda,0,0
W008321_Zambia,5,0
W008321_Eswatini,0,5
M044429_Sri Lanka,0,1
M044429_Bangladesh,1,0
M044430_Maldives,0,1
M044430_Nepal,1,0
W008322_Malawi,3,2
W008322_Mozambique,2,3
W008323_South Africa,0,0
W008323_Angola,0,0
W008324_South Sudan,1,2
W008324_Zimbabwe,2,1
W008325_Botswana,0,2
W008325_Tanzania,2,0
W008326_Eswatini,1,5
W008326_Uganda,5,1
W008327_Zambia,3,0
W008327_Namibia,0,3
M044431_Sri Lanka,2,3
M044431_Nepal,3,2
M044432_Bangladesh,1,1
M044432_India,1,1
W008328_Angola,0,2
W008328_Malawi,2,0
W008329_Botswana,0,3
W008329_Zimbabwe,3,0
W008330_Tanzania,3,0
W008330_South Sudan,0,3
W008331_South Africa,3,1
W008331_Mozambique,1,3
W008332_Namibia,1,0
W008332_Eswatini,0,1
W008333_Zambia,1,0
W008333_Uganda,0,1
M044433_Sudan,1,1
M044433_Guinea,1,1
M044434_Morocco,5,0
M044434_Guinea-Bissau,0,5
M044435_Bahrain,4,0
M044435_Curaçao,0,4
M044436_Jordan,4,0
M044436_Malaysia,0,4
M044437_Sierra Leone,1,1
M044437_South Sudan,1,1
M044438_Italy,1,2
M044438_Spain,2,1
M044439_DR Congo,2,0
M044439_Madagascar,0,2
M044440_Tanzania,0,1
M044440_Benin,1,0
M044441_Ecuador,3,0
M044441_Bolivia,0,3
M044442_Venezuela,1,3
M044442_Brazil,3,1
M044443_Indonesia,2,1
M044443_Taiwan,1,2
M044444_Peru,2,0
M044444_Chile,0,2
M044445_Uruguay,0,0
M044445_Colombia,0,0
M044446_Mali,5,0
M044446_Kenya,0,5
M044447_India,0,0
M044447_Sri Lanka,0,0
M044448_Maldives,2,0
M044448_Bangladesh,0,2
M044449_Paraguay,0,0
M044449_Argentina,0,0
M044450_Rwanda,0,1
M044450_Uganda,1,0
M044451_Mexico,1,1
M044451_Canada,1,1
M044452_Liberia,1,2
M044452_Cape Verde,2,1
M044453_Tunisia,3,0
M044453_Mauritania,0,3
M044454_Equatorial Guinea,2,0
M044454_Zambia,0,2
M044455_El Salvador,1,0
M044455_Panama,0,1
M044456_Honduras,0,0
M044456_Costa Rica,0,0
M044457_Australia,3,1
M044457_Oman,1,3
M044458_China PR,3,2
M044458_Vietnam,2,3
M044459_Saudi Arabia,1,0
M044459_Japan,0,1
M044460_United Arab Emirates,0,1
M044460_Iran,1,0
M044461_South Korea,2,1
M044461_Syria,1,2
M044462_Iraq,0,0
M044462_Lebanon,0,0
M044463_Nigeria,0,1
M044463_Central African Republic,1,0
M044464_United States,2,0
M044464_Jamaica,0,2
M044465_Belgium,2,3
M044465_France,3,2
W008334_Tanzania,1,1
W008334_Zambia,1,1
W008335_South Africa,2,3
W008335_Malawi,3,2
M044466_Cameroon,3,1
M044466_Mozambique,1,3
M044467_Egypt,1,0
M044467_Libya,0,1
M044468_Angola,3,1
M044468_Gabon,1,3
M044469_Malawi,0,3
M044469_Ivory Coast,3,0
M044470_Djibouti,0,4
M044470_Burkina Faso,4,0
M044471_Algeria,6,1
M044471_Niger,1,6
M044472_Liechtenstein,0,4
M044472_North Macedonia,4,0
M044473_Germany,2,1
M044473_Romania,1,2
M044474_Russia,1,0
M044474_Slovakia,0,1
M044475_Iceland,1,1
M044475_Armenia,1,1
M044476_Malta,0,4
M044476_Slovenia,4,0
M044477_Turkey,1,1
M044477_Norway,1,1
M044478_Latvia,0,1
M044478_Netherlands,1,0
M044479_Gibraltar,0,3
M044479_Montenegro,3,0
M044480_Estonia,2,0
M044480_Belarus,0,2
M044481_Czech Republic,2,2
M044481_Wales,2,2
M044482_Cyprus,0,3
M044482_Croatia,3,0
M044483_Scotland,3,2
M044483_Israel,2,3
M044484_Poland,5,0
M044484_San Marino,0,5
M044485_Ethiopia,1,3
M044485_South Africa,3,1
M044486_Ghana,3,1
M044486_Zimbabwe,1,3
M044487_Hungary,0,1
M044487_Albania,1,0
M044488_Andorra,0,5
M044488_England,5,0
M044489_Moldova,0,4
M044489_Denmark,4,0
M044490_Faroe Islands,0,2
M044490_Austria,2,0
M044491_Kazakhstan,0,2
M044491_Bosnia and Herzegovina,2,0
M044492_Azerbaijan,0,3
M044492_Republic of Ireland,3,0
M044493_Switzerland,2,0
M044493_Northern Ireland,0,2
M044494_Lithuania,3,1
M044494_Bulgaria,1,3
M044495_Georgia,0,2
M044495_Greece,2,0
M044496_Sweden,3,0
M044496_Kosovo,0,3
M044497_Luxembourg,0,1
M044497_Serbia,1,0
M044498_Togo,1,1
M044498_Congo,1,1
M044499_Finland,1,2
M044499_Ukraine,2,1
M044500_Senegal,4,1
M044500_Namibia,1,4
M044501_Portugal,3,0
M044501_Qatar,0,3
M044502_Curaçao,1,2
M044502_New Zealand,2,1
M044503_Gambia,1,2
M044503_Sierra Leone,2,1
M044504_Guinea,2,2
M044504_Sudan,2,2
M044505_Uzbekistan,5,1
M044505_Malaysia,1,5
M044506_Guam,0,1
M044506_Cambodia,1,0
M044507_Morocco,3,0
M044507_Guinea-Bissau,0,3
W008336_South Africa,1,1
W008336_Zambia,1,1
W008337_Tanzania,1,0
W008337_Malawi,0,1
M044508_Spain,1,2
M044508_France,2,1
M044509_Italy,2,1
M044509_Belgium,1,2
M044510_Nepal,0,1
M044510_India,1,0
M044511_Maldives,1,0
M044511_Sri Lanka,0,1
M044512_Chile,2,0
M044512_Paraguay,0,2
M044513_Argentina,3,0
M044513_Uruguay,0,3
M044514_Venezuela,2,1
M044514_Ecuador,1,2
M044515_Colombia,0,0
M044515_Brazil,0,0
M044516_Bolivia,1,0
M044516_Peru,0,1
M044517_Madagascar,1,0
M044517_DR Congo,0,1
M044518_Benin,0,1
M044518_Tanzania,1,0
M044519_Panama,1,0
M044519_United States,0,1
M044520_Uganda,1,0
M044520_Rwanda,0,1
M044521_Kenya,0,1
M044521_Mali,1,0
M044522_Cape Verde,1,0
M044522_Liberia,0,1
M044523_Central African Republic,0,2
M044523_Nigeria,2,0
M044524_Mauritania,0,0
M044524_Tunisia,0,0
M044525_Zambia,1,1
M044525_Equatorial Guinea,1,1
M044526_Mexico,3,0
M044526_Honduras,0,3
M044527_Jamaica,0,0
M044527_Canada,0,0
M044528_Costa Rica,2,1
M044528_El Salvador,1,2
M044529_Libya,0,3
M044529_Egypt,3,0
M044530_Romania,1,0
M044530_Armenia,0,1
M044531_North Macedonia,0,4
M044531_Germany,4,0
M044532_Iceland,4,0
M044532_Liechtenstein,0,4
M044533_Gabon,2,0
M044533_Angola,0,2
M044534_Slovenia,1,2
M044534_Russia,2,1
M044535_Croatia,2,2
M044535_Slovakia,2,2
M044536_Taiwan,0,3
M044536_Indonesia,3,0
M044537_Latvia,1,2
M044537_Turkey,2,1
M044538_Ivory Coast,2,1
M044538_Malawi,1,2
M044539_Mozambique,0,1
M044539_Cameroon,1,0
M044540_Belarus,0,2
M044540_Czech Republic,2,0
M044541_Estonia,0,1
M044541_Wales,1,0
M044542_Cyprus,2,2
M044542_Malta,2,2
M044543_Burkina Faso,2,0
M044543_Djibouti,0,2
M044544_Norway,2,0
M044544_Montenegro,0,2
M044545_Netherlands,6,0
M044545_Gibraltar,0,6
M044546_Oman,3,1
M044546_Vietnam,1,3
M044547_Iran,1,1
M044547_South Korea,1,1
M044548_Morocco,4,1
M044548_Guinea,1,4
M044549_Syria,2,3
M044549_Lebanon,3,2
M044550_Cambodia,2,1
M044550_Guam,1,2
M044551_South Sudan,1,2
M044551_Gambia,2,1
M044552_Republic of Ireland,4,0
M044552_Qatar,0,4
M044553_Jordan,3,0
M044553_Uzbekistan,0,3
M044554_Bahrain,0,1
M044554_New Zealand,1,0
M044555_Congo,1,2
M044555_Togo,2,1
M044556_Namibia,1,3
M044556_Senegal,3,1
M044557_South Africa,1,0
M044557_Ethiopia,0,1
M044558_Zimbabwe,0,1
M044558_Ghana,1,0
M044559_Japan,2,1
M044559_Australia,1,2
M044560_Niger,0,4
M044560_Algeria,4,0
M044561_Albania,0,1
M044561_Poland,1,0
M044562_Saudi Arabia,3,2
M044562_China PR,2,3
M044563_Portugal,5,0
M044563_Luxembourg,0,5
M044564_Serbia,3,1
M044564_Azerbaijan,1,3
M044565_Kosovo,1,2
M044565_Georgia,2,1
M044566_Sweden,2,0
M044566_Greece,0,2
M044567_San Marino,0,3
M044567_Andorra,3,0
M044568_Bulgaria,2,1
M044568_Northern Ireland,1,2
M044569_Kazakhstan,0,2
M044569_Finland,2,0
M044570_Ukraine,1,1
M044570_Bosnia and Herzegovina,1,1
M044571_Faroe Islands,0,1
M044571_Scotland,1,0
M044572_Denmark,1,0
M044572_Austria,0,1
M044573_Israel,2,1
M044573_Moldova,1,2
M044574_United Arab Emirates,2,2
M044574_Iraq,2,2
M044575_Lithuania,0,4
M044575_Switzerland,4,0
M044576_England,1,1
M044576_Hungary,1,1
M044577_Bangladesh,1,1
M044577_Nepal,1,1
M044578_Maldives,1,3
M044578_India,3,1
M044579_Honduras,0,2
M044579_Jamaica,2,0
M044580_United States,2,1
M044580_Costa Rica,1,2
M044581_Canada,4,1
M044581_Panama,1,4
M044582_El Salvador,0,2
M044582_Mexico,2,0
M044583_Brazil,4,1
M044583_Uruguay,1,4
M044584_Chile,3,0
M044584_Venezuela,0,3
M044585_Colombia,0,0
M044585_Ecuador,0,0
M044586_Bolivia,4,0
M044586_Paraguay,0,4
M044587_Argentina,1,0
M044587_Peru,0,1
M044588_India,3,0
M044588_Nepal,0,3
W008338_Sierra Leone,0,2
W008338_Gambia,2,0
W008339_United Arab Emirates,2,1
W008339_Guam,1,2
W008340_Myanmar,4,0
W008340_Lebanon,0,4
W008341_Laos,0,4
W008341_Taiwan,4,0
W008342_Niger,0,9
W008342_Ivory Coast,9,0
W008343_Nigeria,2,0
W008343_Ghana,0,2
W008344_Burkina Faso,2,1
W008344_Benin,1,2
W008345_Guinea-Bissau,1,0
W008345_Mauritania,0,1
W008346_Mali,2,2
W008346_Guinea,2,2
W008347_Liberia,1,2
W008347_Senegal,2,1
W008348_Cameroon,1,0
W008348_Central African Republic,0,1
W008349_Congo,2,1
W008349_Gabon,1,2
W008350_Mozambique,0,7
W008350_South Africa,7,0
W008351_Algeria,14,0
W008351_Sudan,0,14
W008352_Uganda,2,0
W008352_Ethiopia,0,2
W008353_Angola,1,5
W008353_Botswana,5,1
W008354_Zimbabwe,3,1
W008354_Eswatini,1,3
W008355_Tanzania,1,2
W008355_Namibia,2,1
W008356_Malawi,1,1
W008356_Zambia,1,1
W008357_Eritrea,0,5
W008357_Burundi,5,0
W008358_Kenya,8,0
W008358_South Sudan,0,8
W008359_Egypt,2,6
W008359_Tunisia,6,2
W008360_Portugal,2,1
W008360_Serbia,1,2
W008361_Montenegro,2,0
W008361_Azerbaijan,0,2
W008362_Trinidad and Tobago,0,0
W008362_Panama,0,0
W008363_Costa Rica,0,0
W008363_Jamaica,0,0
W008364_Spain,3,0
W008364_Morocco,0,3
W008365_Israel,0,1
W008365_Germany,1,0
W008366_Denmark,8,0
W008366_Bosnia and Herzegovina,0,8
W008367_Turkey,1,0
W008367_Bulgaria,0,1
W008368_Albania,5,0
W008368_Armenia,0,5
W008369_Belgium,7,0
W008369_Kosovo,0,7
W008370_Latvia,1,4
W008370_North Macedonia,4,1
W008371_Ukraine,4,0
W008371_Faroe Islands,0,4
W008372_Republic of Ireland,0,1
W008372_Sweden,1,0
W008373_Georgia,0,3
W008373_Finland,3,0
W008374_Guam,0,8
W008374_Myanmar,8,0
W008375_Lebanon,1,0
W008375_United Arab Emirates,0,1
W008376_Poland,0,0
W008376_Norway,0,0
W008377_Bahrain,0,0
W008377_Laos,0,0
W008378_United States,0,0
W008378_South Korea,0,0
W008379_Slovenia,1,1
W008379_Wales,1,1
W008380_Kazakhstan,0,1
W008380_Greece,1,0
W008381_Switzerland,2,0
W008381_Romania,0,2
W008382_France,11,0
W008382_Estonia,0,11
W008383_Austria,5,0
W008383_Luxembourg,0,5
W008384_Iceland,4,0
W008384_Czech Republic,0,4
W008385_Cyprus,0,8
W008385_Netherlands,8,0
W008386_Scotland,2,1
W008386_Hungary,1,2
W008387_São Tomé and Príncipe,0,5
W008387_Togo,5,0
W008388_Italy,3,0
W008388_Croatia,0,3
W008389_Colombia,2,0
W008389_Chile,0,2
W008390_Canada,5,1
W008390_New Zealand,1,5
W008391_Mexico,6,1
W008391_Argentina,1,6
W008392_England,4,0
W008392_Northern Ireland,0,4
W008393_Namibia,3,2
W008393_Tanzania,2,3
W008394_Kenya,7,1
W008394_South Sudan,1,7
W008395_Australia,3,1
W008395_Brazil,1,3
W008396_Bahrain,0,2
W008396_Taiwan,2,0
W008397_Myanmar,2,0
W008397_United Arab Emirates,0,2
W008398_Guam,0,3
W008398_Lebanon,3,0
W008399_Cameroon,2,0
W008399_Central African Republic,0,2
W008400_Benin,1,3
W008400_Burkina Faso,3,1
W008401_Costa Rica,0,0
W008401_Jamaica,0,0
W008402_Ghana,1,0
W008402_Nigeria,0,1
W008403_Ecuador,1,4
W008403_Venezuela,4,1
W008404_Trinidad and Tobago,1,0
W008404_Panama,0,1
W008405_Guinea,0,2
W008405_Mali,2,0
W008406_Ivory Coast,11,0
W008406_Niger,0,11
W008407_Dominican Republic,1,1
W008407_Bolivia,1,1
W008408_Gambia,1,1
W008408_Sierra Leone,1,1
W008409_Norway,4,0
W008409_Belgium,0,4
W008410_Poland,2,0
W008410_Albania,0,2
W008411_Lithuania,0,5
W008411_Italy,5,0
W008412_Switzerland,5,0
W008412_Croatia,0,5
W008413_Germany,7,0
W008413_Israel,0,7
W008414_Bulgaria,0,5
W008414_Portugal,5,0
W008415_Serbia,2,0
W008415_Turkey,0,2
W008416_Greece,1,4
W008416_Slovenia,4,1
W008417_Armenia,0,1
W008417_Kosovo,1,0
W008418_Wales,4,0
W008418_Estonia,0,4
W008419_Montenegro,1,5
W008419_Denmark,5,1
W008420_Australia,2,2
W008420_Brazil,2,2
W008421_Scotland,0,2
W008421_Sweden,2,0
W008422_Canada,1,0
W008422_New Zealand,0,1
W008423_Kazakhstan,0,5
W008423_France,5,0
W008424_Northern Ireland,2,2
W008424_Austria,2,2
W008425_Azerbaijan,1,2
W008425_Malta,2,1
W008426_North Macedonia,2,3
W008426_Luxembourg,3,2
W008427_Ethiopia,2,0
W008427_Uganda,0,2
W008428_Latvia,0,10
W008428_England,10,0
W008429_Burundi,1,0
W008429_Eritrea,0,1
W008430_Eswatini,0,3
W008430_Zimbabwe,3,0
W008431_Botswana,2,0
W008431_Angola,0,2
W008432_South Africa,6,0
W008432_Mozambique,0,6
W008433_Tunisia,1,0
W008433_Egypt,0,1
W008434_Gabon,1,0
W008434_Congo,0,1
W008435_Zambia,3,2
W008435_Malawi,2,3
W008436_Mauritania,0,1
W008436_Guinea-Bissau,1,0
W008437_Slovakia,2,0
W008437_Georgia,0,2
W008438_Finland,1,2
W008438_Republic of Ireland,2,1
W008439_Ukraine,0,6
W008439_Spain,6,0
W008440_Faroe Islands,1,7
W008440_Hungary,7,1
W008441_Iceland,5,0
W008441_Cyprus,0,5
W008442_Senegal,6,0
W008442_Liberia,0,6
W008443_Belarus,0,2
W008443_Netherlands,2,0
M044589_Mexico,2,3
M044589_Ecuador,3,2
W008444_United States,6,0
W008444_South Korea,0,6
M044590_El Salvador,0,1
M044590_Bolivia,1,0
M044591_Sri Lanka,4,4
M044591_Maldives,4,4
M044592_Kosovo,0,2
M044592_Jordan,2,0
M044593_Bangladesh,1,1
M044593_Seychelles,1,1
M044594_Nicaragua,0,3
M044594_Cuba,3,0
M044595_Vietnam,0,1
M044595_Japan,1,0
M044596_Republic of Ireland,0,0
M044596_Portugal,0,0
M044597_Azerbaijan,1,3
M044597_Luxembourg,3,1
M044598_Georgia,2,0
M044598_Sweden,0,2
M044599_China PR,1,1
M044599_Oman,1,1
M044600_Australia,0,0
M044600_Saudi Arabia,0,0
M044601_Congo,1,1
M044601_Namibia,1,1
M044602_Kyrgyzstan,2,1
M044602_Singapore,1,2
M044603_Serbia,4,0
M044603_Qatar,0,4
M044604_Ukraine,1,1
M044604_Bulgaria,1,1
M044605_Uganda,1,1
M044605_Kenya,1,1
M044606_Rwanda,0,3
M044606_Mali,3,0
M044607_Ethiopia,1,1
M044607_Ghana,1,1
M044608_South Africa,1,0
M044608_Zimbabwe,0,1
M044609_Togo,1,1
M044609_Senegal,1,1
M044610_Tanzania,0,3
M044610_DR Congo,3,0
M044611_Benin,2,0
M044611_Madagascar,0,2
M044612_Lebanon,1,2
M044612_Iran,2,1
M044613_Greece,0,1
M044613_Spain,1,0
M044614_Czech Republic,7,0
M044614_Kuwait,0,7
M044615_Russia,6,0
M044615_Cyprus,0,6
M044616_South Korea,1,0
M044616_United Arab Emirates,0,1
M044617_Slovakia,2,2
M044617_Slovenia,2,2
M044618_Malta,1,7
M044618_Croatia,7,1
M044619_Brazil,1,0
M044619_Colombia,0,1
M044620_Peru,3,0
M044620_Bolivia,0,3
M044621_Paraguay,0,1
M044621_Chile,1,0
M044622_Iraq,1,1
M044622_Syria,1,1
M044623_Romania,0,0
M044623_Iceland,0,0
M044624_Armenia,0,5
M044624_North Macedonia,5,0
M044625_Germany,9,0
M044625_Liechtenstein,0,9
M044626_Ecuador,1,0
M044626_Venezuela,0,1
M044627_Italy,1,1
M044627_Switzerland,1,1
M044628_Hungary,4,0
M044628_San Marino,0,4
M044629_Andorra,1,4
M044629_Poland,4,1
M044630_England,5,0
M044630_Albania,0,5
M044631_Austria,4,2
M044631_Israel,2,4
M044632_Denmark,3,1
M044632_Faroe Islands,1,3
M044633_Moldova,0,2
M044633_Scotland,2,0
M044634_Uruguay,0,1
M044634_Argentina,1,0
M044635_Canada,1,0
M044635_Costa Rica,0,1
M044636_El Salvador,1,1
M044636_Jamaica,1,1
M044637_Honduras,2,3
M044637_Panama,3,2
M044638_Morocco,3,0
M044638_Sudan,0,3
M044639_Guinea,0,0
M044639_Guinea-Bissau,0,0
M044640_Angola,2,2
M044640_Egypt,2,2
M044641_Gabon,1,0
M044641_Libya,0,1
M044642_Djibouti,0,4
M044642_Algeria,4,0
M044643_United States,2,0
M044643_Mexico,0,2
M044644_Northern Ireland,1,0
M044644_Lithuania,0,1
M044645_Burkina Faso,1,1
M044645_Niger,1,1
M044646_Montenegro,2,2
M044646_Netherlands,2,2
M044647_Norway,0,0
M044647_Latvia,0,0
M044648_Belgium,3,1
M044648_Estonia,1,3
M044649_Wales,5,1
M044649_Belarus,1,5
M044650_France,8,0
M044650_Kazakhstan,0,8
M044651_Bosnia and Herzegovina,1,3
M044651_Finland,3,1
M044652_Ivory Coast,3,0
M044652_Mozambique,0,3
M044653_Turkey,6,0
M044653_Gibraltar,0,6
M044654_Malawi,0,4
M044654_Cameroon,4,0
M044655_Cape Verde,2,1
M044655_Central African Republic,1,2
M044656_Equatorial Guinea,1,0
M044656_Tunisia,0,1
M044657_Zambia,4,0
M044657_Mauritania,0,4
M044658_Sri Lanka,0,1
M044658_Seychelles,1,0
M044659_Bangladesh,2,1
M044659_Maldives,1,2
M044660_Sierra Leone,0,2
M044660_Comoros,2,0
M044661_Liberia,0,2
M044661_Nigeria,2,0
M044662_Nicaragua,2,0
M044662_Cuba,0,2
M044663_Burundi,2,1
M044663_Myanmar,1,2
M044664_Nicaragua,2,0
M044664_Cuba,0,2
M044665_Armenia,1,4
M044665_Germany,4,1
M044666_North Macedonia,3,1
M044666_Iceland,1,3
M044667_Liechtenstein,0,2
M044667_Romania,2,0
M044668_Slovenia,2,1
M044668_Cyprus,1,2
M044669_Malta,0,6
M044669_Slovakia,6,0
M044670_Greece,1,1
M044670_Kosovo,1,1
M044671_Azerbaijan,2,2
M044671_Qatar,2,2
M044672_Spain,1,0
M044672_Sweden,0,1
M044673_Madagascar,1,1
M044673_Tanzania,1,1
M044674_DR Congo,2,0
M044674_Benin,0,2
M044675_Senegal,2,0
M044675_Congo,0,2
M044676_Ghana,1,0
M044676_South Africa,0,1
M044677_Zimbabwe,1,1
M044677_Ethiopia,1,1
M044678_Mali,1,0
M044678_Uganda,0,1
M044679_Portugal,1,2
M044679_Serbia,2,1
M044680_Croatia,1,0
M044680_Russia,0,1
M044681_Luxembourg,0,3
M044681_Republic of Ireland,3,0
M044682_Austria,4,1
M044682_Moldova,1,4
M044683_Georgia,1,0
M044683_Uzbekistan,0,1
M044684_Lithuania,1,1
M044684_Kuwait,1,1
M044685_Niger,7,2
M044685_Djibouti,2,7
M044686_Kenya,2,1
M044686_Rwanda,1,2
M044687_Guinea-Bissau,0,0
M044687_Sudan,0,0
M044688_Northern Ireland,0,0
M044688_Italy,0,0
M044689_Switzerland,4,0
M044689_Bulgaria,0,4
M044690_Namibia,0,1
M044690_Togo,1,0
M044691_Israel,3,2
M044691_Faroe Islands,2,3
M044692_Albania,1,0
M044692_Andorra,0,1
M044693_Poland,1,2
M044693_Hungary,2,1
M044694_San Marino,0,10
M044694_England,10,0
M044695_Scotland,2,0
M044695_Denmark,0,2
M044696_Indonesia,0,1
M044696_Afghanistan,1,0
M044697_Nigeria,1,1
M044697_Cape Verde,1,1
M044698_Liberia,3,1
M044698_Central African Republic,1,3
M044699_Tunisia,3,1
M044699_Zambia,1,3
M044700_Mauritania,1,1
M044700_Equatorial Guinea,1,1
M044701_Maldives,0,0
M044701_Seychelles,0,0
M044702_Sri Lanka,2,1
M044702_Bangladesh,1,2
M044703_Belarus,1,0
M044703_Jordan,0,1
M044704_Bahrain,4,2
M044704_Kyrgyzstan,2,4
M044705_Mozambique,1,0
M044705_Malawi,0,1
M044706_Algeria,2,2
M044706_Burkina Faso,2,2
M044707_Kazakhstan,1,0
M044707_Tajikistan,0,1
M044708_Chile,0,2
M044708_Ecuador,2,0
M044709_Egypt,2,1
M044709_Gabon,1,2
M044710_Argentina,0,0
M044710_Brazil,0,0
M044711_Colombia,0,0
M044711_Paraguay,0,0
M044712_Venezuela,1,2
M044712_Peru,2,1
M044713_Bolivia,3,0
M044713_Uruguay,0,3
M044714_Netherlands,2,0
M044714_Norway,0,2
M044715_Montenegro,1,2
M044715_Turkey,2,1
M044716_Gibraltar,1,3
M044716_Latvia,3,1
M044717_Czech Republic,2,0
M044717_Estonia,0,2
M044718_Wales,1,1
M044718_Belgium,1,1
M044719_Finland,0,2
M044719_France,2,0
M044720_Bosnia and Herzegovina,0,2
M044720_Ukraine,2,0
M044721_Panama,2,1
M044721_El Salvador,1,2
M044722_Costa Rica,2,1
M044722_Honduras,1,2
M044723_Canada,2,1
M044723_Mexico,1,2
M044724_Jamaica,1,1
M044724_United States,1,1
M044725_Oman,0,1
M044725_Japan,1,0
M044726_Vietnam,0,1
M044726_Saudi Arabia,1,0
M044727_China PR,1,1
M044727_Australia,1,1
M044728_Syria,0,3
M044728_Iran,3,0
M044729_Iraq,0,3
M044729_South Korea,3,0
M044730_Lebanon,0,1
M044730_United Arab Emirates,1,0
M044731_Morocco,3,0
M044731_Guinea,0,3
M044732_Libya,1,1
M044732_Angola,1,1
M044733_Cameroon,1,0
M044733_Ivory Coast,0,1
M044734_New Zealand,2,0
M044734_Gambia,0,2
M044735_Sri Lanka,3,3
M044735_Seychelles,3,3
M044736_Indonesia,4,1
M044736_Myanmar,1,4
W008445_Republic of Ireland,1,1
W008445_Slovakia,1,1
W008446_Japan,0,2
W008446_Iceland,2,0
W008447_Brazil,6,1
W008447_India,1,6
W008448_Chile,1,0
W008448_Venezuela,0,1
W008449_Bosnia and Herzegovina,0,3
W008449_Denmark,3,0
W008450_Serbia,3,0
W008450_Bulgaria,0,3
W008451_Portugal,4,0
W008451_Israel,0,4
W008452_Belgium,19,0
W008452_Armenia,0,19
W008453_Kosovo,1,2
W008453_Poland,2,1
W008454_North Macedonia,0,11
W008454_Northern Ireland,11,0
W008455_Spain,12,0
W008455_Faroe Islands,0,12
W008456_Albania,0,7
W008456_Norway,7,0
W008457_Sweden,2,1
W008457_Finland,1,2
W008458_Italy,1,2
W008458_Switzerland,2,1
W008459_Scotland,1,1
W008459_Ukraine,1,1
W008460_Cyprus,1,1
W008460_Belarus,1,1
W008461_Croatia,0,0
W008461_Lithuania,0,0
W008462_Romania,3,0
W008462_Moldova,0,3
W008463_Slovenia,6,0
W008463_Estonia,0,6
W008464_Wales,5,0
W008464_Greece,0,5
W008465_France,6,0
W008465_Kazakhstan,0,6
W008466_Malta,0,2
W008466_Montenegro,2,0
W008467_Germany,8,0
W008467_Turkey,0,8
W008468_Czech Republic,2,2
W008468_Netherlands,2,2
W008469_England,1,0
W008469_Austria,0,1
W008470_Australia,0,3
W008470_United States,3,0
W008471_South Korea,2,1
W008471_New Zealand,1,2
W008472_Mexico,2,1
W008472_Canada,1,2
W008473_Ecuador,0,0
W008473_Argentina,0,0
W008474_Paraguay,1,1
W008474_Peru,1,1
W008475_India,0,3
W008475_Chile,3,0
W008476_Brazil,4,1
W008476_Venezuela,1,4
W008477_Tunisia,2,4
W008477_Algeria,4,2
W008478_Colombia,3,2
W008478_Uruguay,2,3
W008479_Northern Ireland,9,0
W008479_North Macedonia,0,9
W008480_Netherlands,0,0
W008480_Japan,0,0
M044737_Iraq,1,1
M044737_Oman,1,1
M044738_Qatar,1,0
M044738_Bahrain,0,1
M044739_Tunisia,5,1
M044739_Mauritania,1,5
M044740_United Arab Emirates,2,1
M044740_Syria,1,2
W008481_Spain,8,0
W008481_Scotland,0,8
W008482_Croatia,4,0
W008482_Moldova,0,4
W008483_England,20,0
W008483_Latvia,0,20
W008484_Luxembourg,0,8
W008484_Austria,8,0
W008485_Armenia,0,10
W008485_Norway,10,0
W008486_Kosovo,1,3
W008486_Albania,3,1
W008487_Belgium,4,0
W008487_Poland,0,4
W008488_Lithuania,0,7
W008488_Switzerland,7,0
W008489_Romania,0,5
W008489_Italy,5,0
W008490_Bulgaria,1,4
W008490_Serbia,4,1
W008491_Turkey,3,2
W008491_Israel,2,3
W008492_Slovenia,0,0
W008492_Greece,0,0
W008493_France,2,0
W008493_Wales,0,2
W008494_Portugal,1,3
W008494_Germany,3,1
W008495_Azerbaijan,1,0
W008495_Montenegro,0,1
W008496_Australia,1,1
W008496_United States,1,1
W008497_South Korea,0,2
W008497_New Zealand,2,0
W008498_Ecuador,2,2
W008498_Argentina,2,2
W008499_Hungary,4,2
W008499_Ukraine,2,4
W008500_Mexico,0,0
W008500_Canada,0,0
W008501_Bosnia and Herzegovina,1,0
W008501_Malta,0,1
W008502_Cyprus,0,4
W008502_Iceland,4,0
W008503_Republic of Ireland,11,0
W008503_Georgia,0,11
W008504_Sweden,3,0
W008504_Slovakia,0,3
M044741_Egypt,1,0
M044741_Lebanon,0,1
M044742_Algeria,4,0
M044742_Sudan,0,4
M044743_Saudi Arabia,0,1
M044743_Jordan,1,0
M044744_Morocco,4,0
M044744_Palestine,0,4
W008505_Brazil,2,0
W008505_Chile,0,2
W008506_Venezuela,2,1
W008506_India,1,2
W008507_Costa Rica,5,2
W008507_Nicaragua,2,5
M044745_Syria,2,0
M044745_Tunisia,0,2
M044746_Mauritania,0,1
M044746_United Arab Emirates,1,0
M044747_Bahrain,0,0
M044747_Iraq,0,0
M044748_Qatar,2,1
M044748_Oman,1,2
W008508_Costa Rica,3,1
W008508_Nicaragua,1,3
M044749_El Salvador,1,1
M044749_Ecuador,1,1
M044750_Jordan,0,4
M044750_Morocco,4,0
M044751_Palestine,1,1
M044751_Saudi Arabia,1,1
M044752_Lebanon,0,2
M044752_Algeria,2,0
M044753_Sudan,0,5
M044753_Egypt,5,0
M044754_Timor-Leste,0,2
M044754_Thailand,2,0
M044755_Singapore,3,0
M044755_Myanmar,0,3
M044756_Oman,3,0
M044756_Bahrain,0,3
M044757_Syria,1,2
M044757_Mauritania,2,1
M044758_Tunisia,1,0
M044758_United Arab Emirates,0,1
M044759_Cambodia,1,3
M044759_Malaysia,3,1
M044760_Laos,0,2
M044760_Vietnam,2,0
M044761_Qatar,3,0
M044761_Iraq,0,3
M044762_Jordan,5,1
M044762_Palestine,1,5
M044763_Morocco,1,0
M044763_Saudi Arabia,0,1
M044764_Algeria,1,1
M044764_Egypt,1,1
M044765_Lebanon,1,0
M044765_Sudan,0,1
M044766_Singapore,2,1
M044766_Philippines,1,2
M044767_Myanmar,2,0
M044767_Timor-Leste,0,2
M044768_Mexico,2,2
M044768_Chile,2,2
M044769_Tanzania,0,2
M044769_Uganda,2,0
M044770_Malaysia,4,0
M044770_Laos,0,4
M044771_Indonesia,4,2
M044771_Cambodia,2,4
M044772_Tunisia,2,1
M044772_Oman,1,2
M044773_Qatar,5,0
M044773_United Arab Emirates,0,5
M044774_Thailand,4,0
M044774_Myanmar,0,4
M044775_Timor-Leste,0,7
M044775_Philippines,7,0
M044776_Egypt,3,1
M044776_Jordan,1,3
M044777_Morocco,2,2
M044777_Algeria,2,2
M044778_El Salvador,0,1
M044778_Chile,1,0
M044779_Laos,1,5
M044779_Indonesia,5,1
M044780_Vietnam,3,0
M044780_Malaysia,0,3
M044781_Philippines,1,2
M044781_Thailand,2,1
M044782_Singapore,2,0
M044782_Timor-Leste,0,2
M044783_Tunisia,1,0
M044783_Egypt,0,1
M044784_Qatar,1,2
M044784_Algeria,2,1
M044785_Cambodia,3,0
M044785_Laos,0,3
M044786_Indonesia,0,0
M044786_Vietnam,0,0
M044787_Qatar,0,0
M044787_Egypt,0,0
M044788_United States,1,0
M044788_Bosnia and Herzegovina,0,1
M044789_Singapore,0,2
M044789_Thailand,2,0
M044790_Myanmar,2,3
M044790_Philippines,3,2
M044791_Tunisia,0,2
M044791_Algeria,2,0
M044792_Vietnam,4,0
M044792_Cambodia,0,4
M044793_Malaysia,1,4
M044793_Indonesia,4,1
M044794_Singapore,1,1
M044794_Indonesia,1,1
M044795_Vietnam,0,2
M044795_Thailand,2,0
M044796_Singapore,2,4
M044796_Indonesia,4,2
M044797_Thailand,0,0
M044797_Vietnam,0,0
M044798_Indonesia,0,4
M044798_Thailand,4,0
M044799_Mauritania,0,0
M044799_Burkina Faso,0,0
M044800_Sudan,2,3
M044800_Ethiopia,3,2
M044801_Malawi,2,1
M044801_Comoros,1,2
M044802_Thailand,2,2
M044802_Indonesia,2,2
M044803_Gabon,0,3
M044803_Burkina Faso,3,0
M044804_Sudan,0,0
M044804_Zimbabwe,0,0
M044805_Rwanda,3,0
M044805_Guinea,0,3
M044806_Mauritania,1,1
M044806_Gabon,1,1
M044807_Algeria,3,0
M044807_Ghana,0,3
M044808_Rwanda,0,2
M044808_Guinea,2,0
M044809_Cameroon,2,1
M044809_Burkina Faso,1,2
M044810_Ethiopia,0,1
M044810_Cape Verde,1,0
M044811_Comoros,0,1
M044811_Gabon,1,0
M044812_Morocco,1,0
M044812_Ghana,0,1
M044813_Senegal,1,0
M044813_Zimbabwe,0,1
M044814_Guinea,1,0
M044814_Malawi,0,1
M044815_Sudan,0,0
M044815_Guinea-Bissau,0,0
M044816_Nigeria,1,0
M044816_Egypt,0,1
M044817_Algeria,0,0
M044817_Sierra Leone,0,0
M044818_Tunisia,0,1
M044818_Mali,1,0
M044819_Iceland,1,1
M044819_Uganda,1,1
M044820_Equatorial Guinea,0,1
M044820_Ivory Coast,1,0
M044821_Mauritania,0,1
M044821_Gambia,1,0
M044822_Cameroon,4,1
M044822_Ethiopia,1,4
M044823_Cape Verde,0,1
M044823_Burkina Faso,1,0
M044824_Gabon,1,1
M044824_Ghana,1,1
M044825_Morocco,2,0
M044825_Comoros,0,2
M044826_Malawi,2,1
M044826_Zimbabwe,1,2
M044827_Senegal,0,0
M044827_Guinea,0,0
M044828_South Korea,5,1
M044828_Iceland,1,5
M044829_Nigeria,3,1
M044829_Sudan,1,3
M044830_Guinea-Bissau,0,1
M044830_Egypt,1,0
M044831_Tunisia,4,0
M044831_Mauritania,0,4
M044832_Algeria,0,1
M044832_Equatorial Guinea,1,0
M044833_Gambia,1,1
M044833_Mali,1,1
M044834_Colombia,2,1
M044834_Honduras,1,2
M044835_Peru,1,1
M044835_Panama,1,1
M044836_Ivory Coast,2,2
M044836_Sierra Leone,2,2
M044837_Cameroon,1,1
M044837_Cape Verde,1,1
M044838_Burkina Faso,1,1
M044838_Ethiopia,1,1
M044839_Gabon,2,2
M044839_Morocco,2,2
M044840_Zimbabwe,2,1
M044840_Guinea,1,2
M044841_Malawi,0,0
M044841_Senegal,0,0
M044842_Moldova,2,3
M044842_Uganda,3,2
M044843_Ghana,2,3
M044843_Comoros,3,2
M044844_Guinea-Bissau,0,2
M044844_Nigeria,2,0
M044845_Egypt,1,0
M044845_Sudan,0,1
M044846_Mali,2,0
M044846_Mauritania,0,2
M044847_Sierra Leone,0,1
M044847_Equatorial Guinea,1,0
M044848_Ivory Coast,3,1
M044848_Algeria,1,3
M044849_Peru,3,0
M044849_Jamaica,0,3
M044850_Gambia,1,0
M044850_Tunisia,0,1
M044851_South Korea,4,0
M044851_Moldova,0,4
W008509_China PR,4,0
W008509_Taiwan,0,4
M044852_Bolivia,5,0
M044852_Trinidad and Tobago,0,5
M044853_Iraq,1,0
M044853_Uganda,0,1
W008510_Japan,5,0
W008510_Myanmar,0,5
W008511_Australia,18,0
W008511_Indonesia,0,18
W008512_Thailand,0,1
W008512_Philippines,1,0
W008513_South Korea,3,0
W008513_Vietnam,0,3
M044854_Nigeria,0,1
M044854_Tunisia,1,0
M044855_Burkina Faso,1,1
M044855_Gabon,1,1
W008514_Iran,0,7
W008514_China PR,7,0
M044856_Cameroon,2,1
M044856_Comoros,1,2
M044857_Guinea,0,1
M044857_Gambia,1,0
W008515_Philippines,0,4
W008515_Australia,4,0
W008516_Indonesia,0,4
W008516_Thailand,4,0
W008517_Myanmar,0,2
W008517_South Korea,2,0
W008518_Vietnam,0,3
W008518_Japan,3,0
M044858_Morocco,2,1
M044858_Malawi,1,2
M044859_Senegal,2,0
M044859_Cape Verde,0,2
M044860_Ivory Coast,0,0
M044860_Egypt,0,0
M044861_Mali,0,0
M044861_Equatorial Guinea,0,0
W008519_Taiwan,5,0
W008519_Iran,0,5
M044862_Japan,2,0
M044862_China PR,0,2
M044863_Bahrain,3,1
M044863_Uganda,1,3
M044864_Indonesia,4,1
M044864_Timor-Leste,1,4
M044865_Uzbekistan,3,0
M044865_South Sudan,0,3
M044866_Jamaica,1,2
M044866_Mexico,2,1
M044867_United States,1,0
M044867_El Salvador,0,1
M044868_Honduras,0,2
M044868_Canada,2,0
M044869_Costa Rica,1,0
M044869_Panama,0,1
M044870_Lebanon,0,1
M044870_South Korea,1,0
M044871_Iran,1,0
M044871_Iraq,0,1
M044872_United Arab Emirates,2,0
M044872_Syria,0,2
M044873_Saudi Arabia,1,0
M044873_Oman,0,1
M044874_Ecuador,1,1
M044874_Brazil,1,1
M044875_Paraguay,0,1
M044875_Uruguay,1,0
M044876_Chile,1,2
M044876_Argentina,2,1
M044877_Australia,4,0
M044877_Vietnam,0,4
W008520_Australia,2,1
W008520_Thailand,1,2
W008521_Philippines,6,0
W008521_Indonesia,0,6
W008522_Japan,1,1
W008522_South Korea,1,1
W008523_Vietnam,2,2
W008523_Myanmar,2,2
M044878_Jordan,3,1
M044878_New Zealand,1,3
M044879_Colombia,0,1
M044879_Peru,1,0
M044880_Venezuela,4,1
M044880_Bolivia,1,4
M044881_Suriname,1,0
M044881_Barbados,0,1
M044882_Burkina Faso,1,0
M044882_Tunisia,0,1
M044883_Nicaragua,4,0
M044883_Belize,0,4
M044884_Kuwait,2,0
M044884_Libya,0,2
M044885_Nepal,1,0
M044885_Mauritius,0,1
M044886_Cameroon,2,0
M044886_Gambia,0,2
M044887_Senegal,3,1
M044887_Equatorial Guinea,1,3
M044888_Honduras,0,2
M044888_El Salvador,2,0
M044889_Panama,3,2
M044889_Jamaica,2,3
M044890_Mexico,0,0
M044890_Costa Rica,0,0
M044891_Canada,2,0
M044891_United States,0,2
M044892_Indonesia,3,0
M044892_Timor-Leste,0,3
M044893_Egypt,2,1
M044893_Morocco,1,2
W008524_Australia,0,1
W008524_South Korea,1,0
W008525_Japan,7,0
W008525_Thailand,0,7
W008526_Taiwan,1,1
W008526_Philippines,1,1
W008527_China PR,3,1
W008527_Vietnam,1,3
M044894_Brazil,4,0
M044894_Paraguay,0,4
M044895_Peru,1,1
M044895_Ecuador,1,1
M044896_Uruguay,4,1
M044896_Venezuela,1,4
M044897_Argentina,1,0
M044897_Colombia,0,1
M044898_Oman,2,2
M044898_Australia,2,2
M044899_Bahrain,1,0
M044899_DR Congo,0,1
M044900_Kuwait,0,2
M044900_Libya,2,0
M044901_Nepal,1,0
M044901_Mauritius,0,1
M044902_Nicaragua,1,1
M044902_Belize,1,1
M044903_Suriname,2,1
M044903_Guyana,1,2
M044904_Bolivia,2,3
M044904_Chile,3,2
M044905_Iran,1,0
M044905_United Arab Emirates,0,1
M044906_Syria,0,2
M044906_South Korea,2,0
M044907_Vietnam,3,1
M044907_China PR,1,3
M044908_Japan,2,0
M044908_Saudi Arabia,0,2
M044909_Lebanon,1,1
M044909_Iraq,1,1
M044910_Burkina Faso,1,3
M044910_Senegal,3,1
M044911_United States,3,0
M044911_Honduras,0,3
M044912_Jamaica,0,1
M044912_Costa Rica,1,0
M044913_El Salvador,0,2
M044913_Canada,2,0
M044914_Mexico,1,0
M044914_Panama,0,1
W008528_Thailand,0,2
W008528_Vietnam,2,0
M044915_Cameroon,0,0
M044915_Egypt,0,0
W008529_South Korea,2,0
W008529_Philippines,0,2
W008530_China PR,2,2
W008530_Japan,2,2
W008531_Taiwan,3,0
W008531_Thailand,0,3
M044916_Cameroon,3,3
M044916_Burkina Faso,3,3
M044917_Senegal,0,0
M044917_Egypt,0,0
W008532_China PR,3,2
W008532_South Korea,2,3
W008533_Vietnam,2,1
W008533_Taiwan,1,2
W008534_Uzbekistan,1,0
W008534_Lithuania,0,1
W008535_Brazil,1,1
W008535_Netherlands,1,1
W008536_France,5,0
W008536_Finland,0,5
W008537_Denmark,0,1
W008537_Italy,1,0
W008538_Portugal,2,0
W008538_Norway,0,2
W008539_Burundi,6,1
W008539_Djibouti,1,6
W008540_Zambia,0,0
W008540_Namibia,0,0
W008541_Senegal,1,0
W008541_Mali,0,1
W008542_Guyana,4,0
W008542_Dominica,0,4
W008543_Bulgaria,1,1
W008543_Latvia,1,1
W008544_Cuba,3,0
W008544_Saint Vincent and the Grenadines,0,3
W008545_Dominican Republic,9,0
W008545_Grenada,0,9
W008546_Guatemala,9,0
W008546_United States Virgin Islands,0,9
W008547_Puerto Rico,4,0
W008547_Antigua and Barbuda,0,4
W008548_Malta,3,1
W008548_Moldova,1,3
W008549_Hungary,2,2
W008549_Russia,2,2
W008550_Slovakia,0,4
W008550_Belgium,4,0
W008551_Republic of Ireland,2,1
W008551_Poland,1,2
W008552_Wales,3,1
W008552_Scotland,1,3
W008553_Ukraine,1,0
W008553_Venezuela,0,1
W008554_El Salvador,6,0
W008554_Belize,0,6
W008555_Guinea-Bissau,0,6
W008555_Burkina Faso,6,0
W008556_Panama,5,0
W008556_Barbados,0,5
W008557_Costa Rica,7,0
W008557_Saint Kitts and Nevis,0,7
W008558_England,1,1
W008558_Canada,1,1
W008559_Germany,1,1
W008559_Spain,1,1
W008560_Togo,2,1
W008560_Gabon,1,2
W008561_Iceland,1,0
W008561_New Zealand,0,1
W008562_United States,0,0
W008562_Czech Republic,0,0
W008563_Trinidad and Tobago,2,1
W008563_Nicaragua,1,2
W008564_Northern Ireland,3,1
W008564_Faroe Islands,1,3
W008565_Haiti,6,0
W008565_Honduras,0,6
W008566_Jamaica,4,0
W008566_Bermuda,0,4
W008567_Mexico,9,0
W008567_Suriname,0,9
W008568_South Africa,2,0
W008568_Algeria,0,2
W008569_Tunisia,5,0
W008569_Equatorial Guinea,0,5
W008570_Cameroon,8,0
W008570_Gambia,0,8
W008571_Nigeria,2,0
W008571_Ivory Coast,0,2
W008572_Zimbabwe,1,3
W008572_Botswana,3,1
W008573_Curaçao,0,6
W008573_Guatemala,6,0
W008574_Turks and Caicos Islands,0,7
W008574_Guyana,7,0
W008575_British Virgin Islands,0,14
W008575_Cuba,14,0
W008576_Aruba,1,7
W008576_El Salvador,7,1
W008577_Cayman Islands,0,4
W008577_Dominican Republic,4,0
W008578_Anguilla,0,9
W008578_Puerto Rico,9,0
W008579_Malta,0,1
W008579_Morocco,1,0
W008580_Wales,0,0
W008580_Belgium,0,0
W008581_Republic of Ireland,0,1
W008581_Russia,1,0
W008582_Scotland,2,0
W008582_Slovakia,0,2
W008583_Ukraine,2,0
W008583_Uzbekistan,0,2
W008584_Bulgaria,2,3
W008584_Lithuania,3,2
W008585_Venezuela,3,0
W008585_Latvia,0,3
W008586_Finland,0,3
W008586_Netherlands,3,0
W008587_France,2,1
W008587_Brazil,1,2
W008588_Poland,1,2
W008588_Hungary,2,1
W008589_Canada,1,0
W008589_Germany,0,1
W008590_United States Virgin Islands,0,6
W008590_Costa Rica,6,0
W008591_Mexico,8,0
W008591_Antigua and Barbuda,0,8
W008592_England,0,0
W008592_Spain,0,0
W008593_Portugal,0,4
W008593_Sweden,4,0
W008594_Czech Republic,1,2
W008594_Iceland,2,1
W008595_United States,5,0
W008595_New Zealand,0,5
W008596_Grenada,1,6
W008596_Jamaica,6,1
W008597_Italy,2,1
W008597_Norway,1,2
W008598_Belize,0,8
W008598_Panama,8,0
W008599_Dominica,0,2
W008599_Trinidad and Tobago,2,0
W008600_Chile,3,1
W008600_Ecuador,1,3
W008601_Northern Ireland,2,2
W008601_Switzerland,2,2
W008602_Colombia,2,2
W008602_Argentina,2,2
W008603_Saint Vincent and the Grenadines,0,11
W008603_Haiti,11,0
W008604_Burundi,5,0
W008604_Djibouti,0,5
W008605_Saint Kitts and Nevis,5,1
W008605_Curaçao,1,5
W008606_Chile,2,1
W008606_Ecuador,1,2
W008607_Nicaragua,19,0
W008607_Turks and Caicos Islands,0,19
W008608_Honduras,4,0
W008608_British Virgin Islands,0,4
W008609_Barbados,3,1
W008609_Aruba,1,3
W008610_Bermuda,6,0
W008610_Cayman Islands,0,6
W008611_Suriname,5,0
W008611_Anguilla,0,5
W008612_Morocco,4,0
W008612_Moldova,0,4
W008613_Belgium,0,0
W008613_Russia,0,0
W008614_Wales,0,1
W008614_Republic of Ireland,1,0
W008615_Scotland,0,0
W008615_Hungary,0,0
W008616_Slovakia,2,0
W008616_Poland,0,2
W008617_Uzbekistan,0,0
W008617_Venezuela,0,0
W008618_Ukraine,2,0
W008618_Bulgaria,0,2
W008619_Lithuania,0,1
W008619_Latvia,1,0
W008620_Mali,1,0
W008620_Senegal,0,1
W008621_Namibia,1,1
W008621_Zambia,1,1
W008622_France,3,1
W008622_Netherlands,1,3
W008623_Brazil,0,0
W008623_Finland,0,0
W008624_Northern Ireland,0,1
W008624_Romania,1,0
W008625_England,3,1
W008625_Germany,1,3
W008626_Spain,1,0
W008626_Canada,0,1
W008627_Turkey,2,5
W008627_Serbia,5,2
W008628_Ivory Coast,0,1
W008628_Nigeria,1,0
W008629_Burkina Faso,1,0
W008629_Guinea-Bissau,0,1
W008630_Sweden,1,1
W008630_Italy,1,1
W008631_Gabon,1,2
W008631_Togo,2,1
W008632_Equatorial Guinea,3,2
W008632_Tunisia,2,3
W008633_Algeria,1,1
W008633_South Africa,1,1
W008634_Botswana,0,2
W008634_Zimbabwe,2,0
W008635_Portugal,0,2
W008635_Norway,2,0
W008636_United States,5,0
W008636_Iceland,0,5
W008637_Gambia,1,2
W008637_Cameroon,2,1
W008638_New Zealand,0,0
W008638_Czech Republic,0,0
W008639_Colombia,0,0
W008639_Argentina,0,0
M044918_Cook Islands,0,2
M044918_Solomon Islands,2,0
M044919_Papua New Guinea,0,1
M044919_New Zealand,1,0
M044920_New Caledonia,1,2
M044920_Fiji,2,1
M044921_Iraq,3,1
M044921_Zambia,1,3
M044922_Mauritius,0,0
M044922_Seychelles,0,0
M044923_Papua New Guinea,1,0
M044923_New Caledonia,0,1
M044924_New Zealand,4,0
M044924_Fiji,0,4
M044925_Somalia,0,3
M044925_Eswatini,3,0
M044926_Djibouti,2,4
M044926_South Sudan,4,2
M044927_Chad,0,1
M044927_Gambia,1,0
M044928_Tanzania,3,1
M044928_Central African Republic,1,3
M044929_Mozambique,1,1
M044929_Niger,1,1
M044930_Seychelles,0,0
M044930_Lesotho,0,0
M044931_Laos,1,0
M044931_Mongolia,0,1
M044932_Guadeloupe,0,2
M044932_Cape Verde,2,0
M044933_Guinea-Bissau,3,0
M044933_Equatorial Guinea,0,3
M044934_Gibraltar,0,0
M044934_Grenada,0,0
M044935_Bahrain,2,1
M044935_India,1,2
M044936_Malaysia,2,0
M044936_Philippines,0,2
M044937_Sweden,1,0
M044937_Czech Republic,0,1
M044938_Wales,2,1
M044938_Austria,1,2
M044939_Armenia,1,0
M044939_Montenegro,0,1
M044940_Guatemala,1,0
M044940_Cuba,0,1
M044941_Hungary,0,1
M044941_Serbia,1,0
M044942_Kosovo,5,0
M044942_Burkina Faso,0,5
M044943_Liberia,0,4
M044943_Benin,4,0
M044944_Thailand,2,0
M044944_Nepal,0,2
M044945_Scotland,1,1
M044945_Poland,1,1
M044946_Togo,3,0
M044946_Sierra Leone,0,3
M044947_Estonia,0,0
M044947_Cyprus,0,0
M044948_Moldova,1,2
M044948_Kazakhstan,2,1
M044949_Mauritius,3,0
M044949_São Tomé and Príncipe,0,3
M044950_Portugal,3,1
M044950_Turkey,1,3
M044951_Maldives,2,0
M044951_Bangladesh,0,2
M044952_Italy,0,1
M044952_North Macedonia,1,0
M044953_Fiji,1,2
M044953_Papua New Guinea,2,1
M044954_Paraguay,3,1
M044954_Ecuador,1,3
M044955_Jamaica,1,1
M044955_El Salvador,1,1
M044956_Mexico,0,0
M044956_United States,0,0
M044957_Panama,1,1
M044957_Honduras,1,1
M044958_Uruguay,1,0
M044958_Peru,0,1
M044959_Lebanon,0,3
M044959_Syria,3,0
M044960_Iraq,1,0
M044960_United Arab Emirates,0,1
M044961_South Korea,2,0
M044961_Iran,0,2
M044962_Costa Rica,1,0
M044962_Canada,0,1
M044963_Vietnam,0,1
M044963_Oman,1,0
M044964_Australia,0,2
M044964_Japan,2,0
M044965_Solomon Islands,3,1
M044965_Tahiti,1,3
M044966_New Zealand,7,1
M044966_New Caledonia,1,7
M044967_Colombia,3,0
M044967_Bolivia,0,3
M044968_Brazil,4,0
M044968_Chile,0,4
M044969_China PR,1,1
M044969_Saudi Arabia,1,1
M044970_Latvia,1,1
M044970_Kuwait,1,1
M044971_Luxembourg,1,3
M044971_Northern Ireland,3,1
M044972_Malta,1,0
M044972_Azerbaijan,0,1
M044973_Norway,2,0
M044973_Slovakia,0,2
M044974_South Africa,0,0
M044974_Guinea,0,0
M044975_San Marino,1,2
M044975_Lithuania,2,1
M044976_Tajikistan,1,1
M044976_Uganda,1,1
M044977_France,2,1
M044977_Ivory Coast,1,2
M044978_Romania,0,1
M044978_Greece,1,0
M044979_Congo,1,3
M044979_Zambia,3,1
M044980_Trinidad and Tobago,9,0
M044980_Barbados,0,9
M044981_Cape Verde,6,0
M044981_Liechtenstein,0,6
M044982_Bosnia and Herzegovina,0,1
M044982_Georgia,1,0
M044983_Andorra,1,0
M044983_Saint Kitts and Nevis,0,1
M044984_Argentina,3,0
M044984_Venezuela,0,3
M044985_Mali,0,1
M044985_Tunisia,1,0
M044986_Ghana,0,0
M044986_Nigeria,0,0
M044987_Egypt,1,0
M044987_Senegal,0,1
M044988_DR Congo,1,1
M044988_Morocco,1,1
M044989_Cameroon,0,1
M044989_Algeria,1,0
M044990_Comoros,2,1
M044990_Ethiopia,1,2
M044991_Alderney,1,6
M044991_Jersey,6,1
M044992_Uzbekistan,3,1
M044992_Kyrgyzstan,1,3
M044993_Belarus,3,0
M044993_India,0,3
M044994_Singapore,2,1
M044994_Malaysia,1,2
M044995_Republic of Ireland,2,2
M044995_Belgium,2,2
M044996_Qatar,2,1
M044996_Bulgaria,1,2
M044997_Netherlands,4,2
M044997_Denmark,2,4
M044998_Mauritania,2,1
M044998_Mozambique,1,2
M044999_Libya,2,1
M044999_Niger,1,2
M045000_Gibraltar,0,0
M045000_Faroe Islands,0,0
M045001_Germany,2,0
M045001_Israel,0,2
M045002_Finland,1,1
M045002_Iceland,1,1
M045003_England,2,1
M045003_Switzerland,1,2
M045004_Croatia,1,1
M045004_Slovenia,1,1
M045005_Central African Republic,0,0
M045005_Sudan,0,0
M045006_Bahrain,1,0
M045006_Burundi,0,1
M045007_Angola,3,2
M045007_Guinea-Bissau,2,3
M045008_Spain,2,1
M045008_Albania,1,2
M045009_Belize,0,3
M045009_Cuba,3,0
M045010_Mauritius,3,3
M045010_São Tomé and Príncipe,3,3
M045011_Eswatini,2,1
M045011_Somalia,1,2
M045012_Lesotho,3,1
M045012_Seychelles,1,3
M045013_South Sudan,1,0
M045013_Djibouti,0,1
M045014_Thailand,1,0
M045014_Suriname,0,1
M045015_Laos,3,2
M045015_Brunei,2,3
M045016_Guatemala,2,1
M045016_Haiti,1,2
M045017_Benin,2,1
M045017_Zambia,1,2
M045018_Barbados,0,5
M045018_Guyana,5,0
M045019_Solomon Islands,3,2
M045019_Papua New Guinea,2,3
M045020_Liberia,0,1
M045020_Sierra Leone,1,0
M045021_United States,5,1
M045021_Panama,1,5
M045022_Honduras,0,1
M045022_Mexico,1,0
M045023_Canada,4,0
M045023_Jamaica,0,4
M045024_El Salvador,1,2
M045024_Costa Rica,2,1
M045025_New Zealand,1,0
M045025_Tahiti,0,1
M045026_Vanuatu,1,2
M045026_Fiji,2,1
M045027_Montenegro,1,0
M045027_Greece,0,1
M045028_Cape Verde,2,0
M045028_San Marino,0,2
M045029_Andorra,1,0
M045029_Grenada,0,1
M045030_Uzbekistan,4,2
M045030_Uganda,2,4
M045031_Cyprus,2,0
M045031_Estonia,0,2
M045032_Kazakhstan,0,1
M045032_Moldova,1,0
M045033_Wales,1,1
M045033_Czech Republic,1,1
M045034_United Arab Emirates,1,0
M045034_South Korea,0,1
M045035_Turkey,2,3
M045035_Italy,3,2
M045036_Trinidad and Tobago,1,1
M045036_Guyana,1,1
M045037_Algeria,1,2
M045037_Cameroon,2,1
M045038_Morocco,4,1
M045038_DR Congo,1,4
M045039_Nigeria,1,1
M045039_Ghana,1,1
M045040_Senegal,1,0
M045040_Egypt,0,1
M045041_Tunisia,0,0
M045041_Mali,0,0
M045042_Iran,2,0
M045042_Lebanon,0,2
M045043_Syria,1,1
M045043_Iraq,1,1
M045044_Tajikistan,1,0
M045044_Kyrgyzstan,0,1
M045045_Gambia,2,2
M045045_Chad,2,2
M045046_Japan,1,1
M045046_Vietnam,1,1
M045047_Saudi Arabia,1,0
M045047_Australia,0,1
M045048_Faroe Islands,1,0
M045048_Liechtenstein,0,1
M045049_Finland,0,2
M045049_Slovakia,2,0
M045050_France,5,0
M045050_South Africa,0,5
M045051_Israel,2,2
M045051_Romania,2,2
M045052_Liberia,1,2
M045052_Burundi,2,1
M045053_Malta,2,0
M045053_Kuwait,0,2
M045054_Mauritania,2,0
M045054_Libya,0,2
M045055_Netherlands,1,1
M045055_Germany,1,1
M045056_Northern Ireland,0,1
M045056_Hungary,1,0
M045057_Norway,9,0
M045057_Armenia,0,9
M045058_Qatar,0,0
M045058_Slovenia,0,0
M045059_Republic of Ireland,1,0
M045059_Lithuania,0,1
M045060_Singapore,2,0
M045060_Philippines,0,2
M045061_Spain,5,0
M045061_Iceland,0,5
M045062_Switzerland,1,1
M045062_Kosovo,1,1
M045063_England,3,0
M045063_Ivory Coast,0,3
M045064_Oman,2,0
M045064_China PR,0,2
M045065_Denmark,3,0
M045065_Serbia,0,3
M045066_Congo,1,2
M045066_Sierra Leone,2,1
M045067_Ecuador,1,1
M045067_Argentina,1,1
M045068_Peru,2,0
M045068_Paraguay,0,2
M045069_Bolivia,0,4
M045069_Brazil,4,0
M045070_Venezuela,0,1
M045070_Colombia,1,0
M045071_Chile,0,2
M045071_Uruguay,2,0
M045072_Poland,2,0
M045072_Sweden,0,2
M045073_Portugal,2,0
M045073_North Macedonia,0,2
M045074_Albania,0,0
M045074_Georgia,0,0
M045075_Angola,0,0
M045075_Equatorial Guinea,0,0
M045076_Austria,2,2
M045076_Scotland,2,2
M045077_Azerbaijan,0,1
M045077_Latvia,1,0
M045078_Bahrain,0,1
M045078_Belarus,1,0
M045079_Bangladesh,0,0
M045079_Mongolia,0,0
M045080_Belgium,3,0
M045080_Burkina Faso,0,3
M045081_Bosnia and Herzegovina,1,0
M045081_Luxembourg,0,1
M045082_Croatia,2,1
M045082_Bulgaria,1,2
M045083_Tanzania,1,1
M045083_Sudan,1,1
M045084_Togo,1,1
M045084_Benin,1,1
M045085_Mexico,2,0
M045085_El Salvador,0,2
M045086_Costa Rica,2,0
M045086_United States,0,2
M045087_Panama,1,0
M045087_Canada,0,1
M045088_Jamaica,2,1
M045088_Honduras,1,2
M045089_Solomon Islands,0,5
M045089_New Zealand,5,0
W008640_Grenada,0,2
W008640_Cayman Islands,2,0
W008641_Dominica,8,1
W008641_Turks and Caicos Islands,1,8
W008642_Saint Vincent and the Grenadines,5,1
W008642_British Virgin Islands,1,5
W008643_Belize,1,1
W008643_Aruba,1,1
W008644_United States Virgin Islands,0,1
W008644_Curaçao,1,0
W008645_Antigua and Barbuda,1,0
W008645_Anguilla,0,1
W008646_Serbia,4,0
W008646_Israel,0,4
W008647_Argentina,0,1
W008647_Chile,1,0
W008648_Spain,1,1
W008648_Brazil,1,1
W008649_Bulgaria,0,2
W008649_Turkey,2,0
W008650_Poland,12,0
W008650_Armenia,0,12
W008651_Bosnia and Herzegovina,1,0
W008651_Azerbaijan,0,1
W008652_Georgia,0,15
W008652_Sweden,15,0
W008653_Belarus,0,5
W008653_Iceland,5,0
W008654_Norway,5,1
W008654_Kosovo,1,5
W008655_Albania,0,5
W008655_Belgium,5,0
W008656_Malta,0,2
W008656_Denmark,2,0
W008657_Australia,2,1
W008657_New Zealand,1,2
W008658_Guyana,0,0
W008658_Nicaragua,0,0
W008659_Cuba,0,0
W008659_Honduras,0,0
W008660_El Salvador,2,0
W008660_Barbados,0,2
W008661_Dominican Republic,1,0
W008661_Bermuda,0,1
W008662_Guatemala,1,2
W008662_Saint Kitts and Nevis,2,1
W008663_Puerto Rico,2,0
W008663_Suriname,0,2
W008664_Wales,1,2
W008664_France,2,1
W008665_Estonia,1,3
W008665_Greece,3,1
W008666_Italy,7,0
W008666_Lithuania,0,7
W008667_Romania,1,1
W008667_Switzerland,1,1
W008668_Moldova,0,1
W008668_Croatia,1,0
W008669_Austria,3,1
W008669_Northern Ireland,1,3
W008670_North Macedonia,0,10
W008670_England,10,0
W008671_Netherlands,12,0
W008671_Cyprus,0,12
W008672_Hungary,7,0
W008672_Faroe Islands,0,7
W008673_Slovakia,1,1
W008673_Finland,1,1
W008674_Kazakhstan,0,2
W008674_Slovenia,2,0
W008675_Aruba,0,9
W008675_Panama,9,0
W008676_United States,9,1
W008676_Uzbekistan,1,9
W008677_Turks and Caicos Islands,0,13
W008677_Trinidad and Tobago,13,0
W008678_Canada,2,0
W008678_Nigeria,0,2
W008679_Cayman Islands,0,9
W008679_Jamaica,9,0
W008680_British Virgin Islands,0,21
W008680_Haiti,21,0
W008681_Mexico,11,0
W008681_Anguilla,0,11
W008682_Germany,3,0
W008682_Portugal,0,3
W008683_Luxembourg,3,2
W008683_Latvia,2,3
W008684_South Korea,3,0
W008684_Vietnam,0,3
W008685_Curaçao,0,4
W008685_Costa Rica,4,0
W008686_Ecuador,0,1
W008686_Paraguay,1,0
W008687_Argentina,1,0
W008687_Chile,0,1
W008688_Brazil,3,1
W008688_Hungary,1,3
W008689_Montenegro,0,2
W008689_Bosnia and Herzegovina,2,0
W008690_Netherlands,5,1
W008690_South Africa,1,5
W008691_Denmark,2,0
W008691_Azerbaijan,0,2
W008692_Suriname,5,1
W008692_Antigua and Barbuda,1,5
W008693_Mexico,6,0
W008693_Puerto Rico,0,6
W008694_Saint Kitts and Nevis,6,0
W008694_United States Virgin Islands,0,6
W008695_Costa Rica,5,0
W008695_Guatemala,0,5
W008696_Bermuda,6,0
W008696_Grenada,0,6
W008697_Jamaica,5,1
W008697_Dominican Republic,1,5
W008698_Barbados,0,3
W008698_Belize,3,0
W008699_Panama,2,0
W008699_El Salvador,0,2
W008700_Honduras,2,1
W008700_Saint Vincent and the Grenadines,1,2
W008701_Haiti,6,0
W008701_Cuba,0,6
W008702_Trinidad and Tobago,2,2
W008702_Guyana,2,2
W008703_Nicaragua,10,0
W008703_Dominica,0,10
W008704_United States,9,0
W008704_Uzbekistan,0,9
W008705_France,1,0
W008705_Slovenia,0,1
W008706_Canada,2,2
W008706_Nigeria,2,2
W008707_Greece,3,0
W008707_Estonia,0,3
W008708_Portugal,3,0
W008708_Bulgaria,0,3
W008709_Finland,6,0
W008709_Georgia,0,6
W008710_Sweden,1,1
W008710_Republic of Ireland,1,1
W008711_Scotland,0,2
W008711_Spain,2,0
W008712_Czech Republic,0,1
W008712_Iceland,1,0
W008713_Luxembourg,2,1
W008713_North Macedonia,1,2
W008714_Austria,8,0
W008714_Latvia,0,8
W008715_Northern Ireland,0,5
W008715_England,5,0
W008716_Armenia,0,4
W008716_Albania,4,0
W008717_Norway,2,1
W008717_Poland,1,2
W008718_Kosovo,1,6
W008718_Belgium,6,1
W008719_Croatia,0,1
W008719_Romania,1,0
W008720_Lithuania,4,0
W008720_Moldova,0,4
W008721_Switzerland,0,1
W008721_Italy,1,0
W008722_Serbia,3,2
W008722_Germany,2,3
W008723_Israel,1,0
W008723_Turkey,0,1
W008724_Kazakhstan,0,3
W008724_Wales,3,0
W008725_Australia,3,1
W008725_New Zealand,1,3
M045090_Alderney,0,2
M045090_Guernsey,2,0
M045091_El Salvador,0,4
M045091_Guatemala,4,0
M045092_Mexico,0,0
M045092_Guatemala,0,0
W008726_Zambia,1,1
W008726_Botswana,1,1
W008727_Philippines,5,0
W008727_Cambodia,0,5
W008728_Myanmar,3,0
W008728_Laos,0,3
W008729_Thailand,3,0
W008729_Singapore,0,3
W008730_Vietnam,2,1
W008730_Philippines,1,2
M045093_Dominica,2,1
M045093_Saint Vincent and the Grenadines,1,2
M045094_Bahamas,4,2
M045094_Turks and Caicos Islands,2,4
M045095_Guernsey,1,2
M045095_Jersey,2,1
W008731_Thailand,1,1
W008731_Myanmar,1,1
W008732_Laos,0,1
W008732_Singapore,1,0
M045096_Bahamas,1,2
M045096_Turks and Caicos Islands,2,1
W008733_Vietnam,7,0
W008733_Cambodia,0,7
M045097_Dominica,3,1
M045097_Saint Vincent and the Grenadines,1,3
W008734_Laos,0,5
W008734_Thailand,5,0
W008735_Singapore,0,1
W008735_Myanmar,1,0
W008736_Vietnam,1,0
W008736_Myanmar,0,1
W008737_Thailand,3,0
W008737_Philippines,0,3
M045098_Yoruba Nation,1,1
M045098_Matabeleland,1,1
M045099_Jersey,1,0
M045099_Guernsey,0,1
W008738_Myanmar,1,2
W008738_Philippines,2,1
W008739_Vietnam,1,0
W008739_Thailand,0,1
M045100_Biafra,0,1
M045100_Matabeleland,1,0
M045101_Yoruba Nation,0,1
M045101_Biafra,1,0
M045102_Thailand,3,1
M045102_Bahrain,1,3
M045103_Mozambique,0,1
M045103_Eswatini,1,0
M045104_Biafra,1,0
M045104_Matabeleland,0,1
M045105_Bahrain,2,0
M045105_Myanmar,0,2
M045106_Malaysia,4,0
M045106_Brunei,0,4
M045107_Thailand,1,0
M045107_Turkmenistan,0,1
M045108_India,0,2
M045108_Jordan,2,0
M045109_Mexico,2,1
M045109_Nigeria,1,2
M045110_Ethiopia,1,1
M045110_Lesotho,1,1
M045111_United Arab Emirates,1,1
M045111_Gambia,1,1
W008740_Surrey,4,0
W008740_Afghanistan,0,4
M045112_Ethiopia,1,1
M045112_Lesotho,1,1
M045113_Trinidad and Tobago,1,0
M045113_Saint Lucia,0,1
M045114_Thailand,1,2
M045114_Bahrain,2,1
M045115_Malaysia,2,0
M045115_Hong Kong,0,2
M045116_Kuwait,2,0
M045116_Singapore,0,2
M045117_Malta,0,1
M045117_Venezuela,1,0
M045118_Indonesia,0,0
M045118_Bangladesh,0,0
M045119_Australia,2,1
M045119_Jordan,1,2
M045120_Poland,2,1
M045120_Wales,1,2
M045121_Syria,1,0
M045121_Tajikistan,0,1
M045122_Ghana,3,0
M045122_Madagascar,0,3
M045123_Angola,2,1
M045123_Central African Republic,1,2
M045124_Scotland,1,3
M045124_Ukraine,3,1
M045125_Italy,0,3
M045125_Argentina,3,0
M045126_Libya,1,0
M045126_Botswana,0,1
M045127_Vietnam,2,0
M045127_Afghanistan,0,2
M045128_United States,3,0
M045128_Morocco,0,3
W008741_Burundi,3,0
W008741_Djibouti,0,3
W008742_Uganda,2,0
W008742_Rwanda,0,2
M045129_Mexico,0,3
M045129_Uruguay,3,0
M045130_South Korea,1,5
M045130_Brazil,5,1
M045131_Japan,4,1
M045131_Paraguay,1,4
M045132_Cambodia,2,1
M045132_Timor-Leste,1,2
M045133_Estonia,2,0
M045133_San Marino,0,2
M045134_Bulgaria,1,1
M045134_North Macedonia,1,1
M045135_Georgia,4,0
M045135_Gibraltar,0,4
M045136_Cyprus,0,2
M045136_Kosovo,2,0
M045137_Northern Ireland,0,1
M045137_Greece,1,0
M045138_Slovenia,0,2
M045138_Sweden,2,0
M045139_Serbia,0,1
M045139_Norway,1,0
M045140_Ecuador,1,0
M045140_Nigeria,0,1
M045141_Spain,1,1
M045141_Portugal,1,1
M045142_Israel,2,2
M045142_Iceland,2,2
M045143_Tunisia,4,0
M045143_Equatorial Guinea,0,4
M045144_Panama,2,0
M045144_Costa Rica,0,2
M045145_Barbados,0,1
M045145_Antigua and Barbuda,1,0
M045146_Mozambique,1,1
M045146_Rwanda,1,1
M045147_Belize,0,2
M045147_Dominican Republic,2,0
M045148_French Guiana,2,0
M045148_Guatemala,0,2
M045149_Anguilla,0,0
M045149_Dominica,0,0
M045150_Czech Republic,2,1
M045150_Switzerland,1,2
M045151_Guadeloupe,2,1
M045151_Cuba,1,2
W008743_Zanzibar,0,5
W008743_Ethiopia,5,0
W008744_Tanzania,2,0
W008744_South Sudan,0,2
M045152_Liechtenstein,0,2
M045152_Moldova,2,0
M045153_Saint Martin,0,0
M045153_Aruba,0,0
M045154_Belarus,0,1
M045154_Slovakia,1,0
M045155_Kazakhstan,2,0
M045155_Azerbaijan,0,2
M045156_Belgium,1,4
M045156_Netherlands,4,1
M045157_France,1,2
M045157_Denmark,2,1
M045158_British Virgin Islands,1,1
M045158_Cayman Islands,1,1
M045159_Turks and Caicos Islands,1,4
M045159_Bonaire,4,1
M045160_Ivory Coast,3,1
M045160_Zambia,1,3
M045161_Nicaragua,2,1
M045161_Trinidad and Tobago,1,2
M045162_Bahamas,1,0
M045162_Saint Vincent and the Grenadines,0,1
M045163_Curaçao,0,1
M045163_Honduras,1,0
M045164_Comoros,2,0
M045164_Lesotho,0,2
M045165_Burkina Faso,2,0
M045165_Cape Verde,0,2
M045166_Togo,2,2
M045166_Eswatini,2,2
M045167_Latvia,3,0
M045167_Andorra,0,3
M045168_Sint Maarten,1,1
M045168_United States Virgin Islands,1,1
M045169_Nepal,0,2
M045169_Oman,2,0
M045170_Croatia,0,3
M045170_Austria,3,0
W008745_Uganda,5,0
W008745_Djibouti,0,5
W008746_Burundi,2,1
W008746_Rwanda,1,2
M045171_Finland,1,1
M045171_Bosnia and Herzegovina,1,1
M045172_El Salvador,3,1
M045172_Grenada,1,3
M045173_Suriname,1,1
M045173_Jamaica,1,1
M045174_Senegal,3,1
M045174_Benin,1,3
M045175_DR Congo,0,1
M045175_Gabon,1,0
M045176_Mauritania,3,0
M045176_Sudan,0,3
M045177_Mali,4,0
M045177_Congo,0,4
M045178_Gambia,1,0
M045178_South Sudan,0,1
M045179_Algeria,2,0
M045179_Uganda,0,2
M045180_Niger,1,1
M045180_Tanzania,1,1
M045181_Namibia,1,1
M045181_Burundi,1,1
M045182_Hungary,1,0
M045182_England,0,1
M045183_Italy,1,1
M045183_Germany,1,1
M045184_Montenegro,2,0
M045184_Romania,0,2
M045185_Armenia,1,0
M045185_Republic of Ireland,0,1
M045186_Bermuda,0,0
M045186_Haiti,0,0
M045187_Montserrat,1,2
M045187_Guyana,2,1
M045188_Lithuania,0,2
M045188_Luxembourg,2,0
M045189_Turkey,4,0
M045189_Faroe Islands,0,4
W008747_Ethiopia,2,2
W008747_Tanzania,2,2
M045190_Czech Republic,2,2
M045190_Spain,2,2
M045191_Wales,1,0
M045191_Ukraine,0,1
M045192_Malawi,2,1
M045192_Ethiopia,1,2
M045193_Egypt,1,0
M045193_Guinea,0,1
M045194_Central African Republic,1,1
M045194_Ghana,1,1
M045195_Madagascar,1,1
M045195_Angola,1,1
M045196_Botswana,0,0
M045196_Tunisia,0,0
M045197_Costa Rica,2,0
M045197_Martinique,0,2
M045198_Cuba,3,0
M045198_Barbados,0,3
M045199_Antigua and Barbuda,1,0
M045199_Guadeloupe,0,1
M045200_Guatemala,2,0
M045200_Belize,0,2
M045201_United States,0,0
M045201_Uruguay,0,0
M045202_Saudi Arabia,0,1
M045202_Colombia,1,0
M045203_Peru,1,0
M045203_New Zealand,0,1
M045204_Mexico,0,0
M045204_Ecuador,0,0
M045205_Argentina,5,0
M045205_Estonia,0,5
M045206_Dominican Republic,2,3
M045206_French Guiana,3,2
M045207_Bulgaria,2,5
M045207_Georgia,5,2
M045208_Dominica,1,1
M045208_Anguilla,1,1
M045209_Kosovo,0,1
M045209_Greece,1,0
M045210_Cyprus,0,0
M045210_Northern Ireland,0,0
M045211_Sweden,1,2
M045211_Norway,2,1
M045212_Serbia,4,1
M045212_Slovenia,1,4
M045213_Portugal,4,0
M045213_Switzerland,0,4
M045214_Gibraltar,0,2
M045214_North Macedonia,2,0
M045215_San Marino,0,2
M045215_Malta,2,0
W008748_Rwanda,2,0
W008748_Djibouti,0,2
W008749_Uganda,4,1
W008749_Burundi,1,4
M045216_Austria,1,2
M045216_Denmark,2,1
M045217_South Korea,2,0
M045217_Chile,0,2
M045218_Andorra,0,0
M045218_Moldova,0,0
M045219_Latvia,1,0
M045219_Liechtenstein,0,1
M045220_Slovakia,0,1
M045220_Kazakhstan,1,0
M045221_Belarus,0,0
M045221_Azerbaijan,0,0
M045222_Iceland,1,1
M045222_Albania,1,1
M045223_Croatia,1,1
M045223_France,1,1
M045224_Cayman Islands,1,1
M045224_British Virgin Islands,1,1
M045225_Aruba,3,0
M045225_Saint Martin,0,3
M045226_United States Virgin Islands,3,2
M045226_Turks and Caicos Islands,2,3
M045227_Bonaire,2,2
M045227_Sint Maarten,2,2
M045228_Trinidad and Tobago,1,0
M045228_Bahamas,0,1
M045229_Saint Vincent and the Grenadines,2,2
M045229_Nicaragua,2,2
M045230_Honduras,1,2
M045230_Curaçao,2,1
M045231_Equatorial Guinea,2,0
M045231_Libya,0,2
M045232_Japan,0,1
M045232_Brazil,1,0
W008750_Tanzania,12,0
W008750_Zanzibar,0,12
W008751_South Sudan,0,4
W008751_Ethiopia,4,0
M045233_Finland,2,0
M045233_Montenegro,0,2
M045234_Italy,2,1
M045234_Hungary,1,2
M045235_Bosnia and Herzegovina,1,0
M045235_Romania,0,1
M045236_Lithuania,0,6
M045236_Turkey,6,0
M045237_Germany,1,1
M045237_England,1,1
M045238_United Arab Emirates,1,2
M045238_Australia,2,1
M045239_Faroe Islands,0,1
M045239_Luxembourg,1,0
M045240_Haiti,3,2
M045240_Montserrat,2,3
M045241_Eswatini,1,3
M045241_Burkina Faso,3,1
M045242_Grenada,2,2
M045242_El Salvador,2,2
M045243_Jamaica,3,1
M045243_Suriname,1,3
M045244_Senegal,1,0
M045244_Rwanda,0,1
M045245_Zambia,2,1
M045245_Comoros,1,2
M045246_Cape Verde,2,0
M045246_Togo,0,2
M045247_Guyana,2,1
M045247_Bermuda,1,2
M045248_Tanzania,0,2
M045248_Algeria,2,0
M045249_Congo,1,0
M045249_Gambia,0,1
M045250_Gabon,0,0
M045250_Mauritania,0,0
M045251_Sudan,2,1
M045251_DR Congo,1,2
M045252_Belgium,6,1
M045252_Poland,1,6
M045253_Wales,1,2
M045253_Netherlands,2,1
M045254_Scotland,2,0
M045254_Armenia,0,2
M045255_Republic of Ireland,0,1
M045255_Ukraine,1,0
M045256_Kyrgyzstan,2,1
M045256_Singapore,1,2
M045257_Benin,0,1
M045257_Mozambique,1,0
M045258_Tajikistan,4,0
M045258_Myanmar,0,4
M045259_Uganda,1,1
M045259_Niger,1,1
M045260_Bahrain,2,0
M045260_Bangladesh,0,2
M045261_India,2,0
M045261_Cambodia,0,2
M045262_Hong Kong,2,1
M045262_Afghanistan,1,2
M045263_Uzbekistan,3,0
M045263_Sri Lanka,0,3
M045264_Thailand,3,0
M045264_Maldives,0,3
M045265_Mongolia,0,1
M045265_Palestine,1,0
M045266_Philippines,0,0
M045266_Yemen,0,0
M045267_Jordan,2,0
M045267_Nepal,0,2
M045268_Kuwait,1,2
M045268_Indonesia,2,1
M045269_Malaysia,3,1
M045269_Turkmenistan,1,3
M045270_Cayman Islands,0,3
M045270_Puerto Rico,3,0
M045271_Portugal,2,0
M045271_Czech Republic,0,2
M045272_Switzerland,0,1
M045272_Spain,1,0
M045273_Norway,0,0
M045273_Slovenia,0,0
M045274_Sweden,0,1
M045274_Serbia,1,0
M045275_Kosovo,3,2
M045275_Northern Ireland,2,3
M045276_New Zealand,0,0
M045276_Oman,0,0
M045277_Gibraltar,1,1
M045277_Bulgaria,1,1
M045278_North Macedonia,0,3
M045278_Georgia,3,0
M045279_Malta,1,2
M045279_Estonia,2,1
M045280_Dominica,0,1
M045280_Saint Lucia,1,0
M045281_San Marino,0,1
M045281_Iceland,1,0
M045282_Greece,3,0
M045282_Cyprus,0,3
M045283_Aruba,2,3
M045283_Saint Kitts and Nevis,3,2
M045284_Saudi Arabia,0,1
M045284_Venezuela,1,0
M045285_Antigua and Barbuda,0,2
M045285_Cuba,2,0
M045286_Belize,1,1
M045286_French Guiana,1,1
M045287_Guinea-Bissau,5,1
M045287_São Tomé and Príncipe,1,5
M045288_Nigeria,2,1
M045288_Sierra Leone,1,2
M045289_Burundi,0,1
M045289_Cameroon,1,0
M045290_Ethiopia,2,0
M045290_Egypt,0,2
M045291_Guinea,1,0
M045291_Malawi,0,1
M045292_Lesotho,0,0
M045292_Ivory Coast,0,0
M045293_Morocco,2,1
M045293_South Africa,1,2
M045294_Panama,5,0
M045294_Martinique,0,5
M045295_Canada,4,0
M045295_Curaçao,0,4
M045296_Barbados,0,1
M045296_Guadeloupe,1,0
M045297_South Sudan,1,3
M045297_Mali,3,1
W008752_Tanzania,1,2
W008752_Burundi,2,1
W008753_Uganda,1,0
W008753_Ethiopia,0,1
M045298_South Korea,2,2
M045298_Paraguay,2,2
M045299_Chile,0,2
M045299_Tunisia,2,0
M045300_Japan,4,1
M045300_Ghana,1,4
M045301_Belarus,1,1
M045301_Kazakhstan,1,1
M045302_Azerbaijan,0,1
M045302_Slovakia,1,0
M045303_Albania,1,2
M045303_Israel,2,1
M045304_Dominican Republic,1,1
M045304_Guatemala,1,1
M045305_Austria,1,1
M045305_France,1,1
M045306_Bahamas,0,2
M045306_Nicaragua,2,0
M045307_Saint Vincent and the Grenadines,0,2
M045307_Trinidad and Tobago,2,0
M045308_United States,5,0
M045308_Grenada,0,5
M045309_Andorra,2,1
M045309_Liechtenstein,1,2
M045310_Denmark,0,1
M045310_Croatia,1,0
M045311_Moldova,2,4
M045311_Latvia,4,2
M045312_Indonesia,0,1
M045312_Jordan,1,0
M045313_Kuwait,4,1
M045313_Nepal,1,4
M045314_Uruguay,5,0
M045314_Panama,0,5
M045315_Ecuador,1,0
M045315_Cape Verde,0,1
M045316_Luxembourg,0,2
M045316_Turkey,2,0
M045317_Faroe Islands,2,1
M045317_Lithuania,1,2
M045318_Romania,1,0
M045318_Finland,0,1
M045319_Montenegro,1,1
M045319_Bosnia and Herzegovina,1,1
M045320_Republic of Ireland,3,0
M045320_Scotland,0,3
M045321_Ukraine,3,0
M045321_Armenia,0,3
M045322_Netherlands,2,2
M045322_Poland,2,2
M045323_Wales,1,1
M045323_Belgium,1,1
M045324_Hungary,1,1
M045324_Germany,1,1
M045325_England,0,0
M045325_Italy,0,0
M045326_Sint Maarten,8,2
M045326_Turks and Caicos Islands,2,8
M045327_Bangladesh,1,2
M045327_Turkmenistan,2,1
M045328_Montserrat,3,2
M045328_Bermuda,2,3
M045329_United States Virgin Islands,0,2
M045329_Bonaire,2,0
M045330_Mongolia,0,1
M045330_Philippines,1,0
M045331_Yemen,0,5
M045331_Palestine,5,0
M045332_Uzbekistan,4,0
M045332_Maldives,0,4
M045333_Cambodia,0,3
M045333_Hong Kong,3,0
M045334_India,2,1
M045334_Afghanistan,1,2
M045335_Sri Lanka,0,2
M045335_Thailand,2,0
M045336_Malaysia,1,2
M045336_Bahrain,2,1
M045337_Singapore,0,1
M045337_Tajikistan,1,0
M045338_Kyrgyzstan,2,0
M045338_Myanmar,0,2
M045339_Mexico,3,0
M045339_Suriname,0,3
M045340_Guyana,2,6
M045340_Haiti,6,2
W008754_Ethiopia,2,1
W008754_Tanzania,1,2
W008755_Uganda,3,1
W008755_Burundi,1,3
M045341_Greece,2,0
M045341_Kosovo,0,2
M045342_Iran,1,2
M045342_Algeria,2,1
M045343_Malta,1,0
M045343_San Marino,0,1
M045344_Georgia,0,0
M045344_Bulgaria,0,0
M045345_North Macedonia,4,0
M045345_Gibraltar,0,4
M045346_Northern Ireland,2,2
M045346_Cyprus,2,2
M045347_Puerto Rico,6,0
M045347_British Virgin Islands,0,6
M045348_Norway,3,2
M045348_Sweden,2,3
M045349_Switzerland,1,0
M045349_Portugal,0,1
M045350_Spain,2,0
M045350_Czech Republic,0,2
M045351_Saint Lucia,2,0
M045351_Anguilla,0,2
M045352_Saint Kitts and Nevis,1,1
M045352_Saint Martin,1,1
M045353_Guadeloupe,2,1
M045353_Barbados,1,2
M045354_Cuba,3,1
M045354_Antigua and Barbuda,1,3
M045355_Martinique,0,0
M045355_Panama,0,0
M045356_Slovenia,2,2
M045356_Serbia,2,2
W008756_Austria,1,2
W008756_Denmark,2,1
M045357_Iceland,2,2
M045357_Israel,2,2
M045358_Albania,0,0
M045358_Estonia,0,0
M045359_Kazakhstan,2,1
M045359_Slovakia,1,2
M045360_Azerbaijan,2,0
M045360_Belarus,0,2
M045361_France,0,1
M045361_Croatia,1,0
M045362_São Tomé and Príncipe,0,10
M045362_Nigeria,10,0
M045363_Guatemala,2,0
M045363_Dominican Republic,0,2
M045364_Trinidad and Tobago,4,1
M045364_Saint Vincent and the Grenadines,1,4
M045365_Nicaragua,4,0
M045365_Bahamas,0,4
M045366_Honduras,2,1
M045366_Canada,1,2
M045367_Morocco,2,0
M045367_Liberia,0,2
M045368_Sierra Leone,2,2
M045368_Guinea-Bissau,2,2
M045369_Denmark,2,0
M045369_Austria,0,2
M045370_Australia,0,0
M045370_Peru,0,0
M045371_Netherlands,3,2
M045371_Wales,2,3
M045372_Poland,0,1
M045372_Belgium,1,0
M045373_Armenia,1,4
M045373_Scotland,4,1
M045374_Ukraine,1,1
M045374_Republic of Ireland,1,1
M045375_Bosnia and Herzegovina,3,2
M045375_Finland,2,3
M045376_Romania,0,3
M045376_Montenegro,3,0
M045377_Moldova,2,1
M045377_Andorra,1,2
M045378_Turkey,2,0
M045378_Lithuania,0,2
M045379_Liechtenstein,0,2
M045379_Latvia,2,0
M045380_Chile,0,0
M045380_Ghana,0,0
M045381_Germany,5,2
M045381_Italy,2,5
M045382_Japan,0,3
M045382_Tunisia,3,0
M045383_South Korea,4,1
M045383_Egypt,1,4
M045384_Luxembourg,2,2
M045384_Faroe Islands,2,2
M045385_England,0,4
M045385_Hungary,4,0
M045386_Bahrain,1,0
M045386_Turkmenistan,0,1
M045387_Bonaire,2,0
M045387_United States Virgin Islands,0,2
M045388_Costa Rica,1,0
M045388_New Zealand,0,1
M045389_Indonesia,7,0
M045389_Nepal,0,7
M045390_Turks and Caicos Islands,2,0
M045390_Sint Maarten,0,2
M045391_Palestine,4,0
M045391_Philippines,0,4
M045392_Mongolia,2,0
M045392_Yemen,0,2
M045393_Maldives,1,0
M045393_Sri Lanka,0,1
M045394_Uzbekistan,2,0
M045394_Thailand,0,2
M045395_Afghanistan,2,2
M045395_Cambodia,2,2
M045396_Kuwait,0,3
M045396_Jordan,3,0
M045397_Malaysia,4,1
M045397_Bangladesh,1,4
M045398_French Guiana,1,0
M045398_Belize,0,1
M045399_El Salvador,1,1
M045399_United States,1,1
M045400_Haiti,6,0
M045400_Guyana,0,6
M045401_India,4,0
M045401_Hong Kong,0,4
M045402_Jamaica,1,1
M045402_Mexico,1,1
M045403_Kyrgyzstan,0,0
M045403_Tajikistan,0,0
M045404_Myanmar,2,6
M045404_Singapore,6,2
W008757_England,3,0
W008757_Belgium,0,3
M045405_Mapuche,0,1
M045405_Maule Sur,1,0
M045406_Mapuche,3,1
M045406_Aymara,1,3
M045407_Aymara,0,1
M045407_Maule Sur,1,0
W008758_Republic of Ireland,1,0
W008758_Philippines,0,1
W008759_Luxembourg,2,1
W008759_Cape Verde,1,2
W008760_South Sudan,1,0
W008760_Zanzibar,0,1
W008761_Belgium,4,1
W008761_Northern Ireland,1,4
W008762_Bulgaria,0,2
W008762_Israel,2,0
W008763_Serbia,0,5
W008763_Japan,5,0
W008764_Denmark,2,1
W008764_Brazil,1,2
W008765_Germany,7,0
W008765_Switzerland,0,7
W008766_Moldova,0,4
W008766_Romania,4,0
W008767_Latvia,1,0
W008767_Luxembourg,0,1
W008768_Ukraine,0,4
W008768_Scotland,4,0
W008769_England,5,1
W008769_Netherlands,1,5
W008770_Belarus,2,1
W008770_Czech Republic,1,2
W008771_United States,3,0
W008771_Colombia,0,3
W008772_Faroe Islands,1,3
W008772_Andorra,3,1
W008773_Turkey,2,0
W008773_Azerbaijan,0,2
W008774_Norway,2,0
W008774_New Zealand,0,2
W008775_Portugal,1,0
W008775_Greece,0,1
W008776_France,4,0
W008776_Cameroon,0,4
W008777_Spain,7,0
W008777_Australia,0,7
W008778_Chile,0,1
W008778_Venezuela,1,0
W008779_Costa Rica,2,1
W008779_Haiti,1,2
W008780_Canada,0,0
W008780_South Korea,0,0
W008781_Belgium,0,1
W008781_Austria,1,0
W008782_Mexico,5,1
W008782_Peru,1,5
W008783_Finland,1,5
W008783_Japan,5,1
W008784_Georgia,0,9
W008784_Republic of Ireland,9,0
W008785_Costa Rica,2,4
W008785_Haiti,4,2
W008786_Turkey,2,2
W008786_Azerbaijan,2,2
W008787_Belgium,6,1
W008787_Luxembourg,1,6
W008788_Sweden,3,1
W008788_Brazil,1,3
W008789_Chile,1,3
W008789_Venezuela,3,1
W008790_Estonia,4,2
W008790_Kazakhstan,2,4
W008791_Moldova,1,1
W008791_Lithuania,1,1
W008792_Netherlands,3,0
W008792_Belarus,0,3
W008793_Ukraine,2,0
W008793_Hungary,0,2
W008794_Faroe Islands,1,0
W008794_Andorra,0,1
W008795_Mexico,3,0
W008795_Peru,0,3
W008796_Portugal,1,1
W008796_Australia,1,1
W008797_United States,2,0
W008797_Colombia,0,2
W008798_Romania,3,1
W008798_Jordan,1,3
W008799_Wales,0,0
W008799_New Zealand,0,0
W008800_Denmark,1,2
W008800_Norway,2,1
W008801_Switzerland,0,4
W008801_England,4,0
W008802_Italy,1,1
W008802_Spain,1,1
W008803_France,7,0
W008803_Vietnam,0,7
W008804_Tibet,1,13
W008804_Sápmi,13,1
W008805_Morocco,1,0
W008805_Burkina Faso,0,1
W008806_Netherlands,2,0
W008806_Finland,0,2
W008807_Senegal,2,0
W008807_Uganda,0,2
W008808_Cameroon,0,0
W008808_Zambia,0,0
W008809_Tunisia,4,1
W008809_Togo,1,4
W008810_Sápmi,9,0
W008810_Tibet,0,9
W008811_United States,3,0
W008811_Haiti,0,3
W008812_Nigeria,1,2
W008812_South Africa,2,1
W008813_Burundi,2,4
W008813_Botswana,4,2
W008814_Singapore,0,0
W008814_Malaysia,0,0
W008815_Indonesia,0,4
W008815_Thailand,4,0
W008816_Mexico,0,1
W008816_Jamaica,1,0
M045408_Angola,3,1
M045408_Comoros,1,3
M045409_Seychelles,0,1
M045409_Botswana,1,0
W008817_Costa Rica,3,0
W008817_Panama,0,3
W008818_Canada,6,0
W008818_Trinidad and Tobago,0,6
W008819_Burkina Faso,0,1
W008819_Senegal,1,0
W008820_Morocco,3,1
W008820_Uganda,1,3
W008821_Timor-Leste,0,7
W008821_Myanmar,7,0
W008822_Laos,1,1
W008822_Cambodia,1,1
M045410_Mauritius,0,3
M045410_Eswatini,3,0
M045411_Lesotho,2,1
M045411_Malawi,1,2
W008823_England,1,0
W008823_Austria,0,1
W008824_Zambia,1,0
W008824_Tunisia,0,1
W008825_Philippines,7,0
W008825_Singapore,0,7
W008826_Indonesia,1,1
W008826_Malaysia,1,1
W008827_Togo,1,1
W008827_Cameroon,1,1
M045412_Comoros,0,1
M045412_Botswana,1,0
M045413_Angola,3,0
M045413_Seychelles,0,3
W008828_Mexico,0,3
W008828_Haiti,3,0
W008829_Botswana,0,2
W008829_Nigeria,2,0
W008830_South Africa,3,1
W008830_Burundi,1,3
W008831_Jamaica,0,5
W008831_United States,5,0
W008832_Norway,4,1
W008832_Northern Ireland,1,4
W008833_Laos,2,0
W008833_Timor-Leste,0,2
W008834_Cambodia,0,3
W008834_Vietnam,3,0
M045414_Malawi,1,1
M045414_Eswatini,1,1
M045415_Lesotho,2,1
M045415_Mauritius,1,2
W008835_Germany,4,0
W008835_Denmark,0,4
W008836_Colombia,4,2
W008836_Paraguay,2,4
W008837_Trinidad and Tobago,0,4
W008837_Costa Rica,4,0
W008838_Panama,0,1
W008838_Canada,1,0
W008839_Morocco,1,0
W008839_Senegal,0,1
W008840_Spain,4,1
W008840_Finland,1,4
W008841_Burkina Faso,2,2
W008841_Uganda,2,2
W008842_Tajikistan,1,1
W008842_Turkmenistan,1,1
W008843_Bolivia,1,6
W008843_Ecuador,6,1
W008844_Kyrgyzstan,0,1
W008844_Iran,1,0
W008845_Philippines,4,0
W008845_Malaysia,0,4
W008846_Thailand,3,0
W008846_Singapore,0,3
W008847_Netherlands,1,1
W008847_Sweden,1,1
W008848_Uruguay,0,1
W008848_Venezuela,1,0
W008849_Cameroon,2,0
W008849_Tunisia,0,2
W008850_Zambia,4,1
W008850_Togo,1,4
W008851_Myanmar,3,0
W008851_Cambodia,0,3
W008852_Portugal,2,2
W008852_Switzerland,2,2
W008853_Vietnam,5,0
W008853_Laos,0,5
W008854_Brazil,4,0
W008854_Argentina,0,4
M045416_Seychelles,1,2
M045416_Comoros,2,1
M045417_Botswana,1,0
M045417_Angola,0,1
M045418_Mauritius,0,2
M045418_Malawi,2,0
M045419_Eswatini,2,0
M045419_Lesotho,0,2
W008855_Malaysia,0,4
W008855_Thailand,4,0
W008856_Belgium,1,1
W008856_Iceland,1,1
W008857_France,5,1
W008857_Italy,1,5
W008858_South Africa,1,0
W008858_Botswana,0,1
W008859_Nigeria,4,0
W008859_Burundi,0,4
W008860_Philippines,4,1
W008860_Indonesia,1,4
W008861_Tajikistan,0,6
W008861_Uzbekistan,6,0
W008862_Turkmenistan,0,0
W008862_Kyrgyzstan,0,0
W008863_Panama,1,0
W008863_Trinidad and Tobago,0,1
W008864_Canada,2,0
W008864_Costa Rica,0,2
W008865_Mexico,0,1
W008865_United States,1,0
W008866_Jamaica,4,0
W008866_Haiti,0,4
W008867_Timor-Leste,0,6
W008867_Vietnam,6,0
W008868_Paraguay,3,2
W008868_Chile,2,3
W008869_England,8,0
W008869_Norway,0,8
W008870_Austria,2,0
W008870_Northern Ireland,0,2
W008871_Myanmar,3,1
W008871_Laos,1,3
W008872_Colombia,3,0
W008872_Bolivia,0,3
M045420_Madagascar,0,2
M045420_Namibia,2,0
M045421_Zambia,1,1
M045421_Botswana,1,1
W008873_Indonesia,0,2
W008873_Singapore,2,0
W008874_Uruguay,0,3
W008874_Brazil,3,0
W008875_Germany,2,0
W008875_Spain,0,2
W008876_Argentina,4,0
W008876_Peru,0,4
W008877_Philippines,0,1
W008877_Thailand,1,0
W008878_Denmark,1,0
W008878_Finland,0,1
M045422_Senegal,1,1
M045422_Eswatini,1,1
M045423_South Africa,0,0
M045423_Mozambique,0,0
W008879_Vietnam,4,0
W008879_Myanmar,0,4
W008880_Cambodia,3,1
W008880_Timor-Leste,1,3
W008881_Morocco,2,1
W008881_Botswana,1,2
W008882_Zambia,1,1
W008882_Senegal,1,1
W008883_Samoa,2,0
W008883_Tonga,0,2
W008884_Netherlands,3,2
W008884_Portugal,2,3
W008885_Sweden,2,1
W008885_Switzerland,1,2
W008886_Vanuatu,1,3
W008886_Papua New Guinea,3,1
W008887_France,2,1
W008887_Belgium,1,2
W008888_Fiji,1,1
W008888_Solomon Islands,1,1
W008889_Paraguay,2,0
W008889_Bolivia,0,2
W008890_Chile,2,1
W008890_Ecuador,1,2
W008891_United States,3,0
W008891_Costa Rica,0,3
W008892_Canada,3,0
W008892_Jamaica,0,3
W008893_Cameroon,0,1
W008893_Nigeria,1,0
W008894_South Africa,1,0
W008894_Tunisia,0,1
W008895_Uzbekistan,6,0
W008895_Turkmenistan,0,6
W008896_Tajikistan,0,5
W008896_Iran,5,0
W008897_Italy,1,1
W008897_Iceland,1,1
M045424_Botswana,2,0
M045424_Eswatini,0,2
M045425_Namibia,1,0
M045425_Mozambique,0,1
M045426_Zambia,4,3
M045426_Senegal,3,4
M045427_South Africa,2,1
M045427_Madagascar,1,2
W008898_Philippines,4,0
W008898_Vietnam,0,4
W008899_Thailand,2,0
W008899_Myanmar,0,2
W008900_Peru,0,2
W008900_Venezuela,2,0
W008901_Argentina,5,0
W008901_Uruguay,0,5
W008902_Austria,1,0
W008902_Norway,0,1
W008903_England,5,0
W008903_Northern Ireland,0,5
M045428_Elba Island,5,0
M045428_Raetia,0,5
W008904_Finland,0,3
W008904_Germany,3,0
W008905_Denmark,0,1
W008905_Spain,1,0
W008906_Tonga,1,1
W008906_Cook Islands,1,1
M045429_Namibia,0,1
M045429_Zambia,1,0
M045430_Mozambique,1,1
M045430_Senegal,1,1
M045431_South Africa,2,1
M045431_Botswana,1,2
W008907_Philippines,3,0
W008907_Thailand,0,3
W008908_Senegal,0,0
W008908_Tunisia,0,0
W008909_Kyrgyzstan,0,7
W008909_Uzbekistan,7,0
W008910_Chile,5,0
W008910_Bolivia,0,5
W008911_Colombia,2,1
W008911_Ecuador,1,2
W008912_Sweden,5,0
W008912_Portugal,0,5
W008913_Botswana,0,1
W008913_Cameroon,1,0
W008914_Iran,4,0
W008914_Turkmenistan,0,4
W008915_Myanmar,4,3
W008915_Vietnam,3,4
W008916_Switzerland,1,4
W008916_Netherlands,4,1
W008917_Papua New Guinea,2,1
W008917_Tahiti,1,2
W008918_Fiji,3,1
W008918_New Caledonia,1,3
W008919_Zambia,0,1
W008919_South Africa,1,0
W008920_United States,1,0
W008920_Canada,0,1
W008921_Costa Rica,0,1
W008921_Jamaica,1,0
W008922_Peru,0,6
W008922_Uruguay,6,0
W008923_Venezuela,0,4
W008923_Brazil,4,0
W008924_Italy,0,1
W008924_Belgium,1,0
W008925_Iceland,1,1
W008925_France,1,1
W008926_Morocco,1,1
W008926_Nigeria,1,1
M045432_Japan,6,0
M045432_Hong Kong,0,6
W008927_Japan,2,1
W008927_South Korea,1,2
W008928_Cook Islands,0,1
W008928_Samoa,1,0
M045433_China PR,0,3
M045433_South Korea,3,0
W008929_Uzbekistan,1,0
W008929_Iran,0,1
W008930_Tahiti,0,0
W008930_Vanuatu,0,0
W008931_England,2,1
W008931_Spain,1,2
W008932_Tajikistan,0,1
W008932_Kyrgyzstan,1,0
W008933_China PR,2,0
W008933_Taiwan,0,2
W008934_Ecuador,1,2
W008934_Paraguay,2,1
W008935_Colombia,4,0
W008935_Chile,0,4
W008936_New Caledonia,2,2
W008936_Solomon Islands,2,2
W008937_Brazil,6,0
W008937_Peru,0,6
W008938_Germany,2,0
W008938_Austria,0,2
W008939_Venezuela,0,1
W008939_Argentina,1,0
W008940_Sweden,1,0
W008940_Belgium,0,1
W008941_Nigeria,0,1
W008941_Zambia,1,0
W008942_France,1,0
W008942_Netherlands,0,1
W008943_Samoa,4,2
W008943_New Caledonia,2,4
W008944_Papua New Guinea,3,3
W008944_Tonga,3,3
W008945_Morocco,1,2
W008945_South Africa,2,1
W008946_Japan,4,1
W008946_Taiwan,1,4
W008947_China PR,1,1
W008947_South Korea,1,1
M045434_South Korea,3,0
M045434_Hong Kong,0,3
M045435_Japan,0,0
M045435_China PR,0,0
W008948_Fiji,2,0
W008948_Cook Islands,0,2
W008949_Tahiti,0,1
W008949_Solomon Islands,1,0
W008950_Chile,1,1
W008950_Venezuela,1,1
W008951_Colombia,1,0
W008951_Argentina,0,1
W008952_Brazil,2,0
W008952_Paraguay,0,2
W008953_South Korea,4,0
W008953_Taiwan,0,4
W008954_Japan,0,0
W008954_China PR,0,0
W008955_England,4,0
W008955_Sweden,0,4
M045436_Japan,3,0
M045436_South Korea,0,3
M045437_China PR,1,0
M045437_Hong Kong,0,1
W008956_Germany,2,1
W008956_France,1,2
W008957_Fiji,3,1
W008957_Solomon Islands,1,3
W008958_Samoa,0,3
W008958_Papua New Guinea,3,0
W008959_Argentina,3,1
W008959_Paraguay,1,3
W008960_Colombia,0,1
W008960_Brazil,1,0
W008961_Fiji,1,2
W008961_Papua New Guinea,2,1
W008962_Samoa,1,1
W008962_Solomon Islands,1,1
W008963_England,2,1
W008963_Germany,1,2
M045438_Raetia,3,3
M045438_Tibet,3,3
W008964_Jordan,4,0
W008964_Syria,0,4
W008965_Palestine,0,3
W008965_Lebanon,3,0
M045439_Mexico,0,1
M045439_Paraguay,1,0
W008966_Mauritius,0,5
W008966_Mozambique,5,0
W008967_Republic of Ireland,1,0
W008967_Finland,0,1
W008968_Georgia,0,4
W008968_Slovakia,4,0
W008969_Cyprus,0,6
W008969_Czech Republic,6,0
W008970_North Macedonia,3,2
W008970_Latvia,2,3
W008971_Albania,1,2
W008971_Poland,2,1
W008972_Kosovo,2,1
W008972_Armenia,1,2
W008973_Israel,2,0
W008973_Bulgaria,0,2
W008974_Denmark,5,1
W008974_Montenegro,1,5
W008975_Syria,1,1
W008975_Palestine,1,1
W008976_Zambia,2,0
W008976_Namibia,0,2
W008977_Lesotho,3,0
W008977_Eswatini,0,3
W008978_Jordan,2,1
W008978_Lebanon,1,2
W008979_Malta,0,2
W008979_Azerbaijan,2,0
W008980_Botswana,1,1
W008980_Malawi,1,1
W008981_Tanzania,3,0
W008981_Comoros,0,3
W008982_South Africa,0,3
W008982_Brazil,3,0
W008983_Mexico,0,1
W008983_New Zealand,1,0
W008984_Netherlands,2,1
W008984_Scotland,1,2
W008985_Spain,3,0
W008985_Hungary,0,3
W008986_Faroe Islands,0,3
W008986_Ukraine,3,0
W008987_Slovenia,2,0
W008987_Kazakhstan,0,2
W008988_Greece,0,1
W008988_Wales,1,0
W008989_Serbia,1,2
W008989_Portugal,2,1
W008990_Croatia,0,2
W008990_Switzerland,2,0
W008991_Estonia,0,9
W008991_France,9,0
W008992_Moldova,0,8
W008992_Italy,8,0
W008993_Belgium,0,1
W008993_Norway,1,0
W008994_Luxembourg,1,2
W008994_Northern Ireland,2,1
W008995_Iceland,6,0
W008995_Belarus,0,6
W008996_Lithuania,1,7
W008996_Romania,7,1
W008997_Austria,0,2
W008997_England,2,0
W008998_Australia,0,1
W008998_Canada,1,0
W008999_South Korea,1,0
W008999_Jamaica,0,1
W009000_United States,4,0
W009000_Nigeria,0,4
W009001_Colombia,1,0
W009001_Costa Rica,0,1
W009002_Angola,1,1
W009002_Mozambique,1,1
W009003_Turkey,0,3
W009003_Germany,3,0
W009004_Lebanon,5,2
W009004_Syria,2,5
W009005_Jordan,4,0
W009005_Palestine,0,4
W009006_Namibia,5,1
W009006_Eswatini,1,5
W009007_Zambia,7,0
W009007_Lesotho,0,7
W009008_South Africa,0,6
W009008_Brazil,6,0
W009009_Botswana,0,0
W009009_Tanzania,0,0
W009010_Malawi,6,0
W009010_Comoros,0,6
W009011_Finland,0,5
W009011_Sweden,5,0
W009012_Bulgaria,0,8
W009012_Germany,8,0
W009013_Switzerland,15,0
W009013_Moldova,0,15
W009014_Israel,0,2
W009014_Serbia,2,0
W009015_Italy,2,0
W009015_Romania,0,2
W009016_Lithuania,0,1
W009016_Croatia,1,0
W009017_Poland,7,0
W009017_Kosovo,0,7
W009018_Norway,5,0
W009018_Albania,0,5
W009019_Austria,10,0
W009019_North Macedonia,0,10
W009020_England,10,0
W009020_Luxembourg,0,10
W009021_Latvia,1,3
W009021_Northern Ireland,3,1
W009022_Netherlands,1,0
W009022_Iceland,0,1
W009023_Czech Republic,7,0
W009023_Belarus,0,7
W009024_Spain,5,0
W009024_Ukraine,0,5
W009025_Faroe Islands,0,6
W009025_Scotland,6,0
W009026_Slovakia,0,1
W009026_Republic of Ireland,1,0
W009027_Armenia,0,7
W009027_Belgium,7,0
W009028_Portugal,4,0
W009028_Turkey,0,4
W009029_Malta,2,0
W009029_Montenegro,0,2
W009030_France,5,1
W009030_Greece,1,5
W009031_Wales,0,0
W009031_Slovenia,0,0
W009032_Azerbaijan,1,1
W009032_Bosnia and Herzegovina,1,1
W009033_Australia,1,2
W009033_Canada,2,1
W009034_United States,2,1
W009034_Nigeria,1,2
W009035_Nepal,4,0
W009035_Bhutan,0,4
W009036_Eswatini,0,2
W009036_Zambia,2,0
W009037_Lesotho,0,2
W009037_Namibia,2,0
W009038_Mauritius,0,3
W009038_Angola,3,0
W009039_Kazakhstan,0,2
W009039_Estonia,2,0
W009040_Tanzania,3,1
W009040_Malawi,1,3
W009041_Comoros,0,6
W009041_Botswana,6,0
W009042_Colombia,2,0
W009042_Costa Rica,0,2
W009043_India,3,0
W009043_Pakistan,0,3
W009044_Bangladesh,3,0
W009044_Maldives,0,3
W009045_New Zealand,2,1
W009045_Philippines,1,2
W009046_Sri Lanka,0,5
W009046_Bhutan,5,0
W009047_Zambia,2,1
W009047_Tanzania,1,2
W009048_Maldives,0,9
W009048_India,9,0
W009049_Pakistan,0,6
W009049_Bangladesh,6,0
W009050_Tanzania,2,1
W009050_Namibia,1,2
W009051_Nepal,6,0
W009051_Sri Lanka,0,6
W009052_Maldives,0,7
W009052_Pakistan,7,0
W009053_India,0,3
W009053_Bangladesh,3,0
W009054_Bangladesh,8,0
W009054_Bhutan,0,8
W009055_Nepal,1,0
W009055_India,0,1
M045440_Fiji,1,0
M045440_New Caledonia,0,1
W009056_Nepal,1,3
W009056_Bangladesh,3,1
M045441_Scotland,3,0
M045441_Ukraine,0,3
M045442_Vietnam,4,0
M045442_Singapore,0,4
M045443_San Marino,0,0
M045443_Seychelles,0,0
M045444_Libya,0,0
M045444_Uganda,0,0
M045445_Hong Kong,2,0
M045445_Myanmar,0,2
M045446_Brunei,0,3
M045446_Maldives,3,0
M045447_Solomon Islands,1,0
M045447_New Caledonia,0,1
M045448_Trinidad and Tobago,1,2
M045448_Tajikistan,2,1
M045449_Belgium,2,1
M045449_Wales,1,2
M045450_Slovakia,1,2
M045450_Azerbaijan,2,1
M045451_Kazakhstan,2,1
M045451_Belarus,1,2
M045452_Turkey,3,3
M045452_Luxembourg,3,3
M045453_Lithuania,1,1
M045453_Faroe Islands,1,1
M045454_Poland,0,2
M045454_Netherlands,2,0
M045455_Latvia,1,2
M045455_Moldova,2,1
M045456_France,2,0
M045456_Austria,0,2
M045457_Cambodia,0,1
M045457_Bangladesh,1,0
M045458_Comoros,0,1
M045458_Tunisia,1,0
M045459_Iceland,1,0
M045459_Venezuela,0,1
M045460_Suriname,2,1
M045460_Nicaragua,1,2
M045461_Croatia,2,1
M045461_Denmark,1,2
M045462_Thailand,1,1
M045462_Malaysia,1,1
M045463_Australia,1,0
M045463_New Zealand,0,1
M045464_Liechtenstein,0,2
M045464_Andorra,2,0
M045465_Japan,2,0
M045465_United States,0,2
M045466_Bulgaria,5,1
M045466_Gibraltar,1,5
M045467_Algeria,1,0
M045467_Guinea,0,1
M045468_Argentina,3,0
M045468_Honduras,0,3
M045469_Bahrain,1,2
M045469_Cape Verde,2,1
M045470_Brazil,3,0
M045470_Ghana,0,3
M045471_Georgia,2,0
M045471_North Macedonia,0,2
M045472_Bosnia and Herzegovina,1,0
M045472_Montenegro,0,1
M045473_Italy,1,0
M045473_England,0,1
M045474_Germany,0,1
M045474_Hungary,1,0
M045475_Saudi Arabia,0,0
M045475_Ecuador,0,0
M045476_Rwanda,0,0
M045476_Equatorial Guinea,0,0
M045477_Paraguay,1,0
M045477_United Arab Emirates,0,1
M045478_Morocco,2,0
M045478_Chile,0,2
M045479_Mali,1,0
M045479_Zambia,0,1
M045480_South Korea,2,2
M045480_Costa Rica,2,2
M045481_Jordan,2,0
M045481_Syria,0,2
M045482_Iraq,1,1
M045482_Oman,1,1
M045483_Iran,1,0
M045483_Uruguay,0,1
M045484_Egypt,3,0
M045484_Niger,0,3
M045485_DR Congo,0,1
M045485_Burkina Faso,1,0
M045486_Canada,2,0
M045486_Qatar,0,2
M045487_Cameroon,0,2
M045487_Uzbekistan,2,0
M045488_Estonia,2,1
M045488_Malta,1,2
M045489_Finland,1,1
M045489_Romania,1,1
M045490_Mauritania,1,0
M045490_Benin,0,1
M045491_Czech Republic,0,4
M045491_Portugal,4,0
M045492_Cyprus,1,0
M045492_Greece,0,1
M045493_Northern Ireland,2,1
M045493_Kosovo,1,2
M045494_Serbia,4,1
M045494_Sweden,1,4
M045495_Slovenia,2,1
M045495_Norway,1,2
M045496_Israel,2,1
M045496_Albania,1,2
M045497_Scotland,2,1
M045497_Republic of Ireland,1,2
M045498_Armenia,0,5
M045498_Ukraine,5,0
M045499_Spain,1,2
M045499_Switzerland,2,1
M045500_Vanuatu,0,1
M045500_Papua New Guinea,1,0
M045501_Kyrgyzstan,1,2
M045501_Russia,2,1
M045502_Mexico,1,0
M045502_Peru,0,1
M045503_Tanzania,1,0
M045503_Uganda,0,1
M045504_Bolivia,0,2
M045504_Senegal,2,0
M045505_Colombia,4,1
M045505_Guatemala,1,4
M045506_Fiji,2,2
M045506_Solomon Islands,2,2
M045507_Grenada,1,3
M045507_Saint Vincent and the Grenadines,3,1
M045508_Hong Kong,0,0
M045508_Myanmar,0,0
M045509_India,1,1
M045509_Singapore,1,1
M045510_Indonesia,3,2
M045510_Curaçao,2,3
M045511_Ivory Coast,2,1
M045511_Togo,1,2
M045512_Laos,1,3
M045512_Maldives,3,1
M045513_Madagascar,3,3
M045513_Congo,3,3
M045514_South Africa,4,0
M045514_Sierra Leone,0,4
M045515_Slovakia,1,1
M045515_Belarus,1,1
M045516_Azerbaijan,3,0
M045516_Kazakhstan,0,3
M045517_Luxembourg,1,0
M045517_Lithuania,0,1
M045518_Moldova,2,0
M045518_Liechtenstein,0,2
M045519_Faroe Islands,2,1
M045519_Turkey,1,2
M045520_Andorra,1,1
M045520_Latvia,1,1
M045521_Netherlands,1,0
M045521_Belgium,0,1
M045522_Austria,1,3
M045522_Croatia,3,1
M045523_Denmark,2,0
M045523_France,0,2
M045524_Thailand,2,1
M045524_Trinidad and Tobago,1,2
M045525_Niger,0,0
M045525_Liberia,0,0
M045526_New Zealand,0,2
M045526_Australia,2,0
M045527_Malaysia,0,0
M045527_Tajikistan,0,0
M045528_Wales,0,1
M045528_Poland,1,0
M045529_San Marino,0,4
M045529_Estonia,4,0
M045530_North Macedonia,0,1
M045530_Bulgaria,1,0
M045531_Gibraltar,1,2
M045531_Georgia,2,1
M045532_Montenegro,0,2
M045532_Finland,2,0
M045533_Romania,4,1
M045533_Bosnia and Herzegovina,1,4
M045534_England,3,3
M045534_Germany,3,3
M045535_Jordan,1,0
M045535_Oman,0,1
M045536_Iraq,1,0
M045536_Syria,0,1
M045537_Ethiopia,2,2
M045537_Sudan,2,2
M045538_Hungary,0,2
M045538_Italy,2,0
M045539_United Arab Emirates,0,4
M045539_Venezuela,4,0
M045540_Mexico,2,3
M045540_Colombia,3,2
M045541_Nepal,3,1
M045541_Bangladesh,1,3
M045542_Paraguay,0,0
M045542_Morocco,0,0
M045543_Peru,4,1
M045543_El Salvador,1,4
M045544_Qatar,2,2
M045544_Chile,2,2
M045545_Saudi Arabia,0,0
M045545_United States,0,0
M045546_South Africa,1,0
M045546_Botswana,0,1
M045547_Vietnam,3,0
M045547_India,0,3
M045548_Portugal,0,1
M045548_Spain,1,0
M045549_Republic of Ireland,3,2
M045549_Armenia,2,3
M045550_Ukraine,0,0
M045550_Scotland,0,0
M045551_Albania,1,1
M045551_Iceland,1,1
M045552_Norway,0,2
M045552_Serbia,2,0
M045553_Sweden,1,1
M045553_Slovenia,1,1
M045554_Kosovo,5,1
M045554_Cyprus,1,5
M045555_Greece,3,1
M045555_Northern Ireland,1,3
M045556_Mauritania,2,0
M045556_Congo,0,2
M045557_Switzerland,2,1
M045557_Czech Republic,1,2
M045558_Malta,2,1
M045558_Israel,1,2
M045559_Ghana,1,0
M045559_Nicaragua,0,1
M045560_Libya,2,1
M045560_Tanzania,1,2
M045561_Bahrain,0,2
M045561_Panama,2,0
M045562_Brazil,5,1
M045562_Tunisia,1,5
M045563_Brunei,1,0
M045563_Laos,0,1
M045564_Burkina Faso,2,1
M045564_Comoros,1,2
M045565_Canada,0,2
M045565_Uruguay,2,0
M045566_DR Congo,3,0
M045566_Sierra Leone,0,3
M045567_Fiji,0,1
M045567_Papua New Guinea,1,0
M045568_Costa Rica,2,1
M045568_Uzbekistan,1,2
M045569_Ecuador,0,0
M045569_Japan,0,0
M045570_Egypt,3,0
M045570_Liberia,0,3
M045571_Equatorial Guinea,2,2
M045571_Togo,2,2
M045572_Madagascar,3,1
M045572_Benin,1,3
M045573_Honduras,2,1
M045573_Guatemala,1,2
M045574_Indonesia,2,1
M045574_Curaçao,1,2
M045575_Iran,1,1
M045575_Senegal,1,1
M045576_Ivory Coast,3,1
M045576_Guinea,1,3
M045577_South Korea,1,0
M045577_Cameroon,0,1
M045578_Argentina,3,0
M045578_Jamaica,0,3
M045579_Algeria,2,1
M045579_Nigeria,1,2
M045580_Fiji,1,0
M045580_Solomon Islands,0,1
M045581_Saint Vincent and the Grenadines,1,5
M045581_Grenada,5,1
W009057_Japan,2,0
W009057_Nigeria,0,2
W009058_Estonia,4,1
W009058_Lithuania,1,4
W009059_Latvia,2,3
W009059_Faroe Islands,3,2
W009060_Portugal,2,1
W009060_Belgium,1,2
W009061_Wales,1,0
W009061_Bosnia and Herzegovina,0,1
W009062_Scotland,1,0
W009062_Austria,0,1
W009063_Canada,2,0
W009063_Argentina,0,2
W009064_Germany,2,1
W009064_France,1,2
W009065_Spain,1,1
W009065_Sweden,1,1
W009066_England,2,1
W009066_United States,1,2
W009067_Norway,1,4
W009067_Brazil,4,1
W009068_Australia,4,1
W009068_South Africa,1,4
W009069_Costa Rica,1,1
W009069_Philippines,1,1
W009070_Japan,2,0
W009070_New Zealand,0,2
W009071_Egypt,0,1
W009071_Jordan,1,0
W009072_Latvia,1,2
W009072_Lithuania,2,1
W009073_Estonia,3,1
W009073_Faroe Islands,1,3
W009074_Cyprus,2,1
W009074_Liechtenstein,1,2
W009075_Argentina,2,2
W009075_Poland,2,2
W009076_Italy,0,1
W009076_Brazil,1,0
W009077_Canada,4,0
W009077_Morocco,0,4
W009078_Mexico,1,1
W009078_Chile,1,1
W009079_Portugal,4,1
W009079_Iceland,1,4
W009080_Scotland,0,1
W009080_Republic of Ireland,1,0
W009081_Switzerland,2,1
W009081_Wales,1,2
W009082_Denmark,1,3
W009082_Australia,3,1
W009083_Sweden,3,0
W009083_France,0,3
W009084_Netherlands,0,2
W009084_Norway,2,0
W009085_Spain,2,0
W009085_United States,0,2
W009086_England,0,0
W009086_Czech Republic,0,0
W009087_Costa Rica,2,1
W009087_Philippines,1,2
M045582_Saudi Arabia,1,0
M045582_North Macedonia,0,1
M045583_Qatar,2,0
M045583_Guatemala,0,2
M045584_Saudi Arabia,1,1
M045584_Albania,1,1
M045585_Qatar,1,0
M045585_Honduras,0,1
M045586_Saudi Arabia,0,0
M045586_Honduras,0,0
M045587_Brunei,6,2
M045587_Timor-Leste,2,6
M045588_Saudi Arabia,1,0
M045588_Iceland,0,1
M045589_Qatar,2,1
M045589_Panama,1,2
M045590_Brunei,0,1
M045590_Timor-Leste,1,0
M045591_Mexico,4,0
M045591_Iraq,0,4
M045592_Albania,0,1
M045592_Qatar,1,0
M045593_Cameroon,1,1
M045593_Jamaica,1,1
M045594_Costa Rica,2,0
M045594_Nigeria,0,2
M045595_Iran,1,0
M045595_Nicaragua,0,1
M045596_Saudi Arabia,1,1
M045596_Panama,1,1
M045597_Bahrain,2,2
M045597_Canada,2,2
M045598_South Korea,1,0
M045598_Iceland,0,1
W009088_Italy,0,1
W009088_Austria,1,0
W009089_Switzerland,1,2
W009089_Denmark,2,1
W009090_Brazil,1,2
W009090_Canada,2,1
W009091_England,4,0
W009091_Japan,0,4
W009092_Netherlands,4,0
W009092_Costa Rica,0,4
W009093_Spain,7,0
W009093_Argentina,0,7
W009094_France,1,2
W009094_Norway,2,1
W009095_United States,1,2
W009095_Germany,2,1
M045599_Iraq,0,0
M045599_Ecuador,0,0
W009096_Australia,4,0
W009096_Sweden,0,4
W009097_Chile,1,1
W009097_Philippines,1,1
W009098_Wales,1,1
W009098_Finland,1,1
W009099_Belgium,7,0
W009099_Slovakia,0,7
W009100_New Zealand,0,1
W009100_South Korea,1,0
M045600_Syria,0,1
M045600_Algeria,1,0
M045601_West Papua,1,1
M045601_Raetia,1,1
W009101_United States,2,1
W009101_Germany,1,2
W009102_Iran,1,0
W009102_Belarus,0,1
W009103_Greece,1,0
W009103_Cyprus,0,1
W009104_Republic of Ireland,4,0
W009104_Morocco,0,4
W009105_Scotland,2,1
W009105_Venezuela,1,2
M045602_Venezuela,2,2
M045602_Panama,2,2
W009106_Colombia,1,0
W009106_Zambia,0,1
W009107_Brazil,2,1
W009107_Canada,1,2
W009108_Romania,1,2
W009108_Czech Republic,2,1
W009109_Austria,3,0
W009109_Slovakia,0,3
W009110_Hungary,5,0
W009110_Uzbekistan,0,5
W009111_New Zealand,1,1
W009111_South Korea,1,1
W009112_Australia,2,0
W009112_Thailand,0,2
W009113_Portugal,1,0
W009113_Costa Rica,0,1
W009114_Iran,1,1
W009114_Belarus,1,1
W009115_Netherlands,2,0
W009115_Denmark,0,2
W009116_Northern Ireland,1,0
W009116_Italy,0,1
W009117_Spain,1,0
W009117_Japan,0,1
W009118_Chile,1,0
W009118_Philippines,0,1
W009119_Turkey,5,0
W009119_Jordan,0,5
W009120_England,1,1
W009120_Norway,1,1
M045603_Albania,1,3
M045603_Italy,3,1
M045604_Algeria,1,1
M045604_Mali,1,1
M045605_Andorra,0,1
M045605_Austria,1,0
M045606_Ivory Coast,4,0
M045606_Burundi,0,4
M045607_Cyprus,0,2
M045607_Bulgaria,2,0
M045608_Czech Republic,5,0
M045608_Faroe Islands,0,5
M045609_Dominican Republic,2,4
M045609_Cuba,4,2
M045610_Gibraltar,2,0
M045610_Liechtenstein,0,2
M045611_Iran,0,2
M045611_Tunisia,2,0
M045612_Kosovo,2,2
M045612_Armenia,2,2
M045613_Turkey,2,1
M045613_Scotland,1,2
M045614_Moldova,1,2
M045614_Azerbaijan,2,1
M045615_Mexico,1,2
M045615_Sweden,2,1
M045616_Lithuania,0,0
M045616_Iceland,0,0
M045617_Uzbekistan,2,0
M045617_Kazakhstan,0,2
M045618_United Arab Emirates,0,5
M045618_Argentina,5,0
M045619_Saudi Arabia,0,1
M045619_Croatia,1,0
M045620_Latvia,1,1
M045620_Estonia,1,1
M045621_Peru,1,0
M045621_Paraguay,0,1
M045622_Oman,0,1
M045622_Germany,1,0
M045623_Nicaragua,1,0
M045623_El Salvador,0,1
M045624_Nepal,1,0
M045624_Pakistan,0,1
M045625_Poland,1,0
M045625_Chile,0,1
M045626_North Macedonia,1,1
M045626_Finland,1,1
M045627_Rwanda,0,0
M045627_Sudan,0,0
M045628_South Africa,2,1
M045628_Mozambique,1,2
M045629_Saint Lucia,1,1
M045629_San Marino,1,1
M045630_Switzerland,0,2
M045630_Ghana,2,0
M045631_Syria,0,1
M045631_Belarus,1,0
M045632_Tajikistan,0,0
M045632_Russia,0,0
M045633_Portugal,4,0
M045633_Nigeria,0,4
M045634_Republic of Ireland,1,2
M045634_Norway,2,1
M045635_Romania,1,2
M045635_Slovenia,2,1
M045636_Morocco,3,0
M045636_Georgia,0,3
M045637_Malta,2,2
M045637_Greece,2,2
M045638_Luxembourg,2,2
M045638_Hungary,2,2
M045639_Jordan,1,3
M045639_Spain,3,1
M045640_Japan,1,2
M045640_Canada,2,1
M045641_Niger,2,3
M045641_Libya,3,2
M045642_Gabon,3,1
M045642_Guinea-Bissau,1,3
M045643_Angola,1,0
M045643_Botswana,0,1
M045644_Montenegro,2,2
M045644_Slovakia,2,2
M045645_Israel,4,2
M045645_Zambia,2,4
M045646_Bahrain,1,5
M045646_Serbia,5,1
M045647_Cameroon,1,1
M045647_Panama,1,1
M045648_Dominican Republic,1,1
M045648_Cuba,1,1
M045649_Egypt,2,1
M045649_Belgium,1,2
M045650_Estonia,2,0
M045650_Lithuania,0,2
M045651_United Arab Emirates,2,1
M045651_Kazakhstan,1,2
M045652_Turkey,2,1
M045652_Czech Republic,1,2
M045653_Sweden,2,0
M045653_Algeria,0,2
M045654_Rwanda,1,0
M045654_Sudan,0,1
M045655_Latvia,1,1
M045655_Iceland,1,1
M045656_Kuwait,2,0
M045656_Lebanon,0,2
M045657_Kosovo,1,1
M045657_Faroe Islands,1,1
M045658_Ivory Coast,1,2
M045658_Burkina Faso,2,1
M045659_Guatemala,3,1
M045659_Nicaragua,1,3
M045660_Gibraltar,1,0
M045660_Andorra,0,1
M045661_Colombia,2,0
M045661_Paraguay,0,2
M045662_Albania,2,0
M045662_Armenia,0,2
M045663_Peru,1,0
M045663_Bolivia,0,1
M045664_Qatar,0,2
M045664_Ecuador,2,0
M045665_Uzbekistan,0,0
M045665_Russia,0,0
M045666_Syria,1,2
M045666_Venezuela,2,1
M045667_Saint Lucia,1,0
M045667_San Marino,0,1
M045668_South Africa,1,1
M045668_Angola,1,1
M045669_Slovenia,1,0
M045669_Montenegro,0,1
M045670_Slovakia,0,0
M045670_Chile,0,0
M045671_Oman,2,0
M045671_Belarus,0,2
M045672_Norway,1,1
M045672_Finland,1,1
M045673_Niger,1,3
M045673_Gabon,3,1
M045674_Moldova,0,5
M045674_Romania,5,0
M045675_Malta,0,1
M045675_Republic of Ireland,1,0
M045676_Luxembourg,0,0
M045676_Bulgaria,0,0
M045677_Israel,2,3
M045677_Cyprus,3,2
M045678_Gambia,0,0
M045678_Guinea-Bissau,0,0
M045679_Austria,2,0
M045679_Italy,0,2
M045680_North Macedonia,1,3
M045680_Azerbaijan,3,1
M045681_Hungary,2,1
M045681_Greece,1,2
M045682_Senegal,0,2
M045682_Netherlands,2,0
M045683_England,6,2
M045683_Iran,2,6
M045684_United States,1,1
M045684_Wales,1,1
M045685_Mexico,0,0
M045685_Poland,0,0
M045686_Argentina,1,2
M045686_Saudi Arabia,2,1
M045687_France,4,1
M045687_Australia,1,4
M045688_Denmark,0,0
M045688_Tunisia,0,0
M045689_Germany,1,2
M045689_Japan,2,1
M045690_Spain,7,0
M045690_Costa Rica,0,7
M045691_Morocco,0,0
M045691_Croatia,0,0
M045692_Belgium,1,0
M045692_Canada,0,1
M045693_Switzerland,1,0
M045693_Cameroon,0,1
M045694_Brazil,2,0
M045694_Serbia,0,2
M045695_Uruguay,0,0
M045695_South Korea,0,0
M045696_Portugal,3,2
M045696_Ghana,2,3
M045697_England,0,0
M045697_United States,0,0
M045698_Wales,0,2
M045698_Iran,2,0
M045699_Netherlands,1,1
M045699_Ecuador,1,1
M045700_Qatar,1,3
M045700_Senegal,3,1
M045701_Poland,2,0
M045701_Saudi Arabia,0,2
M045702_Argentina,2,0
M045702_Mexico,0,2
M045703_Tunisia,0,1
M045703_Australia,1,0
M045704_France,2,1
M045704_Denmark,1,2
M045705_Japan,0,1
M045705_Costa Rica,1,0
M045706_Spain,1,1
M045706_Germany,1,1
M045707_Belgium,0,2
M045707_Morocco,2,0
M045708_Croatia,4,1
M045708_Canada,1,4
M045709_Cameroon,3,3
M045709_Serbia,3,3
M045710_Brazil,1,0
M045710_Switzerland,0,1
M045711_South Korea,2,3
M045711_Ghana,3,2
M045712_Portugal,2,0
M045712_Uruguay,0,2
M045713_Iran,0,1
M045713_United States,1,0
M045714_Qatar,0,2
M045714_Netherlands,2,0
M045715_Wales,0,3
M045715_England,3,0
M045716_Ecuador,1,2
M045716_Senegal,2,1
M045717_Poland,0,2
M045717_Argentina,2,0
M045718_Australia,1,0
M045718_Denmark,0,1
M045719_Tunisia,1,0
M045719_France,0,1
M045720_Saudi Arabia,1,2
M045720_Mexico,2,1
M045721_Japan,2,1
M045721_Spain,1,2
M045722_Costa Rica,2,4
M045722_Germany,4,2
M045723_Croatia,0,0
M045723_Belgium,0,0
M045724_Canada,1,2
M045724_Morocco,2,1
M045725_South Korea,2,1
M045725_Portugal,1,2
M045726_Ghana,0,2
M045726_Uruguay,2,0
M045727_Serbia,2,3
M045727_Switzerland,3,2
M045728_Cameroon,1,0
M045728_Brazil,0,1
M045729_Argentina,2,1
M045729_Australia,1,2
M045730_Netherlands,3,1
M045730_United States,1,3
M045731_France,3,1
M045731_Poland,1,3
M045732_England,3,0
M045732_Senegal,0,3
M045733_Japan,1,1
M045733_Croatia,1,1
M045734_Brazil,4,1
M045734_South Korea,1,4
M045735_Morocco,0,0
M045735_Spain,0,0
M045736_Portugal,6,1
M045736_Switzerland,1,6
M045737_Malaysia,4,0
M045737_Cambodia,0,4
M045738_Netherlands,2,2
M045738_Argentina,2,2
M045739_Croatia,1,1
M045739_Brazil,1,1
M045740_Morocco,1,0
M045740_Portugal,0,1
M045741_England,1,2
M045741_France,2,1
M045742_Thailand,6,0
M045742_Myanmar,0,6
M045743_Argentina,3,0
M045743_Croatia,0,3
M045744_Vietnam,1,0
M045744_Philippines,0,1
M045745_Thailand,0,1
M045745_Taiwan,1,0
M045746_France,2,0
M045746_Morocco,0,2
M045747_Malaysia,3,0
M045747_Maldives,0,3
M045748_Croatia,2,1
M045748_Morocco,1,2
M045749_Singapore,3,1
M045749_Maldives,1,3
M045750_Argentina,3,3
M045750_France,3,3
M045751_Cambodia,3,2
M045751_Philippines,2,3
M045752_Brunei,0,5
M045752_Thailand,5,0
M045753_Laos,0,6
M045753_Vietnam,6,0
M045754_Myanmar,0,1
M045754_Malaysia,1,0
M045755_Indonesia,2,1
M045755_Cambodia,1,2
M045756_Oman,2,1
M045756_Syria,1,2
M045757_Philippines,5,1
M045757_Brunei,1,5
M045758_Singapore,3,2
M045758_Myanmar,2,3
M045759_Malaysia,5,0
M045759_Laos,0,5
M045760_Brunei,0,7
M045760_Indonesia,7,0
M045761_Thailand,4,0
M045761_Philippines,0,4
M045762_Laos,0,2
M045762_Singapore,2,0
M045763_Vietnam,3,0
M045763_Malaysia,0,3
M045764_Indonesia,1,1
M045764_Thailand,1,1
M045765_Cambodia,5,1
M045765_Brunei,1,5
M045766_Iraq,1,0
M045766_Kuwait,0,1
M045767_Oman,1,0
M045767_Syria,0,1
M045768_United Arab Emirates,1,0
M045768_Lebanon,0,1
M045769_Myanmar,2,2
M045769_Laos,2,2
M045770_Singapore,0,0
M045770_Vietnam,0,0
M045771_Philippines,1,2
M045771_Indonesia,2,1
M045772_Thailand,3,1
M045772_Cambodia,1,3
M045773_Malaysia,4,1
M045773_Singapore,1,4
M045774_Vietnam,3,0
M045774_Myanmar,0,3
M045775_Iraq,0,0
M045775_Oman,0,0
M045776_Yemen,0,2
M045776_Saudi Arabia,2,0
M045777_Indonesia,0,0
M045777_Vietnam,0,0
M045778_Bahrain,2,1
M045778_United Arab Emirates,1,2
M045779_Kuwait,0,2
M045779_Qatar,2,0
M045780_Malaysia,1,0
M045780_Thailand,0,1
M045781_Iceland,1,1
M045781_Estonia,1,1
M045782_Oman,3,2
M045782_Yemen,2,3
M045783_Sweden,2,0
M045783_Finland,0,2
M045784_Iraq,2,0
M045784_Saudi Arabia,0,2
M045785_Vietnam,2,0
M045785_Indonesia,0,2
M045786_Qatar,1,2
M045786_Bahrain,2,1
M045787_United Arab Emirates,0,1
M045787_Kuwait,1,0
M045788_Thailand,3,0
M045788_Malaysia,0,3
W009121_Pakistan,1,0
W009121_Comoros,0,1
W009122_Saudi Arabia,1,0
W009122_Mauritius,0,1
M045789_Finland,0,1
M045789_Estonia,1,0
M045790_Sweden,2,1
M045790_Iceland,1,2
M045791_Iraq,5,0
M045791_Yemen,0,5
M045792_Saudi Arabia,1,2
M045792_Oman,2,1
M045793_Bahrain,1,1
M045793_Kuwait,1,1
M045794_Qatar,1,1
M045794_United Arab Emirates,1,1
M045795_Vietnam,2,2
M045795_Thailand,2,2
W009123_Mauritius,2,1
W009123_Pakistan,1,2
W009124_Saudi Arabia,2,0
W009124_Comoros,0,2
M045796_Iraq,2,1
M045796_Qatar,1,2
M045797_Bahrain,0,1
M045797_Oman,1,0
M045798_Thailand,1,0
M045798_Vietnam,0,1
W009125_New Zealand,0,4
W009125_United States,4,0
M045799_Iraq,3,2
M045799_Oman,2,3
W009126_Saudi Arabia,1,1
W009126_Pakistan,1,1
W009127_Comoros,2,1
W009127_Mauritius,1,2
W009128_Cape Verde,4,0
W009128_Guinea-Bissau,0,4
W009129_New Zealand,0,5
W009129_United States,5,0
W009130_Sierra Leone,1,4
W009130_Gambia,4,1
W009131_Senegal,4,0
W009131_Guinea,0,4
W009132_Guinea-Bissau,1,0
W009132_Mauritania,0,1
W009133_Guinea,1,0
W009133_Sierra Leone,0,1
W009134_Gambia,1,4
W009134_Senegal,4,1
W009135_Cape Verde,6,0
W009135_Mauritania,0,6
M045800_United States,1,2
M045800_Serbia,2,1
W009136_Guinea,0,1
W009136_Gambia,1,0
W009137_Sierra Leone,0,4
W009137_Senegal,4,0
W009138_Senegal,4,0
W009138_Guinea-Bissau,0,4
W009139_Cape Verde,2,1
W009139_Gambia,1,2
M045801_United States,0,0
M045801_Colombia,0,0
W009140_Gambia,3,2
W009140_Guinea-Bissau,2,3
W009141_Cape Verde,0,1
W009141_Senegal,1,0
W009142_France,1,0
W009142_Denmark,0,1
W009143_Norway,1,0
W009143_Uruguay,0,1
W009144_Mexico,1,0
W009144_Nigeria,0,1
W009145_Wales,1,0
W009145_Philippines,0,1
W009146_Scotland,0,2
W009146_Iceland,2,0
W009147_Costa Rica,1,1
W009147_Colombia,1,1
W009148_Bulgaria,2,0
W009148_Hong Kong,0,2
W009149_Estonia,1,2
W009149_Kosovo,2,1
W009150_Slovenia,2,1
W009150_Uzbekistan,1,2
W009151_Sweden,4,1
W009151_China PR,1,4
W009152_Spain,3,0
W009152_Jamaica,0,3
W009153_Australia,4,0
W009153_Czech Republic,0,4
W009154_Italy,1,2
W009154_Belgium,2,1
W009155_England,4,0
W009155_South Korea,0,4
W009156_Romania,2,1
W009156_Hungary,1,2
W009157_Croatia,1,4
W009157_Finland,4,1
W009158_Japan,0,1
W009158_Brazil,1,0
W009159_United States,2,0
W009159_Canada,0,2
W009160_Netherlands,1,2
W009160_Austria,2,1
W009161_Poland,0,0
W009161_Switzerland,0,0
W009162_Argentina,4,0
W009162_Chile,0,4
W009163_New Zealand,0,5
W009163_Portugal,5,0
W009164_Mexico,1,1
W009164_Costa Rica,1,1
W009165_Wales,0,0
W009165_Iceland,0,0
W009166_Colombia,1,0
W009166_Nigeria,0,1
W009167_Denmark,2,0
W009167_Norway,0,2
W009168_Cameroon,2,0
W009168_Thailand,0,2
W009169_Senegal,0,4
W009169_Haiti,4,0
W009170_South Africa,3,0
W009170_Uzbekistan,0,3
W009171_North Macedonia,1,2
W009171_Bulgaria,2,1
W009172_Kosovo,7,0
W009172_Hong Kong,0,7
W009173_Zambia,0,1
W009173_Slovenia,1,0
W009174_France,5,1
W009174_Uruguay,1,5
W009175_Philippines,1,2
W009175_Scotland,2,1
W009176_Taiwan,2,2
W009176_Paraguay,2,2
W009177_Papua New Guinea,0,2
W009177_Panama,2,0
W009178_Jamaica,2,3
W009178_Czech Republic,3,2
W009179_England,2,1
W009179_Italy,1,2
W009180_Belgium,2,1
W009180_South Korea,1,2
W009181_Finland,8,0
W009181_Hungary,0,8
W009182_Romania,0,2
W009182_Croatia,2,0
W009183_United States,1,0
W009183_Japan,0,1
W009184_Brazil,0,2
W009184_Canada,2,0
W009185_Australia,3,2
W009185_Spain,2,3
W009186_New Zealand,0,2
W009186_Argentina,2,0
W009187_Mexico,1,1
W009187_Colombia,1,1
W009188_Switzerland,1,1
W009188_Poland,1,1
W009189_Austria,0,4
W009189_Netherlands,4,0
W009190_Germany,0,0
W009190_Sweden,0,0
W009191_Scotland,1,1
W009191_Wales,1,1
W009192_Serbia,0,0
W009192_Slovakia,0,0
W009193_France,0,0
W009193_Norway,0,0
W009194_Denmark,3,2
W009194_Uruguay,2,3
W009195_Iceland,5,0
W009195_Philippines,0,5
W009196_Thailand,1,1
W009196_Senegal,1,1
W009197_Uzbekistan,0,4
W009197_Zambia,4,0
W009198_South Africa,1,1
W009198_Slovenia,1,1
W009199_Bulgaria,1,2
W009199_Kosovo,2,1
W009200_Estonia,1,1
W009200_North Macedonia,1,1
W009201_Nigeria,1,0
W009201_Costa Rica,0,1
W009202_Bosnia and Herzegovina,0,2
W009202_Morocco,2,0
M045802_Grenada,1,1
M045802_Barbados,1,1
W009203_South Korea,1,2
W009203_Italy,2,1
W009204_Portugal,2,1
W009204_Cameroon,1,2
W009205_Czech Republic,0,3
W009205_Spain,3,0
W009206_Australia,3,0
W009206_Jamaica,0,3
W009207_England,6,1
W009207_Belgium,1,6
W009208_Chile,1,2
W009208_Haiti,2,1
W009209_Hungary,0,1
W009209_Croatia,1,0
W009210_Canada,0,3
W009210_Japan,3,0
W009211_United States,2,1
W009211_Brazil,1,2
W009212_China PR,0,0
W009212_Republic of Ireland,0,0
W009213_Finland,4,0
W009213_Romania,0,4
W009214_Paraguay,0,1
W009214_Panama,1,0
W009215_Taiwan,5,0
W009215_Papua New Guinea,0,5
W009216_New Zealand,0,1
W009216_Argentina,1,0
M045803_Grenada,2,2
M045803_Barbados,2,2
M045804_Grenada,1,2
M045804_Saint Lucia,2,1
M045805_Saint Barthélemy,5,1
M045805_Sint Maarten,1,5
M045806_Grenada,2,0
M045806_Saint Lucia,0,2
M045807_Saint Martin,3,2
M045807_Saint Barthélemy,2,3
M045808_Jamaica,0,1
M045808_Trinidad and Tobago,1,0
M045809_Guatemala,1,1
M045809_Panama,1,1
M045810_Jamaica,0,0
M045810_Trinidad and Tobago,0,0
M045811_Bangladesh,1,1
M045811_Malawi,1,1
M045812_Ethiopia,1,0
M045812_Rwanda,0,1
M045813_Fiji,1,2
M045813_Vanuatu,2,1
M045814_Maldives,1,0
M045814_Pakistan,0,1
M045815_Tahiti,0,2
M045815_New Caledonia,2,0
M045816_Honduras,1,0
M045816_El Salvador,0,1
M045817_India,1,0
M045817_Myanmar,0,1
M045818_Nepal,2,0
M045818_Laos,0,2
M045819_Republic of Ireland,3,2
M045819_Latvia,2,3
M045820_Sierra Leone,2,2
M045820_São Tomé and Príncipe,2,2
M045821_Benin,1,1
M045821_Rwanda,1,1
M045822_Saint Martin,1,3
M045822_Saint Kitts and Nevis,3,1
M045823_British Virgin Islands,1,3
M045823_Puerto Rico,3,1
M045824_French Guiana,1,1
M045824_Dominican Republic,1,1
M045825_Solomon Islands,2,0
M045825_Vanuatu,0,2
M045826_Barbados,0,1
M045826_Cuba,1,0
M045827_New Zealand,0,0
M045827_China PR,0,0
M045828_Malaysia,1,0
M045828_Turkmenistan,0,1
M045829_Iran,1,1
M045829_Russia,1,1
M045830_Hungary,1,0
M045830_Estonia,0,1
M045831_Hong Kong,1,1
M045831_Singapore,1,1
M045832_Argentina,2,0
M045832_Panama,0,2
M045833_Madagascar,0,3
M045833_Central African Republic,3,0
M045834_Ghana,1,0
M045834_Angola,0,1
M045835_Algeria,2,1
M045835_Niger,1,2
M045836_Guadeloupe,0,1
M045836_Antigua and Barbuda,1,0
M045837_Congo,1,2
M045837_South Sudan,2,1
M045838_Gabon,1,0
M045838_Sudan,0,1
M045839_Italy,1,2
M045839_England,2,1
M045840_North Macedonia,2,1
M045840_Malta,1,2
M045841_Denmark,3,1
M045841_Finland,1,3
M045842_San Marino,0,2
M045842_Northern Ireland,2,0
M045843_Kazakhstan,1,2
M045843_Slovenia,2,1
M045844_Portugal,4,0
M045844_Liechtenstein,0,4
M045845_Slovakia,0,0
M045845_Luxembourg,0,0
M045846_Suriname,0,2
M045846_Mexico,2,0
M045847_Zambia,3,1
M045847_Lesotho,1,3
M045848_Bosnia and Herzegovina,3,0
M045848_Iceland,0,3
M045849_Tunisia,3,0
M045849_Libya,0,3
M045850_Anguilla,1,2
M045850_Saint Lucia,2,1
M045851_Equatorial Guinea,2,0
M045851_Botswana,0,2
M045852_DR Congo,3,1
M045852_Mauritania,1,3
M045853_Ivory Coast,3,1
M045853_Comoros,1,3
M045854_Mali,2,0
M045854_Gambia,0,2
M045855_Uganda,0,1
M045855_Tanzania,1,0
M045856_Egypt,2,0
M045856_Malawi,0,2
M045857_Guinea,2,0
M045857_Ethiopia,0,2
M045858_Cameroon,1,1
M045858_Namibia,1,1
M045859_Burkina Faso,1,0
M045859_Togo,0,1
M045860_Cape Verde,0,0
M045860_Eswatini,0,0
M045861_Nigeria,0,1
M045861_Guinea-Bissau,1,0
M045862_Uzbekistan,1,0
M045862_Bolivia,0,1
M045863_Tahiti,2,1
M045863_New Caledonia,1,2
M045864_Saudi Arabia,1,2
M045864_Venezuela,2,1
M045865_South Africa,2,2
M045865_Liberia,2,2
M045866_Kuwait,2,0
M045866_Philippines,0,2
M045867_Japan,1,1
M045867_Uruguay,1,1
M045868_Australia,3,1
M045868_Ecuador,1,3
M045869_Senegal,5,1
M045869_Mozambique,1,5
M045870_Gibraltar,0,3
M045870_Greece,3,0
M045871_France,4,0
M045871_Netherlands,0,4
M045872_Czech Republic,3,1
M045872_Poland,1,3
M045873_Moldova,1,1
M045873_Faroe Islands,1,1
M045874_Austria,4,1
M045874_Azerbaijan,1,4
M045875_Sweden,0,3
M045875_Belgium,3,0
M045876_Serbia,2,0
M045876_Lithuania,0,2
M045877_Grenada,1,7
M045877_United States,7,1
M045878_Bahamas,0,3
M045878_Trinidad and Tobago,3,0
M045879_Nicaragua,4,1
M045879_Saint Vincent and the Grenadines,1,4
M045880_Belize,1,2
M045880_Guatemala,2,1
M045881_South Korea,2,2
M045881_Colombia,2,2
M045882_Bulgaria,0,1
M045882_Montenegro,1,0
M045883_Indonesia,3,1
M045883_Burundi,1,3
M045884_Bermuda,0,2
M045884_Guyana,2,0
M045885_Turks and Caicos Islands,1,0
M045885_United States Virgin Islands,0,1
M045886_Bahrain,1,2
M045886_Palestine,2,1
M045887_Bangladesh,1,0
M045887_Seychelles,0,1
M045888_Bhutan,1,2
M045888_Laos,2,1
M045889_Georgia,6,1
M045889_Mongolia,1,6
M045890_Germany,2,0
M045890_Peru,0,2
M045891_Morocco,2,1
M045891_Brazil,1,2
M045892_Myanmar,1,1
M045892_Kyrgyzstan,1,1
M045893_Thailand,1,3
M045893_Syria,3,1
M045894_United Arab Emirates,0,0
M045894_Tajikistan,0,0
M045895_Scotland,3,0
M045895_Cyprus,0,3
M045896_Spain,3,0
M045896_Norway,0,3
M045897_Croatia,1,1
M045897_Wales,1,1
M045898_Armenia,1,2
M045898_Turkey,2,1
M045899_Belarus,0,5
M045899_Switzerland,5,0
M045900_Israel,1,1
M045900_Kosovo,1,1
M045901_Andorra,0,2
M045901_Romania,2,0
M045902_Martinique,1,2
M045902_Costa Rica,2,1
M045903_Curaçao,0,2
M045903_Canada,2,0
M045904_Montserrat,0,4
M045904_Haiti,4,0
M045905_Sint Maarten,6,1
M045905_Bonaire,1,6
M045906_Malta,0,2
M045906_Italy,2,0
M045907_Mexico,2,2
M045907_Jamaica,2,2
M045908_Puerto Rico,5,1
M045908_Cayman Islands,1,5
M045909_Cuba,1,0
M045909_Guadeloupe,0,1
M045910_Antigua and Barbuda,1,2
M045910_Barbados,2,1
M045911_Slovakia,2,0
M045911_Bosnia and Herzegovina,0,2
M045912_Luxembourg,0,6
M045912_Portugal,6,0
M045913_Liechtenstein,0,7
M045913_Iceland,7,0
M045914_Kazakhstan,3,2
M045914_Denmark,2,3
M045915_Northern Ireland,0,1
M045915_Finland,1,0
M045916_England,2,0
M045916_Ukraine,0,2
M045917_Lesotho,0,2
M045917_Zambia,2,0
M045918_São Tomé and Príncipe,0,2
M045918_Sierra Leone,2,0
M045919_Russia,2,0
M045919_Iraq,0,2
M045920_New Zealand,2,1
M045920_China PR,1,2
M045921_Macau,0,1
M045921_Singapore,1,0
M045922_Fiji,0,2
M045922_Solomon Islands,2,0
M045923_Slovenia,2,0
M045923_San Marino,0,2
M045924_United States,1,0
M045924_El Salvador,0,1
M045925_Sweden,5,0
M045925_Azerbaijan,0,5
M045926_Hungary,3,0
M045926_Bulgaria,0,3
M045927_Montenegro,0,2
M045927_Serbia,2,0
M045928_Saint Vincent and the Grenadines,1,1
M045928_Bahamas,1,1
M045929_Moldova,0,0
M045929_Czech Republic,0,0
M045930_Dominican Republic,2,0
M045930_Belize,0,2
M045931_Guatemala,4,0
M045931_French Guiana,0,4
M045932_Saint Kitts and Nevis,2,0
M045932_Aruba,0,2
M045933_Saint Lucia,3,1
M045933_Dominica,1,3
M045934_Austria,2,1
M045934_Estonia,1,2
M045935_Trinidad and Tobago,1,1
M045935_Nicaragua,1,1
M045936_Poland,1,0
M045936_Albania,0,1
M045937_Niger,0,1
M045937_Algeria,1,0
M045938_Republic of Ireland,0,1
M045938_France,1,0
M045939_Chile,3,2
M045939_Paraguay,2,3
M045940_Greece,0,0
M045940_Lithuania,0,0
M045941_Netherlands,3,0
M045941_Gibraltar,0,3
M045942_Oman,2,0
M045942_Lebanon,0,2
M045943_Guinea-Bissau,0,1
M045943_Nigeria,1,0
M045944_Ethiopia,2,3
M045944_Guinea,3,2
M045945_North Macedonia,1,0
M045945_Faroe Islands,0,1
M045946_Angola,1,1
M045946_Ghana,1,1
M045947_South Sudan,0,1
M045947_Congo,1,0
M045948_Sudan,1,0
M045948_Gabon,0,1
M045949_Central African Republic,2,0
M045949_Madagascar,0,2
M045950_Georgia,1,1
M045950_Norway,1,1
M045951_Gambia,1,0
M045951_Mali,0,1
M045952_Comoros,0,2
M045952_Ivory Coast,2,0
M045953_Mauritania,1,1
M045953_DR Congo,1,1
M045954_Botswana,2,3
M045954_Equatorial Guinea,3,2
M045955_Libya,0,1
M045955_Tunisia,1,0
M045956_Liberia,1,2
M045956_South Africa,2,1
M045957_Mozambique,0,1
M045957_Senegal,1,0
M045958_Scotland,2,0
M045958_Spain,0,2
M045959_Wales,1,0
M045959_Latvia,0,1
M045960_India,2,0
M045960_Kyrgyzstan,0,2
M045961_Kosovo,1,1
M045961_Andorra,1,1
M045962_Switzerland,3,0
M045962_Israel,0,3
M045963_Romania,2,1
M045963_Belarus,1,2
M045964_Costa Rica,0,1
M045964_Panama,1,0
M045965_Canada,4,1
M045965_Honduras,1,4
M045966_Haiti,3,1
M045966_Bermuda,1,3
M045967_Guyana,0,0
M045967_Montserrat,0,0
M045968_Bonaire,1,2
M045968_Turks and Caicos Islands,2,1
M045969_United States Virgin Islands,1,2
M045969_Sint Maarten,2,1
M045970_Tanzania,0,1
M045970_Uganda,1,0
M045971_Turkey,0,2
M045971_Croatia,2,0
M045972_Malawi,0,4
M045972_Egypt,4,0
M045973_Armenia,2,2
M045973_Cyprus,2,2
M045974_Togo,1,1
M045974_Burkina Faso,1,1
M045975_Argentina,7,0
M045975_Curaçao,0,7
M045976_Australia,1,2
M045976_Ecuador,2,1
M045977_Bahrain,1,0
M045977_Syria,0,1
M045978_Bangladesh,0,1
M045978_Seychelles,1,0
M045979_Germany,2,3
M045979_Belgium,3,2
M045980_Indonesia,2,2
M045980_Burundi,2,2
M045981_Iran,2,1
M045981_Kenya,1,2
M045982_Namibia,2,1
M045982_Cameroon,1,2
M045983_Jordan,4,0
M045983_Philippines,0,4
M045984_Japan,1,2
M045984_Colombia,2,1
M045985_Kuwait,2,1
M045985_Tajikistan,1,2
M045986_Malaysia,2,0
M045986_Hong Kong,0,2
M045987_Morocco,0,0
M045987_Peru,0,0
M045988_Nepal,1,1
M045988_Bhutan,1,1
M045989_Saudi Arabia,1,2
M045989_Bolivia,2,1
M045990_United Arab Emirates,2,0
M045990_Thailand,0,2
M045991_Uzbekistan,1,1
M045991_Venezuela,1,1
M045992_Eswatini,0,1
M045992_Cape Verde,1,0
M045993_South Korea,1,2
M045993_Uruguay,2,1
W009217_Uzbekistan,3,2
W009217_India,2,3
M045994_Rwanda,1,1
M045994_Benin,1,1
M045995_Nepal,2,1
M045995_Laos,1,2
W009218_Thailand,6,0
W009218_Singapore,0,6
W009219_Mongolia,2,2
W009219_Singapore,2,2
W009220_Kyrgyzstan,0,5
W009220_India,5,0
W009221_Tajikistan,0,3
W009221_Hong Kong,3,0
W009222_Philippines,4,0
W009222_Pakistan,0,4
W009223_Nepal,1,5
W009223_Vietnam,5,1
W009224_Myanmar,0,1
W009224_Iran,1,0
W009225_Uzbekistan,9,0
W009225_Bhutan,0,9
W009226_Jordan,3,1
W009226_Timor-Leste,1,3
W009227_Lebanon,1,5
W009227_Taiwan,5,1
W009228_Argentina,1,1
W009228_Venezuela,1,1
W009229_Wales,4,1
W009229_Northern Ireland,1,4
W009230_Switzerland,0,0
W009230_China PR,0,0
W009231_England,1,1
W009231_Brazil,1,1
W009232_Spain,4,2
W009232_Norway,2,4
W009233_Poland,2,1
W009233_Costa Rica,1,2
W009234_France,5,2
W009234_Colombia,2,5
W009235_Uruguay,6,1
W009235_Peru,1,6
W009236_Austria,3,2
W009236_Belgium,2,3
W009237_Netherlands,0,1
W009237_Germany,1,0
W009238_Belarus,0,0
W009238_Russia,0,0
W009239_Portugal,1,2
W009239_Japan,2,1
W009240_Estonia,1,2
W009240_Malta,2,1
W009241_Albania,3,1
W009241_North Macedonia,1,3
W009242_Hungary,3,1
W009242_Israel,1,3
W009243_Nigeria,2,1
W009243_Haiti,1,2
W009244_Serbia,6,0
W009244_Bosnia and Herzegovina,0,6
W009245_New Zealand,1,1
W009245_Iceland,1,1
W009246_Australia,0,1
W009246_Scotland,1,0
W009247_Slovakia,0,1
W009247_Finland,1,0
W009248_South Korea,5,2
W009248_Zambia,2,5
W009249_Greece,1,1
W009249_Croatia,1,1
W009250_Kyrgyzstan,0,4
W009250_India,4,0
W009251_Thailand,6,0
W009251_Mongolia,0,6
W009252_Slovenia,1,1
W009252_Romania,1,1
W009253_Sweden,0,1
W009253_Denmark,1,0
W009254_United States,2,0
W009254_Republic of Ireland,0,2
W009255_Tajikistan,0,8
W009255_Philippines,8,0
W009256_Lebanon,5,0
W009256_Indonesia,0,5
W009257_Pakistan,0,2
W009257_Hong Kong,2,0
W009258_Uzbekistan,3,0
W009258_Timor-Leste,0,3
W009259_Myanmar,1,1
W009259_Iran,1,1
W009260_Nepal,0,2
W009260_Vietnam,2,0
W009261_Bhutan,2,1
W009261_Jordan,1,2
W009262_Argentina,3,0
W009262_Venezuela,0,3
W009263_Moldova,1,3
W009263_Haiti,3,1
W009264_Greece,2,1
W009264_Croatia,1,2
W009265_Montenegro,3,1
W009265_North Macedonia,1,3
W009266_Slovakia,0,2
W009266_Finland,2,0
W009267_Serbia,3,2
W009267_South Africa,2,3
W009268_Bulgaria,0,1
W009268_Kosovo,1,0
W009269_Uruguay,3,0
W009269_Peru,0,3
W009270_Lithuania,2,1
W009270_Latvia,1,2
W009271_Belarus,0,2
W009271_Russia,2,0
W009272_Romania,1,0
W009272_Morocco,0,1
W009273_Austria,2,0
W009273_Czech Republic,0,2
W009274_Sweden,3,3
W009274_Norway,3,3
W009275_Belgium,2,2
W009275_Slovenia,2,2
W009276_Switzerland,1,2
W009276_Iceland,2,1
W009277_Netherlands,4,1
W009277_Poland,1,4
W009278_Uzbekistan,7,0
W009278_Jordan,0,7
W009279_England,0,2
W009279_Australia,2,0
W009280_France,2,1
W009280_Canada,1,2
W009281_Paraguay,2,1
W009281_Ecuador,1,2
W009282_Azerbaijan,0,0
W009282_Turkey,0,0
W009283_Portugal,1,1
W009283_Wales,1,1
W009284_Scotland,4,0
W009284_Costa Rica,0,4
W009285_Spain,3,0
W009285_China PR,0,3
W009286_Timor-Leste,1,3
W009286_Bhutan,3,1
W009287_Germany,1,2
W009287_Brazil,2,1
W009288_Estonia,0,1
W009288_Ukraine,1,0
W009289_Denmark,1,0
W009289_Japan,0,1
W009290_Italy,2,1
W009290_Colombia,1,2
W009291_Hungary,2,0
W009291_Israel,0,2
W009292_New Zealand,0,3
W009292_Nigeria,3,0
W009293_South Korea,5,0
W009293_Zambia,0,5
W009294_United States,1,0
W009294_Republic of Ireland,0,1
W009295_Taiwan,4,0
W009295_Indonesia,0,4
W009296_Tajikistan,0,1
W009296_Pakistan,1,0
W009297_Philippines,4,0
W009297_Hong Kong,0,4
W009298_Ghana,1,0
W009298_Senegal,0,1
M045996_United States,1,1
M045996_Mexico,1,1
W009299_Thailand,4,0
W009299_Singapore,0,4
W009300_Cambodia,2,0
W009300_Laos,0,2
W009301_Vietnam,3,0
W009301_Malaysia,0,3
W009302_Philippines,0,1
W009302_Myanmar,1,0
W009303_Myanmar,1,3
W009303_Vietnam,3,1
W009304_Malaysia,0,1
W009304_Philippines,1,0
W009305_Laos,0,6
W009305_Thailand,6,0
W009306_Cambodia,1,0
W009306_Singapore,0,1
W009307_Vietnam,1,2
W009307_Philippines,2,1
W009308_Myanmar,5,1
W009308_Malaysia,1,5
W009309_Singapore,2,1
W009309_Laos,1,2
W009310_Cambodia,0,3
W009310_Thailand,3,0
W009311_Cambodia,0,4
W009311_Vietnam,4,0
W009312_Thailand,2,4
W009312_Myanmar,4,2
W009313_Cambodia,0,6
W009313_Thailand,6,0
W009314_Vietnam,2,0
W009314_Myanmar,0,2
M045997_Mexico,2,0
M045997_Guatemala,0,2
M045998_Luxembourg,0,1
M045998_Malta,1,0
M045999_Panama,3,2
M045999_Nicaragua,2,3
M046000_Mexico,2,2
M046000_Cameroon,2,2
M046001_Mauritius,3,0
M046001_Pakistan,0,3
M046002_Uzbekistan,3,0
M046002_Oman,0,3
M046003_Tajikistan,1,1
M046003_Turkmenistan,1,1
M046004_Guatemala,0,1
M046004_Trinidad and Tobago,1,0
M046005_Chile,3,0
M046005_Cuba,0,3
M046006_Germany,3,3
M046006_Ukraine,3,3
M046007_Morocco,0,0
M046007_Cape Verde,0,0
M046008_Curaçao,0,0
M046008_Costa Rica,0,0
M046009_Iran,6,1
M046009_Afghanistan,1,6
W009315_Andorra,3,1
W009315_Saudi Arabia,1,3
M046010_Mozambique,1,1
M046010_Malawi,1,1
M046011_South Sudan,2,3
M046011_Gambia,3,2
M046012_Guinea,1,2
M046012_Egypt,2,1
M046013_Guinea-Bissau,1,0
M046013_São Tomé and Príncipe,0,1
M046014_Mauritius,1,3
M046014_Djibouti,3,1
M046015_Uzbekistan,2,0
M046015_Turkmenistan,0,2
M046016_Oman,1,1
M046016_Tajikistan,1,1
M046017_Pakistan,0,1
M046017_Kenya,1,0
M046018_Uruguay,4,1
M046018_Nicaragua,1,4
M046019_Togo,2,0
M046019_Lesotho,0,2
M046020_Malaysia,4,1
M046020_Solomon Islands,1,4
M046021_Indonesia,0,0
M046021_Palestine,0,0
M046022_DR Congo,1,0
M046022_Uganda,0,1
M046023_Netherlands,2,4
M046023_Croatia,4,2
M046024_Japan,6,0
M046024_El Salvador,0,6
M046025_Spain,2,1
M046025_Italy,1,2
M046026_Vietnam,1,0
M046026_Hong Kong,0,1
M046027_Philippines,1,0
M046027_Nepal,0,1
M046028_Honduras,0,1
M046028_Venezuela,1,0
M046029_Jamaica,1,2
M046029_Qatar,2,1
M046030_Cambodia,0,1
M046030_Bangladesh,1,0
M046031_Argentina,2,0
M046031_Australia,0,2
M046032_United States,3,0
M046032_Mexico,0,3
M046033_Panama,0,2
M046033_Canada,2,0
M046034_Costa Rica,0,1
M046034_Guatemala,1,0
M046035_North Macedonia,2,3
M046035_Ukraine,3,2
M046036_Malta,0,4
M046036_England,4,0
M046037_Greece,2,1
M046037_Republic of Ireland,1,2
M046038_Gibraltar,0,3
M046038_France,3,0
M046039_Singapore,2,2
M046039_Papua New Guinea,2,2
M046040_Serbia,3,2
M046040_Jordan,2,3
M046041_Poland,1,0
M046041_Germany,0,1
M046042_Taiwan,2,2
M046042_Thailand,2,2
M046043_Colombia,1,0
M046043_Iraq,0,1
M046044_China PR,4,0
M046044_Myanmar,0,4
M046045_Chile,5,0
M046045_Dominican Republic,0,5
M046046_Curaçao,1,1
M046046_Saint Kitts and Nevis,1,1
M046047_Martinique,3,1
M046047_Saint Lucia,1,3
M046048_Antigua and Barbuda,0,5
M046048_Guadeloupe,5,0
M046049_South Korea,0,1
M046049_Peru,1,0
M046050_Wales,2,4
M046050_Armenia,4,2
M046051_Sweden,4,1
M046051_New Zealand,1,4
M046052_Finland,2,0
M046052_Slovenia,0,2
M046053_Denmark,1,0
M046053_Northern Ireland,0,1
M046054_San Marino,0,3
M046054_Kazakhstan,3,0
M046055_Andorra,1,2
M046055_Switzerland,2,1
M046056_Belarus,1,2
M046056_Israel,2,1
M046057_Kosovo,0,0
M046057_Romania,0,0
M046058_Latvia,2,3
M046058_Turkey,3,2
M046059_Kyrgyzstan,1,5
M046059_Iran,5,1
M046060_Portugal,3,0
M046060_Bosnia and Herzegovina,0,3
M046061_Turkmenistan,0,2
M046061_Oman,2,0
M046062_Uzbekistan,5,1
M046062_Tajikistan,1,5
M046063_Djibouti,3,1
M046063_Pakistan,1,3
M046064_Central African Republic,1,2
M046064_Angola,2,1
M046065_Equatorial Guinea,1,0
M046065_Tunisia,0,1
M046066_Lesotho,0,1
M046066_Comoros,1,0
M046067_Iceland,1,2
M046067_Slovakia,2,1
M046068_Botswana,1,0
M046068_Libya,0,1
M046069_South Africa,2,1
M046069_Morocco,1,2
M046070_Benin,1,1
M046070_Senegal,1,1
M046071_Zambia,3,0
M046071_Ivory Coast,0,3
M046072_Luxembourg,2,0
M046072_Liechtenstein,0,2
M046073_Ticino,1,8
M046073_Raetia,8,1
M046074_Lithuania,1,1
M046074_Bulgaria,1,1
M046075_Montenegro,0,0
M046075_Hungary,0,0
M046076_Guyana,1,1
M046076_Grenada,1,1
M046077_Suriname,0,0
M046077_Puerto Rico,0,0
M046078_Brazil,4,1
M046078_Guinea,1,4
M046079_Ecuador,1,0
M046079_Bolivia,0,1
M046080_French Guiana,4,1
M046080_Sint Maarten,1,4
M046081_Cyprus,1,2
M046081_Georgia,2,1
M046082_Faroe Islands,0,3
M046082_Czech Republic,3,0
M046083_Albania,2,0
M046083_Moldova,0,2
M046084_Azerbaijan,1,1
M046084_Estonia,1,1
M046085_Belgium,1,1
M046085_Austria,1,1
M046086_Norway,1,2
M046086_Scotland,2,1
M046087_Eswatini,0,2
M046087_Togo,2,0
M046088_Gabon,0,2
M046088_DR Congo,2,0
M046089_Congo,0,2
M046089_Mali,2,0
M046090_Uganda,1,2
M046090_Algeria,2,1
M046091_Tanzania,1,0
M046091_Niger,0,1
M046092_Madagascar,0,0
M046092_Ghana,0,0
M046093_Paraguay,2,0
M046093_Nicaragua,0,2
M046094_Panama,0,1
M046094_Mexico,1,0
M046095_Sierra Leone,2,3
M046095_Nigeria,3,2
M046096_Mauritius,1,0
M046096_Kenya,0,1
M046097_Guatemala,0,1
M046097_Venezuela,1,0
M046098_Egypt,3,0
M046098_South Sudan,0,3
M046099_United States,2,0
M046099_Canada,0,2
M046100_Rwanda,0,2
M046100_Mozambique,2,0
M046101_Netherlands,2,3
M046101_Italy,3,2
M046102_Cape Verde,3,1
M046102_Burkina Faso,1,3
M046103_Singapore,1,1
M046103_Solomon Islands,1,1
M046104_Croatia,0,0
M046104_Spain,0,0
M046105_Indonesia,0,2
M046105_Argentina,2,0
M046106_Philippines,2,3
M046106_Taiwan,3,2
M046107_Republic of Ireland,3,0
M046107_Gibraltar,0,3
M046108_France,1,0
M046108_Greece,0,1
M046109_Ukraine,1,0
M046109_Malta,0,1
M046110_England,7,0
M046110_North Macedonia,0,7
M046111_Armenia,2,1
M046111_Latvia,1,2
M046112_Turkey,2,0
M046112_Wales,0,2
M046113_Finland,6,0
M046113_San Marino,0,6
M046114_Northern Ireland,0,1
M046114_Kazakhstan,1,0
M046115_Slovenia,1,1
M046115_Denmark,1,1
M046116_Belarus,2,1
M046116_Kosovo,1,2
M046117_Switzerland,2,2
M046117_Romania,2,2
M046118_Israel,2,1
M046118_Andorra,1,2
M046119_Jamaica,1,2
M046119_Jordan,2,1
M046120_Macau,0,2
M046120_Myanmar,2,0
M046121_Hong Kong,0,1
M046121_Thailand,1,0
M046122_Sudan,0,3
M046122_Mauritania,3,0
M046123_Burundi,3,2
M046123_Namibia,2,3
M046124_Uzbekistan,0,1
M046124_Iran,1,0
M046125_Kyrgyzstan,0,1
M046125_Oman,1,0
M046126_Liechtenstein,0,1
M046126_Slovakia,1,0
M046127_Bosnia and Herzegovina,0,2
M046127_Luxembourg,2,0
M046128_Iceland,0,1
M046128_Portugal,1,0
M046129_Brazil,2,4
M046129_Senegal,4,2
M046130_China PR,2,0
M046130_Palestine,0,2
M046131_Ecuador,3,1
M046131_Costa Rica,1,3
M046132_Germany,0,2
M046132_Colombia,2,0
M046133_Haiti,0,0
M046133_Trinidad and Tobago,0,0
M046134_Japan,4,1
M046134_Peru,1,4
M046135_South Korea,1,1
M046135_El Salvador,1,1
M046136_Malaysia,10,0
M046136_Papua New Guinea,0,10
M046137_Montenegro,1,4
M046137_Czech Republic,4,1
M046138_Uruguay,2,0
M046138_Cuba,0,2
M046139_Vietnam,1,0
M046139_Syria,0,1
M046140_Scotland,2,0
M046140_Georgia,0,2
M046141_Norway,3,1
M046141_Cyprus,1,3
M046142_Faroe Islands,1,3
M046142_Albania,3,1
M046143_Moldova,3,2
M046143_Poland,2,3
M046144_Austria,2,0
M046144_Sweden,0,2
M046145_Estonia,0,3
M046145_Belgium,3,0
M046146_Ethiopia,0,0
M046146_Malawi,0,0
M046147_Hungary,2,0
M046147_Lithuania,0,2
M046148_Bulgaria,1,1
M046148_Serbia,1,1
M046149_Bolivia,0,0
M046149_Chile,0,0
M046150_Algeria,1,1
M046150_Tunisia,1,1
M046151_Saint Kitts and Nevis,1,1
M046151_French Guiana,1,1
M046152_Martinique,2,0
M046152_Puerto Rico,0,2
M046153_Guadeloupe,2,0
M046153_Guyana,0,2
M046154_India,4,0
M046154_Pakistan,0,4
M046155_Kuwait,3,1
M046155_Nepal,1,3
M046156_Maldives,2,0
M046156_Bhutan,0,2
M046157_Lebanon,2,0
M046157_Bangladesh,0,2
W009316_Republic of Ireland,3,2
W009316_Zambia,2,3
W009317_Colombia,1,1
W009317_Panama,1,1
M046158_India,2,0
M046158_Nepal,0,2
M046159_Pakistan,0,4
M046159_Kuwait,4,0
M046160_United States,1,1
M046160_Jamaica,1,1
W009318_Germany,2,1
W009318_Vietnam,1,2
M046161_Trinidad and Tobago,3,0
M046161_Saint Kitts and Nevis,0,3
M046162_Bangladesh,3,1
M046162_Maldives,1,3
M046163_Haiti,2,1
M046163_Qatar,1,2
M046164_Mexico,4,0
M046164_Honduras,0,4
M046165_Bhutan,1,4
M046165_Lebanon,4,1
M046166_Costa Rica,1,2
M046166_Panama,2,1
M046167_El Salvador,1,2
M046167_Martinique,2,1
M046168_Nepal,1,0
M046168_Pakistan,0,1
M046169_Canada,2,2
M046169_Guadeloupe,2,2
M046170_Guatemala,1,0
M046170_Cuba,0,1
M046171_India,1,1
M046171_Kuwait,1,1
M046172_United States,6,0
M046172_Saint Kitts and Nevis,0,6
M046173_Lebanon,1,0
M046173_Maldives,0,1
M046174_Bhutan,1,3
M046174_Bangladesh,3,1
M046175_Jamaica,4,1
M046175_Trinidad and Tobago,1,4
M046176_Qatar,1,1
M046176_Honduras,1,1
M046177_Haiti,1,3
M046177_Mexico,3,1
W009319_El Salvador,5,2
W009319_Jamaica,2,5
W009320_Spain,7,0
W009320_Panama,0,7
W009321_Haiti,1,3
W009321_Guatemala,3,1
W009322_Costa Rica,0,4
W009322_Venezuela,4,0
W009323_Mexico,4,0
W009323_Puerto Rico,0,4
M046178_Székely Land,3,2
M046178_Chameria,2,3
M046179_Martinique,1,2
M046179_Panama,2,1
M046180_El Salvador,0,0
M046180_Costa Rica,0,0
W009324_Switzerland,3,3
W009324_Zambia,3,3
M046181_Guatemala,0,0
M046181_Canada,0,0
M046182_Cuba,1,4
M046182_Guadeloupe,4,1
M046183_Kuwait,1,0
M046183_Bangladesh,0,1
M046184_India,0,0
M046184_Lebanon,0,0
M046185_Chameria,3,1
M046185_Two Sicilies,1,3
W009325_England,0,0
W009325_Portugal,0,0
W009326_Guatemala,2,1
W009326_Costa Rica,1,2
W009327_Venezuela,4,1
W009327_Haiti,1,4
W009328_Puerto Rico,1,1
W009328_Jamaica,1,1
W009329_El Salvador,2,3
W009329_Mexico,3,2
W009330_Italy,0,0
W009330_Morocco,0,0
W009331_China PR,1,0
W009331_Russia,0,1
M046186_Székely Land,7,0
M046186_Two Sicilies,0,7
M046187_Mexico,0,1
M046187_Qatar,1,0
M046188_Honduras,2,1
M046188_Haiti,1,2
M046189_United States,6,0
M046189_Trinidad and Tobago,0,6
M046190_Jamaica,5,0
M046190_Saint Kitts and Nevis,0,5
W009332_Netherlands,5,0
W009332_Belgium,0,5
W009333_Brazil,4,0
W009333_Chile,0,4
W009334_Guatemala,0,2
W009334_Venezuela,2,0
W009335_Costa Rica,2,0
W009335_Haiti,0,2
W009336_Jamaica,3,7
W009336_Mexico,7,3
W009337_El Salvador,2,2
W009337_Puerto Rico,2,2
M046191_Canada,4,2
M046191_Cuba,2,4
M046192_Guadeloupe,2,3
M046192_Guatemala,3,2
M046193_Panama,2,2
M046193_El Salvador,2,2
M046194_Costa Rica,6,4
M046194_Martinique,4,6
M046195_India,1,1
M046195_Kuwait,1,1
W009338_China PR,2,1
W009338_Russia,1,2
M046196_South Africa,1,1
M046196_Namibia,1,1
M046197_Eswatini,0,1
M046197_Botswana,1,0
W009339_Denmark,0,2
W009339_Spain,2,0
W009340_Mexico,6,0
W009340_Guatemala,0,6
W009341_El Salvador,1,2
W009341_Venezuela,2,1
W009342_Switzerland,0,0
W009342_Morocco,0,0
M046198_Seychelles,0,3
M046198_Comoros,3,0
M046199_Zambia,0,1
M046199_Malawi,1,0
W009343_Republic of Ireland,0,3
W009343_France,3,0
M046200_Mozambique,1,1
M046200_Angola,1,1
M046201_Mauritius,0,2
M046201_Lesotho,2,0
W009344_Venezuela,1,2
W009344_Mexico,2,1
W009345_Germany,2,3
W009345_Zambia,3,2
W009346_El Salvador,2,1
W009346_Guatemala,1,2
M046202_Panama,4,0
M046202_Qatar,0,4
M046203_Mexico,2,0
M046203_Costa Rica,0,2
M046204_South Africa,2,1
M046204_Botswana,1,2
M046205_Namibia,1,2
M046205_Eswatini,2,1
W009347_South Korea,2,1
W009347_Haiti,1,2
M046206_Malawi,2,0
M046206_Seychelles,0,2
M046207_Zambia,2,1
M046207_Comoros,1,2
M046208_Menorca,5,0
M046208_Saint Helena,0,5
M046209_Orkney,2,2
M046209_Greenland,2,2
M046210_Jersey,1,0
M046210_Gozo,0,1
M046211_Åland Islands,0,2
M046211_Isle of Wight,2,0
M046212_United States,2,2
M046212_Canada,2,2
M046213_Guernsey,1,0
M046213_Western Isles,0,1
M046214_Guatemala,0,1
M046214_Jamaica,1,0
M046215_Isle of Man,3,0
M046215_Falkland Islands,0,3
M046216_Ynys Môn,2,0
M046216_Shetland,0,2
W009348_Western Isles,6,1
W009348_Ynys Môn,1,6
W009349_Åland,3,1
W009349_Hitra,1,3
W009350_Isle of Man,3,1
W009350_Menorca,1,3
W009351_United States,2,0
W009351_Wales,0,2
W009352_Bermuda,4,0
W009352_Jersey,0,4
M046217_Falkland Islands,1,5
M046217_Ynys Môn,5,1
M046218_Shetland,3,2
M046218_Isle of Man,2,3
M046219_Guernsey,4,1
M046219_Åland Islands,1,4
M046220_Mozambique,0,1
M046220_Lesotho,1,0
M046221_Angola,0,1
M046221_Mauritius,1,0
M046222_Jersey,4,0
M046222_Menorca,0,4
M046223_Gozo,3,0
M046223_Saint Helena,0,3
M046224_Greenland,2,0
M046224_Frøya,0,2
M046225_Western Isles,0,1
M046225_Isle of Wight,1,0
W009353_New Zealand,2,0
W009353_Vietnam,0,2
W009354_Guernsey,2,3
W009354_Ynys Môn,3,2
W009355_Isle of Wight,0,5
W009355_Isle of Man,5,0
W009356_Hitra,0,4
W009356_Bermuda,4,0
W009357_Jersey,4,1
W009357_Åland,1,4
M046226_Namibia,0,0
M046226_Botswana,0,0
M046227_Seychelles,2,4
M046227_Zambia,4,2
M046228_Malawi,2,0
M046228_Comoros,0,2
M046229_South Africa,2,1
M046229_Eswatini,1,2
M046230_Saint Helena,0,5
M046230_Jersey,5,0
M046231_Menorca,0,1
M046231_Gozo,1,0
M046232_Frøya,2,3
M046232_Orkney,3,2
M046233_Isle of Man,1,2
M046233_Ynys Môn,2,1
M046234_Falkland Islands,1,4
M046234_Shetland,4,1
M046235_Guernsey,1,2
M046235_Isle of Wight,2,1
M046236_Åland Islands,0,2
M046236_Western Isles,2,0
W009358_Åland,0,2
W009358_Bermuda,2,0
W009359_Hitra,0,5
W009359_Jersey,5,0
W009360_Menorca,3,2
W009360_Isle of Wight,2,3
W009361_Guernsey,0,6
W009361_Western Isles,6,0
M046237_Mauritius,0,1
M046237_Mozambique,1,0
M046238_United States,1,1
M046238_Panama,1,1
M046239_Jamaica,0,3
M046239_Mexico,3,0
M046240_Angola,4,2
M046240_Lesotho,2,4
W009362_Burkina Faso,0,1
W009362_Mali,1,0
W009363_Rwanda,3,3
W009363_Uganda,3,3
M046241_Åland Islands,1,1
M046241_Falkland Islands,1,1
M046242_Western Isles,2,1
M046242_Menorca,1,2
M046243_Orkney,0,1
M046243_Isle of Man,1,0
M046244_Shetland,5,1
M046244_Greenland,1,5
M046245_Guernsey,1,0
M046245_Gozo,0,1
M046246_Isle of Wight,2,3
M046246_Jersey,3,2
M046247_Frøya,4,2
M046247_Saint Helena,2,4
W009364_Jersey,2,3
W009364_Ynys Môn,3,2
W009365_Åland,3,2
W009365_Isle of Wight,2,3
W009366_Guernsey,3,4
W009366_Hitra,4,3
W009367_Ethiopia,6,0
W009367_Chad,0,6
W009368_Namibia,2,0
W009368_Equatorial Guinea,0,2
W009369_Western Isles,3,0
W009369_Menorca,0,3
W009370_Isle of Man,0,1
W009370_Bermuda,1,0
M046248_Malawi,1,1
M046248_Lesotho,1,1
M046249_Ynys Môn,2,5
M046249_Jersey,5,2
M046250_South Africa,1,2
M046250_Zambia,2,1
W009371_Guinea-Bissau,2,2
W009371_Benin,2,2
W009372_Menorca,1,3
W009372_Isle of Man,3,1
W009373_Guinea,0,3
W009373_Ghana,3,0
W009374_Western Isles,0,4
W009374_Bermuda,4,0
W009375_Vietnam,0,9
W009375_Spain,9,0
W009376_Japan,5,0
W009376_Panama,0,5
W009377_Australia,1,0
W009377_France,0,1
W009378_Iceland,1,2
W009378_Finland,2,1
W009379_Scotland,3,0
W009379_Northern Ireland,0,3
W009380_Argentina,4,0
W009380_Peru,0,4
W009381_New Zealand,0,1
W009381_Italy,1,0
W009382_Costa Rica,0,2
W009382_South Africa,2,0
M046251_South Africa,0,0
M046251_Malawi,0,0
M046252_Lesotho,0,1
M046252_Zambia,1,0
M046253_Mexico,1,0
M046253_Panama,0,1
M046254_Kernow,2,1
M046254_Sápmi,1,2
W009383_Rwanda,0,1
W009383_Uganda,1,0
W009384_Chad,0,4
W009384_Ethiopia,4,0
W009385_Colombia,2,2
W009385_China PR,2,2
W009386_Czech Republic,0,2
W009386_Northern Ireland,2,0
W009387_Finland,1,2
W009387_Scotland,2,1
W009388_Mali,2,2
W009388_Burkina Faso,2,2
W009389_Austria,0,1
W009389_Iceland,1,0
W009390_Equatorial Guinea,0,0
W009390_Namibia,0,0
W009391_Ghana,4,0
W009391_Guinea,0,4
W009392_Benin,3,2
W009392_Guinea-Bissau,2,3
W009393_New Zealand,1,0
W009393_Norway,0,1
W009394_Australia,1,0
W009394_Republic of Ireland,0,1
W009395_Philippines,0,2
W009395_Switzerland,2,0
W009396_Nigeria,0,0
W009396_Canada,0,0
W009397_Spain,3,0
W009397_Costa Rica,0,3
W009398_England,1,0
W009398_Haiti,0,1
W009399_Zambia,0,5
W009399_Japan,5,0
W009400_Denmark,1,0
W009400_China PR,0,1
W009401_United States,3,0
W009401_Vietnam,0,3
W009402_France,0,0
W009402_Jamaica,0,0
W009403_Sweden,2,1
W009403_South Africa,1,2
W009404_Netherlands,1,0
W009404_Portugal,0,1
W009405_Germany,6,0
W009405_Morocco,0,6
W009406_Brazil,4,0
W009406_Panama,0,4
W009407_Italy,1,0
W009407_Argentina,0,1
W009408_Colombia,2,0
W009408_South Korea,0,2
W009409_Switzerland,0,0
W009409_Norway,0,0
W009410_New Zealand,0,1
W009410_Philippines,1,0
W009411_Canada,2,1
W009411_Republic of Ireland,1,2
W009412_Japan,2,0
W009412_Costa Rica,0,2
W009413_Spain,5,0
W009413_Zambia,0,5
W009414_Australia,2,3
W009414_Nigeria,3,2
W009415_United States,1,1
W009415_Netherlands,1,1
W009416_Portugal,2,0
W009416_Vietnam,0,2
W009417_England,1,0
W009417_Denmark,0,1
W009418_Argentina,2,2
W009418_South Africa,2,2
W009419_China PR,1,0
W009419_Haiti,0,1
W009420_Panama,0,1
W009420_Jamaica,1,0
W009421_Sweden,5,0
W009421_Italy,0,5
W009422_France,2,1
W009422_Brazil,1,2
W009423_Germany,1,2
W009423_Colombia,2,1
W009424_South Korea,0,1
W009424_Morocco,1,0
W009425_Norway,6,0
W009425_Philippines,0,6
W009426_New Zealand,0,0
W009426_Switzerland,0,0
W009427_Costa Rica,1,3
W009427_Zambia,3,1
W009428_Australia,4,0
W009428_Canada,0,4
W009429_Republic of Ireland,0,0
W009429_Nigeria,0,0
W009430_Japan,4,0
W009430_Spain,0,4
W009431_China PR,1,6
W009431_England,6,1
W009432_Haiti,0,2
W009432_Denmark,2,0
W009433_Portugal,0,0
W009433_United States,0,0
W009434_Vietnam,0,7
W009434_Netherlands,7,0
M046255_Ethiopia,2,0
M046255_Guyana,0,2
W009435_South Africa,3,2
W009435_Italy,2,3
W009436_Jamaica,0,0
W009436_Brazil,0,0
W009437_Panama,3,6
W009437_France,6,3
W009438_Argentina,0,2
W009438_Sweden,2,0
W009439_Morocco,1,0
W009439_Colombia,0,1
W009440_South Korea,1,1
W009440_Germany,1,1
M046256_Tamil Eelam,3,0
M046256_Hmong,0,3
M046257_Hmong,5,4
M046257_Tibet,4,5
W009441_Switzerland,1,5
W009441_Spain,5,1
W009442_Japan,3,1
W009442_Norway,1,3
M046258_Tibet,1,3
M046258_Tamil Eelam,3,1
M046259_Raetia,5,1
M046259_Ticino,1,5
W009443_Netherlands,2,0
W009443_South Africa,0,2
W009444_Sweden,0,0
W009444_United States,0,0
W009445_England,0,0
W009445_Nigeria,0,0
W009446_Australia,2,0
W009446_Denmark,0,2
M046260_Tamil Eelam,3,1
M046260_Hmong,1,3
W009447_Colombia,1,0
W009447_Jamaica,0,1
W009448_France,4,0
W009448_Morocco,0,4
W009449_Spain,2,1
W009449_Netherlands,1,2
W009450_Japan,1,2
W009450_Sweden,2,1
W009451_England,2,1
W009451_Colombia,1,2
W009452_Australia,0,0
W009452_France,0,0
W009453_Spain,2,1
W009453_Sweden,1,2
W009454_Australia,1,3
W009454_England,3,1
W009455_Australia,0,2
W009455_Sweden,2,0
W009456_Spain,1,0
W009456_England,0,1
M046261_Comoros,0,0
M046261_Mayotte,0,0
M046262_Madagascar,1,0
M046262_Seychelles,0,1
M046263_Réunion,0,0
M046263_Mayotte,0,0
M046264_Madagascar,1,1
M046264_Mauritius,1,1
M046265_Bolivia,1,2
M046265_Panama,2,1
M046266_Mauritius,1,0
M046266_Seychelles,0,1
M046267_Tahiti,9,1
M046267_Cook Islands,1,9
M046268_Comoros,1,1
M046268_Réunion,1,1
M046269_Tahiti,3,0
M046269_Cook Islands,0,3
M046270_Madagascar,4,2
M046270_Comoros,2,4
M046271_Réunion,2,1
M046271_Mauritius,1,2
M046272_Comoros,0,2
M046272_Mauritius,2,0
M046273_Madagascar,1,0
M046273_Réunion,0,1
M046274_Guatemala,0,0
M046274_Honduras,0,0
M046275_Bangladesh,0,0
M046275_Afghanistan,0,0
M046276_Mozambique,3,2
M046276_Benin,2,3
M046277_Libya,1,1
M046277_Equatorial Guinea,1,1
M046278_Syria,2,2
M046278_Malaysia,2,2
M046279_Oman,2,1
M046279_Palestine,1,2
M046280_Macau,0,1
M046280_Bhutan,1,0
M046281_Malta,1,0
M046281_Gibraltar,0,1
M046282_Angola,0,0
M046282_Madagascar,0,0
M046283_Denmark,4,0
M046283_San Marino,0,4
M046284_Algeria,0,0
M046284_Tanzania,0,0
M046285_Niger,0,2
M046285_Uganda,2,0
M046286_Thailand,2,1
M046286_Lebanon,1,2
M046287_Iraq,2,2
M046287_India,2,2
M046288_Slovenia,4,2
M046288_Northern Ireland,2,4
M046289_Kazakhstan,0,1
M046289_Finland,1,0
M046290_Bahrain,1,3
M046290_Kuwait,3,1
M046291_Serbia,1,2
M046291_Hungary,2,1
M046292_Poland,2,0
M046292_Faroe Islands,0,2
M046293_Czech Republic,1,1
M046293_Albania,1,1
M046294_Netherlands,3,0
M046294_Greece,0,3
M046295_France,2,0
M046295_Republic of Ireland,0,2
M046296_Tunisia,3,0
M046296_Botswana,0,3
M046297_Ghana,2,1
M046297_Central African Republic,1,2
M046298_Lithuania,2,2
M046298_Montenegro,2,2
M046299_Wales,0,0
M046299_South Korea,0,0
M046300_Colombia,1,0
M046300_Venezuela,0,1
M046301_Norway,6,0
M046301_Jordan,0,6
M046302_Trinidad and Tobago,1,0
M046302_Curaçao,0,1
M046303_Panama,3,0
M046303_Martinique,0,3
M046304_Guatemala,2,0
M046304_El Salvador,0,2
M046305_Sint Maarten,1,5
M046305_Saint Lucia,5,1
M046306_Saint Kitts and Nevis,1,2
M046306_Guadeloupe,2,1
M046307_Anguilla,0,6
M046307_Saint Martin,6,0
M046308_United States Virgin Islands,2,2
M046308_Cayman Islands,2,2
M046309_Qatar,1,2
M046309_Kenya,2,1
M046310_Paraguay,0,0
M046310_Peru,0,0
M046311_Austria,1,1
M046311_Moldova,1,1
M046312_Bangladesh,1,1
M046312_Afghanistan,1,1
M046313_Bulgaria,0,1
M046313_Iran,1,0
M046314_Cambodia,1,1
M046314_Hong Kong,1,1
M046315_Argentina,1,0
M046315_Ecuador,0,1
M046316_Taiwan,1,1
M046316_Philippines,1,1
M046317_Myanmar,0,0
M046317_Nepal,0,0
M046318_Costa Rica,3,1
M046318_Saudi Arabia,1,3
M046319_Indonesia,2,0
M046319_Turkmenistan,0,2
M046320_Uruguay,3,1
M046320_Chile,1,3
M046321_Brazil,5,1
M046321_Bolivia,1,5
M046322_Bermuda,0,0
M046322_French Guiana,0,0
M046323_Dominican Republic,0,2
M046323_Nicaragua,2,0
M046324_Haiti,0,0
M046324_Cuba,0,0
M046325_Grenada,1,1
M046325_Suriname,1,1
M046326_Singapore,0,2
M046326_Tajikistan,2,0
M046327_Belize,1,2
M046327_Saint Vincent and the Grenadines,2,1
M046328_Burkina Faso,0,0
M046328_Eswatini,0,0
M046329_Barbados,2,3
M046329_Montserrat,3,2
M046330_Mali,4,0
M046330_South Sudan,0,4
M046331_Egypt,1,0
M046331_Ethiopia,0,1
M046332_Jamaica,1,0
M046332_Honduras,0,1
M046333_Luxembourg,3,1
M046333_Iceland,1,3
M046334_Bosnia and Herzegovina,2,1
M046334_Liechtenstein,1,2
M046335_Slovakia,0,1
M046335_Portugal,1,0
M046336_Croatia,5,0
M046336_Latvia,0,5
M046337_Cyprus,0,3
M046337_Scotland,3,0
M046338_Georgia,1,7
M046338_Spain,7,1
M046339_Turkey,1,1
M046339_Armenia,1,1
M046340_North Macedonia,1,1
M046340_Italy,1,1
M046341_Ivory Coast,1,0
M046341_Lesotho,0,1
M046342_Ukraine,1,1
M046342_England,1,1
M046343_Rwanda,1,1
M046343_Senegal,1,1
M046344_Mauritania,2,1
M046344_Gabon,1,2
M046345_Comoros,1,1
M046345_Zambia,1,1
M046346_Malawi,2,2
M046346_Guinea,2,2
M046347_Germany,1,4
M046347_Japan,4,1
M046348_South Africa,0,0
M046348_Namibia,0,0
M046349_Mexico,2,2
M046349_Australia,2,2
M046350_China PR,1,1
M046350_Malaysia,1,1
M046351_British Virgin Islands,3,1
M046351_Turks and Caicos Islands,1,3
M046352_Bahamas,1,6
M046352_Puerto Rico,6,1
M046353_Antigua and Barbuda,1,5
M046353_Guyana,5,1
M046354_Andorra,0,0
M046354_Belarus,0,0
M046355_United States,3,0
M046355_Uzbekistan,0,3
M046356_DR Congo,2,0
M046356_Sudan,0,2
M046357_Estonia,0,5
M046357_Sweden,5,0
M046358_Romania,1,1
M046358_Israel,1,1
M046359_Kosovo,2,2
M046359_Switzerland,2,2
M046360_Azerbaijan,0,1
M046360_Belgium,1,0
M046361_Thailand,2,2
M046361_Iraq,2,2
M046362_Lebanon,1,0
M046362_India,0,1
M046363_Kazakhstan,1,0
M046363_Northern Ireland,0,1
M046364_Finland,0,1
M046364_Denmark,1,0
M046365_Lithuania,1,3
M046365_Serbia,3,1
M046366_Montenegro,2,1
M046366_Bulgaria,1,2
M046367_Albania,2,0
M046367_Poland,0,2
M046368_Greece,5,0
M046368_Gibraltar,0,5
M046369_San Marino,0,4
M046369_Slovenia,4,0
M046370_Gambia,2,2
M046370_Congo,2,2
M046371_Republic of Ireland,1,2
M046371_Netherlands,2,1
M046372_Guatemala,1,1
M046372_Panama,1,1
M046373_El Salvador,2,3
M046373_Trinidad and Tobago,3,2
M046374_Martinique,1,0
M046374_Curaçao,0,1
M046375_Faroe Islands,0,1
M046375_Moldova,1,0
M046376_Saint Lucia,2,0
M046376_Saint Kitts and Nevis,0,2
M046377_Hungary,1,1
M046377_Czech Republic,1,1
M046378_Nigeria,6,0
M046378_São Tomé and Príncipe,0,6
M046379_Togo,3,2
M046379_Cape Verde,2,3
M046380_Guadeloupe,4,0
M046380_Sint Maarten,0,4
M046381_Slovakia,3,0
M046381_Liechtenstein,0,3
M046382_Portugal,9,0
M046382_Luxembourg,0,9
M046383_Iceland,1,0
M046383_Bosnia and Herzegovina,0,1
M046384_Latvia,0,2
M046384_Wales,2,0
M046385_Armenia,0,1
M046385_Croatia,1,0
M046386_Guinea-Bissau,2,1
M046386_Sierra Leone,1,2
M046387_Myanmar,1,0
M046387_Nepal,0,1
M046388_Kuwait,1,3
M046388_Kyrgyzstan,3,1
M046389_Cambodia,4,0
M046389_Macau,0,4
M046390_Saint Martin,2,1
M046390_Bonaire,1,2
M046391_Nicaragua,5,1
M046391_Barbados,1,5
M046392_Dominican Republic,3,0
M046392_Montserrat,0,3
M046393_Vietnam,2,0
M046393_Palestine,0,2
M046394_Cayman Islands,1,2
M046394_Aruba,2,1
M046395_Hong Kong,10,0
M046395_Brunei,0,10
M046396_Turks and Caicos Islands,0,3
M046396_Dominica,3,0
M046397_United Arab Emirates,4,1
M046397_Costa Rica,1,4
M046398_United States,4,0
M046398_Oman,0,4
M046399_Cameroon,3,0
M046399_Burundi,0,3
M046400_Norway,2,1
M046400_Georgia,1,2
M046401_Spain,6,0
M046401_Cyprus,0,6
M046402_Italy,2,1
M046402_Ukraine,1,2
M046403_Malta,0,2
M046403_North Macedonia,2,0
M046404_Belgium,5,0
M046404_Estonia,0,5
M046405_South Africa,1,0
M046405_DR Congo,0,1
M046406_Switzerland,3,0
M046406_Andorra,0,3
M046407_Romania,2,0
M046407_Kosovo,0,2
M046408_Cuba,1,0
M046408_Suriname,0,1
M046409_Jamaica,2,2
M046409_Haiti,2,2
M046410_Honduras,4,0
M046410_Grenada,0,4
M046411_Saint Vincent and the Grenadines,4,3
M046411_Bermuda,3,4
M046412_French Guiana,0,2
M046412_Belize,2,0
M046413_Guyana,3,2
M046413_Bahamas,2,3
M046414_Puerto Rico,5,0
M046414_Antigua and Barbuda,0,5
M046415_Israel,1,0
M046415_Belarus,0,1
M046416_Singapore,3,1
M046416_Taiwan,1,3
M046417_Sweden,1,3
M046417_Austria,3,1
M046418_Scotland,1,3
M046418_England,3,1
M046419_Ecuador,2,1
M046419_Uruguay,1,2
M046420_Venezuela,1,0
M046420_Paraguay,0,1
M046421_Peru,0,1
M046421_Brazil,1,0
M046422_Chile,0,0
M046422_Colombia,0,0
M046423_Azerbaijan,2,1
M046423_Jordan,1,2
M046424_Bahrain,1,1
M046424_Turkmenistan,1,1
M046425_China PR,0,1
M046425_Syria,1,0
M046426_Egypt,1,3
M046426_Tunisia,3,1
M046427_Germany,2,1
M046427_France,1,2
M046428_Senegal,0,1
M046428_Algeria,1,0
M046429_Qatar,1,1
M046429_Russia,1,1
M046430_Ghana,3,1
M046430_Liberia,1,3
M046431_Iran,4,0
M046431_Angola,0,4
M046432_Japan,4,2
M046432_Turkey,2,4
M046433_Kenya,0,1
M046433_South Sudan,1,0
M046434_South Korea,1,0
M046434_Saudi Arabia,0,1
M046435_Mexico,3,3
M046435_Uzbekistan,3,3
M046436_Morocco,1,0
M046436_Burkina Faso,0,1
M046437_Philippines,2,1
M046437_Afghanistan,1,2
M046438_Bolivia,0,3
M046438_Argentina,3,0
W009457_Laos,1,4
W009457_Lebanon,4,1
W009458_Saudi Arabia,0,0
W009458_Malaysia,0,0
W009459_Guatemala,0,3
W009459_Panama,3,0
W009460_Dominica,0,4
W009460_Suriname,4,0
W009461_Antigua and Barbuda,2,1
W009461_Guyana,1,2
W009462_Martinique,0,2
W009462_Honduras,2,0
W009463_Nicaragua,0,3
W009463_El Salvador,3,0
W009464_Bahamas,1,6
W009464_Grenada,6,1
W009465_Venezuela,1,0
W009465_Uruguay,0,1
W009466_United States,3,0
W009466_South Africa,0,3
W009467_Lebanon,3,2
W009467_Bhutan,2,3
W009468_Malaysia,0,0
W009468_Pakistan,0,0
W009469_Taiwan,2,1
W009469_India,1,2
W009470_Anguilla,3,1
W009470_Cayman Islands,1,3
W009471_Bonaire,0,0
W009471_Turks and Caicos Islands,0,0
W009472_Belize,2,0
W009472_Aruba,0,2
W009473_Haiti,1,0
W009473_Costa Rica,0,1
W009474_Mexico,2,1
W009474_Puerto Rico,1,2
W009475_Bermuda,2,0
W009475_Dominican Republic,0,2
W009476_Barbados,5,0
W009476_Saint Vincent and the Grenadines,0,5
W009477_Saint Lucia,1,2
W009477_Cuba,2,1
W009478_Belgium,2,1
W009478_Netherlands,1,2
W009479_England,2,1
W009479_Scotland,1,2
W009480_Azerbaijan,1,1
W009480_Cyprus,1,1
W009481_France,2,0
W009481_Portugal,0,2
W009482_South Korea,3,0
W009482_Myanmar,0,3
W009483_Hong Kong,1,3
W009483_Philippines,3,1
W009484_Japan,8,0
W009484_Bangladesh,0,8
W009485_Vietnam,2,0
W009485_Nepal,0,2
W009486_China PR,16,0
W009486_Mongolia,0,16
W009487_Jamaica,0,2
W009487_Canada,2,0
W009488_North Macedonia,0,1
W009488_Bulgaria,1,0
W009489_Estonia,0,0
W009489_Kazakhstan,0,0
W009490_Faroe Islands,0,1
W009490_Montenegro,1,0
W009491_Georgia,0,3
W009491_Turkey,3,0
W009492_Lithuania,0,2
W009492_Luxembourg,2,0
W009493_Moldova,1,2
W009493_Andorra,2,1
W009494_Norway,1,1
W009494_Austria,1,1
W009495_Belarus,1,2
W009495_Bosnia and Herzegovina,2,1
W009496_Slovenia,0,2
W009496_Czech Republic,2,0
W009497_Latvia,0,1
W009497_Malta,1,0
W009498_Greece,1,3
W009498_Poland,3,1
W009499_Ukraine,1,2
W009499_Serbia,2,1
W009500_Croatia,2,1
W009500_Romania,1,2
W009501_Finland,4,0
W009501_Slovakia,0,4
W009502_Albania,1,1
W009502_Hungary,1,1
W009503_Switzerland,0,1
W009503_Italy,1,0
W009504_Sweden,2,3
W009504_Spain,3,2
W009505_Iceland,1,0
W009505_Wales,0,1
W009506_Denmark,2,0
W009506_Germany,0,2
W009507_Japan,8,0
W009507_Argentina,0,8
W009508_Chile,3,0
W009508_New Zealand,0,3
W009509_Republic of Ireland,3,0
W009509_Northern Ireland,0,3
W009510_Panama,2,3
W009510_Guatemala,3,2
W009511_Guyana,5,0
W009511_Dominica,0,5
W009512_Suriname,1,0
W009512_Antigua and Barbuda,0,1
W009513_El Salvador,9,1
W009513_Martinique,1,9
W009514_Grenada,4,1
W009514_Bahamas,1,4
W009515_India,0,1
W009515_Thailand,1,0
W009516_North Korea,7,0
W009516_Singapore,0,7
W009517_Saudi Arabia,1,0
W009517_Pakistan,0,1
W009518_Bhutan,0,0
W009518_Laos,0,0
W009519_United States,2,0
W009519_South Africa,0,2
W009520_Bangladesh,1,6
W009520_Vietnam,6,1
W009521_Myanmar,1,0
W009521_Hong Kong,0,1
W009522_Nepal,0,8
W009522_Japan,8,0
W009523_Mongolia,0,6
W009523_Uzbekistan,6,0
W009524_Philippines,1,5
W009524_South Korea,5,1
W009525_Belize,3,0
W009525_Bonaire,0,3
W009526_Cayman Islands,2,2
W009526_Anguilla,2,2
W009527_Costa Rica,11,0
W009527_Saint Kitts and Nevis,0,11
W009528_Turks and Caicos Islands,0,5
W009528_Aruba,5,0
W009529_Honduras,1,1
W009529_Nicaragua,1,1
W009530_Bosnia and Herzegovina,1,1
W009530_Slovenia,1,1
W009531_Czech Republic,2,1
W009531_Belarus,1,2
W009532_Andorra,0,4
W009532_Latvia,4,0
W009533_Malta,2,0
W009533_Moldova,0,2
W009534_Turkey,2,0
W009534_Lithuania,0,2
W009535_Luxembourg,1,1
W009535_Georgia,1,1
W009536_Serbia,4,0
W009536_Greece,0,4
W009537_Poland,2,1
W009537_Ukraine,1,2
W009538_Armenia,1,2
W009538_Kazakhstan,2,1
W009539_Estonia,0,5
W009539_Israel,5,0
W009540_Bulgaria,0,0
W009540_Kosovo,0,0
W009541_Canada,2,1
W009541_Jamaica,1,2
W009542_Chile,1,0
W009542_New Zealand,0,1
W009543_Morocco,2,6
W009543_Zambia,6,2
W009544_Montenegro,0,1
W009544_Azerbaijan,1,0
W009545_Cyprus,1,0
W009545_Faroe Islands,0,1
W009546_Romania,0,1
W009546_Finland,1,0
W009547_Austria,0,1
W009547_France,1,0
W009548_Northern Ireland,1,0
W009548_Albania,0,1
W009549_Hungary,0,4
W009549_Republic of Ireland,4,0
W009550_Spain,5,0
W009550_Switzerland,0,5
W009551_Italy,0,1
W009551_Sweden,1,0
W009552_Wales,1,5
W009552_Denmark,5,1
W009553_Germany,4,0
W009553_Iceland,0,4
W009554_Portugal,3,2
W009554_Norway,2,3
W009555_Slovakia,4,0
W009555_Croatia,0,4
W009556_Scotland,1,1
W009556_Belgium,1,1
W009557_Netherlands,2,1
W009557_England,1,2
W009558_Guadeloupe,1,5
W009558_Saint Lucia,5,1
W009559_Dominican Republic,3,0
W009559_Barbados,0,3
W009560_Saint Vincent and the Grenadines,0,4
W009560_Bermuda,4,0
W009561_Mexico,6,0
W009561_Trinidad and Tobago,0,6
W009562_Saudi Arabia,0,1
W009562_Bhutan,1,0
W009563_Lebanon,0,0
W009563_Malaysia,0,0
W009564_Singapore,0,10
W009564_North Korea,10,0
W009565_Thailand,0,1
W009565_Taiwan,1,0
W009566_China PR,6,0
W009566_Uzbekistan,0,6
W009567_Japan,7,0
W009567_Vietnam,0,7
W009568_Nepal,1,1
W009568_Bangladesh,1,1
W009569_South Korea,5,0
W009569_Hong Kong,0,5
W009570_Philippines,3,0
W009570_Myanmar,0,3
W009571_Pakistan,1,1
W009571_Laos,1,1
W009572_Malawi,17,0
W009572_Seychelles,0,17
W009573_Taiwan,1,2
W009573_Uzbekistan,2,1
W009574_South Korea,1,4
W009574_North Korea,4,1
W009575_Japan,8,1
W009575_Philippines,1,8
W009576_China PR,4,0
W009576_Thailand,0,4
W009577_Saudi Arabia,0,1
W009577_Malaysia,1,0
W009578_Bhutan,0,1
W009578_Lebanon,1,0
W009579_Uzbekistan,0,8
W009579_North Korea,8,0
W009580_China PR,3,4
W009580_Japan,4,3
W009581_Madagascar,1,2
W009581_Eswatini,2,1
W009582_South Africa,3,4
W009582_Malawi,4,3
W009583_Zambia,0,0
W009583_Mozambique,0,0
W009584_Angola,5,0
W009584_Comoros,0,5
W009585_China PR,7,0
W009585_Uzbekistan,0,7
W009586_Japan,4,1
W009586_North Korea,1,4
W009587_Namibia,1,1
W009587_Botswana,1,1
W009588_Zimbabwe,1,0
W009588_Lesotho,0,1
W009589_Malawi,8,0
W009589_Eswatini,0,8
W009590_South Africa,3,1
W009590_Madagascar,1,3
M046439_New Caledonia,4,0
M046439_Vanuatu,0,4
M046440_Papua New Guinea,1,3
M046440_Solomon Islands,3,1
W009591_Mozambique,3,1
W009591_Comoros,1,3
W009592_Zambia,3,1
W009592_Angola,1,3
W009593_Botswana,3,0
W009593_Lesotho,0,3
W009594_Namibia,0,2
W009594_Zimbabwe,2,0
M046441_China PR,2,0
M046441_Vietnam,0,2
W009595_Zambia,5,1
W009595_Comoros,1,5
W009596_Madagascar,1,3
W009596_Malawi,3,1
W009597_Angola,0,1
W009597_Mozambique,1,0
W009598_South Africa,3,0
W009598_Eswatini,0,3
M046442_New Caledonia,3,1
M046442_Papua New Guinea,1,3
M046443_Solomon Islands,1,0
M046443_Vanuatu,0,1
M046444_Wales,4,0
M046444_Gibraltar,0,4
W009599_Zimbabwe,1,1
W009599_Botswana,1,1
W009600_Namibia,2,0
W009600_Lesotho,0,2
M046445_Singapore,2,1
M046445_Guam,1,2
M046446_Yemen,3,0
M046446_Sri Lanka,0,3
M046447_Algeria,5,1
M046447_Cape Verde,1,5
M046448_Bahrain,2,0
M046448_Kyrgyzstan,0,2
M046449_Egypt,1,0
M046449_Zambia,0,1
M046450_Georgia,8,0
M046450_Thailand,0,8
M046451_Montenegro,3,2
M046451_Lebanon,2,3
M046452_Russia,1,0
M046452_Cameroon,0,1
M046453_Sweden,3,1
M046453_Moldova,1,3
M046454_Spain,2,0
M046454_Scotland,0,2
M046455_Cyprus,0,4
M046455_Norway,4,0
M046456_Latvia,2,0
M046456_Armenia,0,2
M046457_Croatia,0,1
M046457_Turkey,1,0
M046458_Faroe Islands,0,2
M046458_Poland,2,0
M046459_Albania,3,0
M046459_Czech Republic,0,3
M046460_Nepal,1,1
M046460_Laos,1,1
M046461_Myanmar,5,1
M046461_Macau,1,5
M046462_Maldives,1,1
M046462_Bangladesh,1,1
M046463_Indonesia,6,0
M046463_Brunei,0,6
M046464_Suriname,1,1
M046464_Haiti,1,1
M046465_Grenada,1,4
M046465_Jamaica,4,1
M046466_Cuba,0,0
M046466_Honduras,0,0
M046467_Sint Maarten,2,3
M046467_Saint Kitts and Nevis,3,2
M046468_Saint Lucia,2,1
M046468_Guadeloupe,1,2
M046469_Bonaire,2,0
M046469_Anguilla,0,2
M046470_Dominica,1,1
M046470_British Virgin Islands,1,1
M046471_Andorra,0,3
M046471_Kosovo,3,0
M046472_Colombia,2,2
M046472_Uruguay,2,2
M046473_Argentina,1,0
M046473_Paraguay,0,1
M046474_Brazil,1,1
M046474_Venezuela,1,1
M046475_Chile,2,0
M046475_Peru,0,2
M046476_Afghanistan,1,0
M046476_Mongolia,0,1
M046477_Cambodia,0,0
M046477_Pakistan,0,0
M046478_Taiwan,4,0
M046478_Timor-Leste,0,4
M046479_Hong Kong,4,0
M046479_Bhutan,0,4
M046480_Bolivia,1,2
M046480_Ecuador,2,1
M046481_Belarus,0,0
M046481_Romania,0,0
M046482_Martinique,1,0
M046482_El Salvador,0,1
M046483_Curaçao,1,2
M046483_Panama,2,1
M046484_Barbados,0,5
M046484_Dominican Republic,5,0
M046485_Trinidad and Tobago,3,2
M046485_Guatemala,2,3
M046486_Angola,1,1
M046486_Mozambique,1,1
M046487_Liechtenstein,0,2
M046487_Bosnia and Herzegovina,2,0
M046488_Portugal,3,2
M046488_Slovakia,2,3
M046489_Iceland,1,1
M046489_Luxembourg,1,1
M046490_Austria,2,3
M046490_Belgium,3,2
M046491_Estonia,0,2
M046491_Azerbaijan,2,0
M046492_Netherlands,1,2
M046492_France,2,1
M046493_Republic of Ireland,0,2
M046493_Greece,2,0
M046494_Vietnam,0,2
M046494_Uzbekistan,2,0
M046495_South Africa,0,0
M046495_Eswatini,0,0
M046496_Nigeria,2,2
M046496_Saudi Arabia,2,2
M046497_Montserrat,0,3
M046497_Nicaragua,3,0
M046498_South Korea,4,0
M046498_Tunisia,0,4
M046499_Mali,1,0
M046499_Uganda,0,1
M046500_Saint Vincent and the Grenadines,1,4
M046500_French Guiana,4,1
M046501_Belize,0,1
M046501_Bermuda,1,0
M046502_DR Congo,1,1
M046502_New Zealand,1,1
M046503_Equatorial Guinea,0,0
M046503_Burkina Faso,0,0
M046504_Guinea,1,0
M046504_Guinea-Bissau,0,1
M046505_Iraq,0,0
M046505_Qatar,0,0
M046506_Japan,4,1
M046506_Canada,1,4
M046507_England,1,0
M046507_Australia,0,1
W009601_Malawi,2,1
W009601_Mozambique,1,2
W009602_Zambia,1,0
W009602_Zimbabwe,0,1
M046508_Ukraine,2,0
M046508_North Macedonia,0,2
M046509_New Caledonia,0,1
M046509_Solomon Islands,1,0
M046510_Papua New Guinea,0,1
M046510_Vanuatu,1,0
M046511_Denmark,3,1
M046511_Kazakhstan,1,3
M046512_Slovenia,3,0
M046512_Finland,0,3
M046513_Northern Ireland,3,0
M046513_San Marino,0,3
M046514_Bulgaria,0,2
M046514_Lithuania,2,0
M046515_Italy,4,0
M046515_Malta,0,4
M046516_United States,1,3
M046516_Germany,3,1
M046517_Hungary,2,1
M046517_Serbia,1,2
M046518_Niger,3,0
M046518_Somalia,0,3
M046519_Mexico,2,0
M046519_Ghana,0,2
M046520_Mauritania,2,1
M046520_Madagascar,1,2
M046521_Liberia,2,3
M046521_Libya,3,2
M046522_Ivory Coast,1,1
M046522_Morocco,1,1
M046523_Aruba,3,1
M046523_United States Virgin Islands,1,3
M046524_Bahamas,1,4
M046524_Antigua and Barbuda,4,1
M046525_Puerto Rico,1,3
M046525_Guyana,3,1
M046526_Sierra Leone,1,1
M046526_Benin,1,1
M046527_Romania,4,0
M046527_Andorra,0,4
M046528_Switzerland,3,3
M046528_Belarus,3,3
M046529_Czech Republic,1,0
M046529_Faroe Islands,0,1
M046530_Turkey,4,0
M046530_Latvia,0,4
M046531_Wales,2,1
M046531_Croatia,1,2
M046532_Norway,0,1
M046532_Spain,1,0
M046533_Poland,1,1
M046533_Moldova,1,1
M046534_Sudan,1,1
M046534_Tanzania,1,1
M046535_Georgia,4,0
M046535_Cyprus,0,4
M046536_Honduras,4,0
M046536_Cuba,0,4
M046537_Haiti,2,3
M046537_Jamaica,3,2
M046538_Guadeloupe,2,0
M046538_Saint Lucia,0,2
M046539_Saint Kitts and Nevis,0,1
M046539_Sint Maarten,1,0
M046540_Kyrgyzstan,0,1
M046540_Philippines,1,0
M046541_Suriname,4,0
M046541_Grenada,0,4
W009603_Zimbabwe,0,2
W009603_Mozambique,2,0
W009604_Zambia,1,2
W009604_Malawi,2,1
M046542_Luxembourg,0,1
M046542_Slovakia,1,0
M046543_Iceland,4,0
M046543_Liechtenstein,0,4
M046544_Belgium,1,1
M046544_Sweden,1,1
M046545_Azerbaijan,0,1
M046545_Austria,1,0
M046546_Greece,0,1
M046546_Netherlands,1,0
M046547_Gibraltar,0,4
M046547_Republic of Ireland,4,0
M046548_Senegal,1,0
M046548_Cameroon,0,1
M046549_China PR,1,2
M046549_Uzbekistan,2,1
M046550_Kenya,2,2
M046550_Russia,2,2
M046551_Botswana,2,1
M046551_Eswatini,1,2
M046552_Turks and Caicos Islands,2,2
M046552_British Virgin Islands,2,2
M046553_Saint Martin,8,0
M046553_Anguilla,0,8
M046554_French Guiana,3,2
M046554_Saint Vincent and the Grenadines,2,3
M046555_Nicaragua,3,0
M046555_Montserrat,0,3
M046556_Dominican Republic,5,2
M046556_Barbados,2,5
M046557_Mozambique,2,3
M046557_Nigeria,3,2
M046558_Algeria,1,1
M046558_Egypt,1,1
M046559_Bosnia and Herzegovina,0,5
M046559_Portugal,5,0
M046560_South Korea,6,0
M046560_Vietnam,0,6
M046561_Angola,0,0
M046561_DR Congo,0,0
M046562_Albania,2,0
M046562_Bulgaria,0,2
M046563_Taiwan,3,0
M046563_Timor-Leste,0,3
M046564_Sri Lanka,1,1
M046564_Yemen,1,1
M046565_Pakistan,1,0
M046565_Cambodia,0,1
M046566_Mongolia,0,1
M046566_Afghanistan,1,0
M046567_Macau,0,0
M046567_Myanmar,0,0
M046568_Laos,0,1
M046568_Nepal,1,0
M046569_Guam,0,1
M046569_Singapore,1,0
M046570_Brunei,0,6
M046570_Indonesia,6,0
M046571_Bhutan,2,0
M046571_Hong Kong,0,2
M046572_Bahrain,1,0
M046572_Philippines,0,1
M046573_Bangladesh,2,1
M046573_Maldives,1,2
M046574_Peru,0,2
M046574_Argentina,2,0
M046575_Paraguay,1,0
M046575_Bolivia,0,1
M046576_Ecuador,0,0
M046576_Colombia,0,0
M046577_Venezuela,3,0
M046577_Chile,0,3
M046578_Cayman Islands,2,1
M046578_United States Virgin Islands,1,2
M046579_Guyana,3,1
M046579_Puerto Rico,1,3
M046580_Antigua and Barbuda,2,2
M046580_Bahamas,2,2
M046581_Bermuda,1,1
M046581_Belize,1,1
M046582_Curaçao,5,3
M046582_Trinidad and Tobago,3,5
M046583_Panama,3,0
M046583_Guatemala,0,3
M046584_El Salvador,0,0
M046584_Martinique,0,0
M046585_Uruguay,2,0
M046585_Brazil,0,2
M046586_Benin,1,2
M046586_Madagascar,2,1
M046587_Australia,2,0
M046587_New Zealand,0,2
M046588_Cape Verde,1,2
M046588_Comoros,2,1
M046589_San Marino,1,2
M046589_Denmark,2,1
M046590_Northern Ireland,0,1
M046590_Slovenia,1,0
M046591_Finland,1,2
M046591_Kazakhstan,2,1
M046592_Lithuania,2,2
M046592_Hungary,2,2
M046593_Serbia,3,1
M046593_Montenegro,1,3
M046594_Malta,1,3
M046594_Ukraine,3,1
M046595_England,3,1
M046595_Italy,1,3
M046596_Burkina Faso,2,1
M046596_Mauritania,1,2
M046597_Zambia,3,0
M046597_Uganda,0,3
M046598_United States,4,0
M046598_Ghana,0,4
M046599_United Arab Emirates,2,1
M046599_Lebanon,1,2
M046600_Morocco,3,0
M046600_Liberia,0,3
M046601_Sudan,1,0
M046601_Chad,0,1
M046602_Syria,1,2
M046602_Kuwait,2,1
M046603_France,4,1
M046603_Scotland,1,4
M046604_Guinea,1,1
M046604_Gabon,1,1
M046605_Ivory Coast,1,1
M046605_South Africa,1,1
M046606_Estonia,1,1
M046606_Thailand,1,1
M046607_Mali,3,1
M046607_Saudi Arabia,1,3
M046608_Mexico,2,2
M046608_Germany,2,2
M046609_North Macedonia,3,1
M046609_Armenia,1,3
M046610_Somalia,0,2
M046610_Sierra Leone,2,0
M046611_Libya,1,1
M046611_Niger,1,1
W009605_Mexico,7,0
W009605_Jamaica,0,7
W009606_Chile,1,0
W009606_Paraguay,0,1
W009607_Costa Rica,0,0
W009607_Argentina,0,0
M046612_United Arab Emirates,1,0
M046612_Kuwait,0,1
W009608_Paraguay,10,0
W009608_Jamaica,0,10
W009609_Ethiopia,1,1
W009609_Nigeria,1,1
W009610_DR Congo,1,1
W009610_South Africa,1,1
W009611_Bolivia,0,3
W009611_Argentina,3,0
W009612_Chile,1,3
W009612_Mexico,3,1
W009613_Martinique,1,0
W009613_Nicaragua,0,1
W009614_Grenada,4,0
W009614_United States Virgin Islands,0,4
W009615_Suriname,0,1
W009615_Guyana,1,0
W009616_Panama,2,1
W009616_Jamaica,1,2
W009617_Dominica,0,0
W009617_Antigua and Barbuda,0,0
W009618_Uzbekistan,1,0
W009618_Vietnam,0,1
W009619_Tanzania,2,0
W009619_Botswana,0,2
W009620_Uganda,2,0
W009620_Cameroon,0,2
W009621_Morocco,2,0
W009621_Namibia,0,2
W009622_Japan,7,0
W009622_India,0,7
W009623_China PR,1,2
W009623_North Korea,2,1
W009624_South Korea,10,1
W009624_Thailand,1,10
W009625_Australia,2,0
W009625_Iran,0,2
W009626_Taiwan,1,4
W009626_Philippines,4,1
W009627_Cayman Islands,0,2
W009627_Curaçao,2,0
W009628_Bonaire,3,1
W009628_Aruba,1,3
W009629_Turks and Caicos Islands,0,6
W009629_Belize,6,0
W009630_Honduras,0,1
W009630_El Salvador,1,0
W009631_Saint Kitts and Nevis,0,11
W009631_Haiti,11,0
W009632_Poland,2,1
W009632_Serbia,1,2
W009633_Greece,2,1
W009633_Ukraine,1,2
W009634_Romania,0,0
W009634_Slovakia,0,0
W009635_Bosnia and Herzegovina,1,0
W009635_Czech Republic,0,1
W009636_Belarus,1,1
W009636_Slovenia,1,1
W009637_Latvia,5,0
W009637_Moldova,0,5
W009638_Malta,5,0
W009638_Andorra,0,5
W009639_Hungary,3,2
W009639_Northern Ireland,2,3
W009640_Luxembourg,0,4
W009640_Turkey,4,0
W009641_Faroe Islands,1,2
W009641_Azerbaijan,2,1
W009642_Cyprus,0,2
W009642_Montenegro,2,0
W009643_Armenia,1,4
W009643_Estonia,4,1
W009644_North Macedonia,0,2
W009644_Kosovo,2,0
W009645_Benin,0,3
W009645_Ghana,3,0
W009646_United States,0,0
W009646_Colombia,0,0
W009647_Lithuania,0,0
W009647_Georgia,0,0
W009648_Finland,3,0
W009648_Croatia,0,3
W009649_Germany,5,1
W009649_Wales,1,5
W009650_Sweden,1,0
W009650_Switzerland,0,1
W009651_Trinidad and Tobago,1,2
W009651_Puerto Rico,2,1
W009652_Republic of Ireland,5,1
W009652_Albania,1,5
W009653_Barbados,1,1
W009653_Bermuda,1,1
W009654_Guadeloupe,0,2
W009654_Cuba,2,0
W009655_England,1,0
W009655_Belgium,0,1
W009656_Saint Vincent and the Grenadines,0,8
W009656_Dominican Republic,8,0
W009657_Austria,2,1
W009657_Portugal,1,2
W009658_Norway,1,2
W009658_France,2,1
W009659_Iceland,0,1
W009659_Denmark,1,0
W009660_Italy,0,1
W009660_Spain,1,0
W009661_Netherlands,4,0
W009661_Scotland,0,4
W009662_Mexico,4,1
W009662_Paraguay,1,4
W009663_Chile,6,0
W009663_Jamaica,0,6
W009664_Costa Rica,0,0
W009664_Bolivia,0,0
W009665_Canada,0,1
W009665_Brazil,1,0
W009666_Nicaragua,1,1
W009666_Martinique,1,1
W009667_Australia,8,0
W009667_Philippines,0,8
W009668_Iran,0,0
W009668_Taiwan,0,0
W009669_North Korea,0,0
W009669_South Korea,0,0
W009670_United States Virgin Islands,0,0
W009670_Bahamas,0,0
W009671_El Salvador,5,0
W009671_Honduras,0,5
W009672_China PR,3,0
W009672_Thailand,0,3
W009673_Antigua and Barbuda,1,2
W009673_Dominica,2,1
W009674_Jamaica,2,2
W009674_Guatemala,2,2
W009675_United States,3,0
W009675_Colombia,0,3
W009676_Uzbekistan,0,2
W009676_Japan,2,0
W009677_Guyana,1,0
W009677_Suriname,0,1
W009678_India,1,3
W009678_Vietnam,3,1
W009679_Haiti,13,0
W009679_Saint Kitts and Nevis,0,13
W009680_Aruba,5,0
W009680_Bonaire,0,5
W009681_Belize,3,0
W009681_Turks and Caicos Islands,0,3
W009682_Curaçao,5,2
W009682_Anguilla,2,5
W009683_South Africa,2,0
W009683_DR Congo,0,2
W009684_Switzerland,1,7
W009684_Spain,7,1
W009685_Andorra,0,3
W009685_Malta,3,0
W009686_Slovenia,0,0
W009686_Belarus,0,0
W009687_Czech Republic,2,2
W009687_Bosnia and Herzegovina,2,2
W009688_Serbia,1,1
W009688_Poland,1,1
W009689_Ukraine,1,0
W009689_Greece,0,1
W009690_Croatia,0,2
W009690_Finland,2,0
W009691_Slovakia,1,0
W009691_Romania,0,1
W009692_Northern Ireland,1,1
W009692_Hungary,1,1
W009693_Albania,0,1
W009693_Republic of Ireland,1,0
W009694_Sweden,1,1
W009694_Italy,1,1
W009695_Denmark,2,1
W009695_Wales,1,2
W009696_Georgia,0,3
W009696_Lithuania,3,0
W009697_France,0,0
W009697_Norway,0,0
W009698_Portugal,1,2
W009698_Austria,2,1
W009699_Scotland,0,1
W009699_Netherlands,1,0
W009700_Belgium,3,2
W009700_England,2,3
W009701_Cuba,3,0
W009701_Guadeloupe,0,3
W009702_Dominican Republic,4,0
W009702_Saint Vincent and the Grenadines,0,4
W009703_Bermuda,4,2
W009703_Barbados,2,4
W009704_Puerto Rico,0,0
W009704_Trinidad and Tobago,0,0
W009705_Iceland,0,2
W009705_Germany,2,0
W009706_Turkey,1,0
W009706_Luxembourg,0,1
W009707_Moldova,3,3
W009707_Latvia,3,3
W009708_Faroe Islands,0,1
W009708_Cyprus,1,0
W009709_Azerbaijan,3,0
W009709_Montenegro,0,3
W009710_Ecuador,2,0
W009710_Peru,0,2
W009711_Canada,2,0
W009711_Brazil,0,2
W009712_Botswana,0,1
W009712_Tanzania,1,0
W009713_Nigeria,4,0
W009713_Ethiopia,0,4
W009714_Cameroon,3,0
W009714_Uganda,0,3
W009715_Morocco,2,0
W009715_Namibia,0,2
W009716_Tunisia,2,3
W009716_Senegal,3,2
W009717_Mexico,2,0
W009717_Argentina,0,2
W009718_Paraguay,3,1
W009718_Costa Rica,1,3
W009719_Jamaica,1,2
W009719_Bolivia,2,1
W009720_Ghana,2,0
W009720_Benin,0,2
W009721_Kosovo,3,1
W009721_North Macedonia,1,3
W009722_Estonia,5,1
W009722_Armenia,1,5
W009723_Uzbekistan,3,0
W009723_India,0,3
W009724_China PR,1,1
W009724_South Korea,1,1
W009725_Thailand,0,7
W009725_North Korea,7,0
W009726_Japan,2,0
W009726_Vietnam,0,2
W009727_Philippines,1,0
W009727_Iran,0,1
W009728_Australia,3,0
W009728_Taiwan,0,3
W009729_Chile,0,1
W009729_Mexico,1,0
M046613_Guatemala,0,0
M046613_Jamaica,0,0
M046614_Kosovo,1,0
M046614_Israel,0,1
M046615_Belgium,1,0
M046615_Serbia,0,1
M046616_Ethiopia,0,0
M046616_Sierra Leone,0,0
M046617_DR Congo,2,0
M046617_Mauritania,0,2
M046618_Rwanda,0,0
M046618_Zimbabwe,0,0
M046619_Equatorial Guinea,0,3
M046619_Namibia,3,0
M046620_Israel,1,1
M046620_Switzerland,1,1
M046621_Sudan,1,1
M046621_Togo,1,1
M046622_Nigeria,1,1
M046622_Lesotho,1,1
M046623_Cape Verde,0,0
M046623_Angola,0,0
M046624_Burundi,3,2
M046624_Gambia,2,3
M046625_Yemen,0,2
M046625_Bahrain,2,0
M046626_Lebanon,0,0
M046626_Palestine,0,0
M046627_Gabon,2,1
M046627_Kenya,1,2
M046628_United Arab Emirates,4,0
M046628_Nepal,0,4
M046629_Saudi Arabia,4,0
M046629_Pakistan,0,4
M046630_Egypt,6,0
M046630_Djibouti,0,6
M046631_Botswana,2,3
M046631_Mozambique,3,2
M046632_Curaçao,1,1
M046632_El Salvador,1,1
M046633_Norway,2,0
M046633_Faroe Islands,0,2
M046634_Cyprus,1,3
M046634_Spain,3,1
M046635_Georgia,2,2
M046635_Scotland,2,2
M046636_Estonia,0,2
M046636_Austria,2,0
M046637_Azerbaijan,3,0
M046637_Sweden,0,3
M046638_Bulgaria,2,2
M046638_Hungary,2,2
M046639_Montenegro,2,0
M046639_Lithuania,0,2
M046640_Tajikistan,1,1
M046640_Jordan,1,1
M046641_Liechtenstein,0,2
M046641_Portugal,2,0
M046642_Luxembourg,4,1
M046642_Bosnia and Herzegovina,1,4
M046643_Slovakia,4,2
M046643_Iceland,2,4
M046644_Algeria,3,1
M046644_Somalia,1,3
M046645_Philippines,0,2
M046645_Vietnam,2,0
M046646_Australia,7,0
M046646_Bangladesh,0,7
M046647_Turkmenistan,1,3
M046647_Uzbekistan,3,1
M046648_Iraq,5,1
M046648_Indonesia,1,5
M046649_Sint Maarten,0,2
M046649_Guadeloupe,2,0
M046650_Saint Kitts and Nevis,0,0
M046650_Saint Lucia,0,0
M046651_United States Virgin Islands,1,4
M046651_Aruba,4,1
M046652_British Virgin Islands,1,2
M046652_Dominica,2,1
M046653_Costa Rica,0,3
M046653_Panama,3,0
M046654_Bolivia,2,0
M046654_Peru,0,2
M046655_Venezuela,0,0
M046655_Ecuador,0,0
M046656_Colombia,2,1
M046656_Brazil,1,2
M046657_Argentina,0,2
M046657_Uruguay,2,0
M046658_United States,3,0
M046658_Trinidad and Tobago,0,3
M046659_Qatar,8,1
M046659_Afghanistan,1,8
M046660_Kuwait,0,1
M046660_India,1,0
M046661_Japan,5,0
M046661_Myanmar,0,5
M046662_Syria,1,0
M046662_North Korea,0,1
M046663_Thailand,1,2
M046663_China PR,2,1
M046664_South Korea,5,0
M046664_Singapore,0,5
M046665_Oman,3,0
M046665_Taiwan,0,3
M046666_Malaysia,4,3
M046666_Kyrgyzstan,3,4
M046667_Chile,0,0
M046667_Paraguay,0,0
M046668_Iran,4,0
M046668_Hong Kong,0,4
M046669_Comoros,4,2
M046669_Central African Republic,2,4
M046670_Ghana,1,0
M046670_Madagascar,0,1
M046671_Mali,3,1
M046671_Chad,1,3
M046672_Greece,2,0
M046672_New Zealand,0,2
M046673_England,2,0
M046673_Malta,0,2
M046674_Italy,5,2
M046674_North Macedonia,2,5
M046675_Kazakhstan,3,1
M046675_San Marino,1,3
M046676_Poland,1,1
M046676_Czech Republic,1,1
M046677_Denmark,2,1
M046677_Slovenia,1,2
M046678_Solomon Islands,1,0
M046678_Samoa,0,1
M046679_Tunisia,4,0
M046679_São Tomé and Príncipe,0,4
M046680_Papua New Guinea,3,0
M046680_Tuvalu,0,3
M046681_Moldova,1,1
M046681_Albania,1,1
M046682_Liberia,0,1
M046682_Malawi,1,0
M046683_Finland,4,0
M046683_Northern Ireland,0,4
M046684_Ivory Coast,9,0
M046684_Seychelles,0,9
M046685_Guinea,2,1
M046685_Uganda,1,2
M046686_Barbados,0,4
M046686_Nicaragua,4,0
M046687_Bermuda,3,1
M046687_Saint Vincent and the Grenadines,1,3
M046688_Montserrat,2,1
M046688_Dominican Republic,1,2
M046689_Honduras,2,0
M046689_Mexico,0,2
M046690_Burkina Faso,1,1
M046690_Guinea-Bissau,1,1
M046691_Eswatini,0,1
M046691_Libya,1,0
M046692_Cameroon,3,0
M046692_Mauritius,0,3
M046693_Zambia,4,2
M046693_Congo,2,4
M046694_Belize,1,0
M046694_French Guiana,0,1
W009730_Cook Islands,2,5
W009730_New Caledonia,5,2
W009731_Papua New Guinea,9,0
W009731_American Samoa,0,9
M046695_Netherlands,1,0
M046695_Republic of Ireland,0,1
M046696_Fiji,10,0
M046696_Northern Mariana Islands,0,10
M046697_New Caledonia,7,0
M046697_Tonga,0,7
M046698_Switzerland,1,1
M046698_Kosovo,1,1
M046699_Belarus,1,0
M046699_Andorra,0,1
M046700_Latvia,0,2
M046700_Croatia,2,0
M046701_Armenia,1,1
M046701_Wales,1,1
M046702_France,14,0
M046702_Gibraltar,0,14
M046703_Israel,1,2
M046703_Romania,2,1
M046704_Niger,0,1
M046704_Tanzania,1,0
M046705_South Africa,2,1
M046705_Benin,1,2
M046706_Senegal,4,0
M046706_South Sudan,0,4
M046707_Jamaica,1,2
M046707_Canada,2,1
M046708_Anguilla,0,3
M046708_Bonaire,3,0
M046709_Antigua and Barbuda,2,3
M046709_Puerto Rico,3,2
M046710_Germany,2,3
M046710_Turkey,3,2
W009732_Solomon Islands,1,0
W009732_Vanuatu,0,1
W009733_Tahiti,2,3
W009733_Samoa,3,2
M046711_Liechtenstein,0,1
M046711_Luxembourg,1,0
M046712_Bosnia and Herzegovina,1,2
M046712_Slovakia,2,1
M046713_Portugal,2,0
M046713_Iceland,0,2
M046714_Serbia,2,2
M046714_Bulgaria,2,2
M046715_Hungary,3,1
M046715_Montenegro,1,3
M046716_Sweden,2,0
M046716_Estonia,0,2
M046717_Belgium,5,0
M046717_Azerbaijan,0,5
M046718_Scotland,3,3
M046718_Norway,3,3
M046719_Spain,3,1
M046719_Georgia,1,3
M046720_Mozambique,0,2
M046720_Algeria,2,0
M046721_Burundi,1,2
M046721_Gabon,2,1
M046722_Zimbabwe,1,1
M046722_Nigeria,1,1
M046723_Sudan,1,0
M046723_DR Congo,0,1
M046724_Sierra Leone,0,2
M046724_Egypt,2,0
M046725_Saint Lucia,1,2
M046725_Sint Maarten,2,1
M046726_Guadeloupe,5,0
M046726_Saint Kitts and Nevis,0,5
M046727_Cyprus,1,0
M046727_Lithuania,0,1
M046728_Russia,8,0
M046728_Cuba,0,8
M046729_North Macedonia,1,1
M046729_England,1,1
M046730_Ukraine,0,0
M046730_Italy,0,0
M046731_Albania,0,0
M046731_Faroe Islands,0,0
M046732_Czech Republic,3,0
M046732_Moldova,0,3
M046733_Curaçao,1,1
M046733_El Salvador,1,1
M046734_San Marino,1,2
M046734_Finland,2,1
M046735_Slovenia,2,1
M046735_Kazakhstan,1,2
M046736_Tuvalu,0,6
M046736_Vanuatu,6,0
M046737_Samoa,10,0
M046737_American Samoa,0,10
M046738_Northern Ireland,2,0
M046738_Denmark,0,2
M046739_Chad,0,3
M046739_Madagascar,3,0
M046740_Liberia,3,0
M046740_Equatorial Guinea,0,3
M046741_Seychelles,0,5
M046741_Kenya,5,0
M046742_Gambia,0,2
M046742_Ivory Coast,2,0
M046743_Djibouti,0,1
M046743_Guinea-Bissau,1,0
M046744_Trinidad and Tobago,2,1
M046744_United States,1,2
M046745_Panama,3,1
M046745_Costa Rica,1,3
M046746_Dominica,2,0
M046746_Turks and Caicos Islands,0,2
M046747_Aruba,5,1
M046747_Cayman Islands,1,5
M046748_Montserrat,4,2
M046748_Barbados,2,4
M046749_Mali,1,1
M046749_Central African Republic,1,1
W009734_Papua New Guinea,3,0
W009734_Cook Islands,0,3
W009735_New Caledonia,4,0
W009735_American Samoa,0,4
M046750_Guyana,6,0
M046750_Antigua and Barbuda,0,6
M046751_Nicaragua,0,0
M046751_Dominican Republic,0,0
M046752_French Guiana,3,0
M046752_Bermuda,0,3
M046753_Saint Vincent and the Grenadines,3,0
M046753_Belize,0,3
M046754_Puerto Rico,6,1
M046754_Bahamas,1,6
M046755_Togo,0,0
M046755_Senegal,0,0
M046756_Canada,2,3
M046756_Jamaica,3,2
M046757_Eswatini,0,2
M046757_Cape Verde,2,0
M046758_Libya,1,1
M046758_Cameroon,1,1
M046759_Mauritius,0,0
M046759_Angola,0,0
M046760_Niger,2,1
M046760_Zambia,1,2
M046761_Tanzania,0,2
M046761_Morocco,2,0
M046762_Somalia,0,1
M046762_Uganda,1,0
M046763_Botswana,1,0
M046763_Guinea,0,1
M046764_Malawi,0,1
M046764_Tunisia,1,0
M046765_São Tomé and Príncipe,0,2
M046765_Namibia,2,0
M046766_Comoros,1,0
M046766_Ghana,0,1
M046767_Austria,2,0
M046767_Germany,0,2
M046768_Rwanda,2,0
M046768_South Africa,0,2
M046769_Poland,2,0
M046769_Latvia,0,2
M046770_Gibraltar,0,6
M046770_Netherlands,6,0
M046771_Greece,2,2
M046771_France,2,2
M046772_Wales,1,1
M046772_Turkey,1,1
M046773_Croatia,1,0
M046773_Armenia,0,1
M046774_Andorra,0,2
M046774_Israel,2,0
M046775_Kosovo,0,1
M046775_Belarus,1,0
M046776_Romania,1,0
M046776_Switzerland,0,1
M046777_Tonga,1,2
M046777_Cook Islands,2,1
M046778_Fiji,0,0
M046778_Tahiti,0,0
M046779_Republic of Ireland,1,1
M046779_New Zealand,1,1
M046780_Lesotho,0,0
M046780_Benin,0,0
M046781_Bonaire,0,4
M046781_Saint Martin,4,0
M046782_Ethiopia,0,3
M046782_Burkina Faso,3,0
M046783_Mexico,2,0
M046783_Honduras,0,2
M046784_Ecuador,1,0
M046784_Chile,0,1
M046785_South Sudan,0,0
M046785_Mauritania,0,0
M046786_Paraguay,0,1
M046786_Colombia,1,0
M046787_Peru,1,1
M046787_Venezuela,1,1
M046788_Brazil,0,1
M046788_Argentina,1,0
M046789_India,0,3
M046789_Qatar,3,0
M046790_Afghanistan,0,4
M046790_Kuwait,4,0
M046791_Myanmar,1,6
M046791_North Korea,6,1
M046792_Syria,0,5
M046792_Japan,5,0
M046793_China PR,0,3
M046793_South Korea,3,0
M046794_Singapore,1,3
M046794_Thailand,3,1
M046795_Uruguay,3,0
M046795_Bolivia,0,3
M046796_Kyrgyzstan,1,0
M046796_Oman,0,1
M046797_Taiwan,0,1
M046797_Malaysia,1,0
M046798_Bangladesh,1,1
M046798_Lebanon,1,1
M046799_Palestine,0,1
M046799_Australia,1,0
M046800_Jordan,0,2
M046800_Saudi Arabia,2,0
M046801_Bahrain,0,2
M046801_United Arab Emirates,2,0
M046802_Vietnam,0,1
M046802_Iraq,1,0
M046803_Philippines,1,1
M046803_Indonesia,1,1
M046804_Hong Kong,2,2
M046804_Turkmenistan,2,2
M046805_Uzbekistan,2,2
M046805_Iran,2,2
M046806_Pakistan,1,6
M046806_Tajikistan,6,1
M046807_Nepal,0,2
M046807_Yemen,2,0
W009736_Tonga,2,2
W009736_Tahiti,2,2
W009737_Fiji,3,2
W009737_Vanuatu,2,3
M046808_Vanuatu,1,1
M046808_Papua New Guinea,1,1
M046809_Solomon Islands,11,0
M046809_American Samoa,0,11
W009738_New Caledonia,2,2
W009738_Papua New Guinea,2,2
W009739_Cook Islands,3,0
W009739_American Samoa,0,3
W009740_Kazakhstan,0,2
W009740_Israel,2,0
M046810_Northern Mariana Islands,0,5
M046810_Tahiti,5,0
M046811_Cook Islands,0,8
M046811_New Caledonia,8,0
W009741_Solomon Islands,1,4
W009741_Fiji,4,1
W009742_Samoa,4,1
W009742_Tonga,1,4
W009743_Israel,0,0
W009743_Kazakhstan,0,0
M046812_Cook Islands,0,3
M046812_Papua New Guinea,3,0
M046813_Tahiti,2,1
M046813_Samoa,1,2
M046814_Northern Mariana Islands,4,0
M046814_American Samoa,0,4
M046815_Tonga,0,4
M046815_Tuvalu,4,0
W009744_Fiji,3,0
W009744_New Caledonia,0,3
W009745_Papua New Guinea,5,1
W009745_Samoa,1,5
M046816_Solomon Islands,2,0
M046816_Fiji,0,2
M046817_New Caledonia,1,0
M046817_Vanuatu,0,1
W009746_Cook Islands,0,3
W009746_American Samoa,3,0
W009747_Solomon Islands,1,0
W009747_Tonga,0,1
W009748_Tahiti,1,2
W009748_Vanuatu,2,1
W009749_Jamaica,1,1
W009749_Panama,1,1
W009750_Antigua and Barbuda,0,1
W009750_Suriname,1,0
W009751_Dominica,0,9
W009751_Guyana,9,0
W009752_Nicaragua,2,1
W009752_Honduras,1,2
W009753_Martinique,0,2
W009753_El Salvador,2,0
W009754_Bahamas,1,2
W009754_United States Virgin Islands,2,1
W009755_Armenia,0,4
W009755_Israel,4,0
M046818_Samoa,3,0
M046818_Cook Islands,0,3
M046819_Tahiti,2,0
M046819_Papua New Guinea,0,2
M046820_Northern Mariana Islands,1,4
M046820_Tuvalu,4,1
M046821_American Samoa,2,6
M046821_Tonga,6,2
W009756_Mongolia,3,4
W009756_Northern Mariana Islands,4,3
W009757_Macau,0,16
W009757_Taiwan,16,0
W009758_Hong Kong,0,11
W009758_North Korea,11,0
W009759_Brazil,4,3
W009759_Japan,3,4
W009760_Finland,6,0
W009760_Romania,0,6
W009761_Bonaire,1,5
W009761_Belize,5,1
W009762_Aruba,8,0
W009762_Turks and Caicos Islands,0,8
W009763_Costa Rica,2,1
W009763_Haiti,1,2
W009764_Anguilla,1,5
W009764_Curaçao,5,1
M046822_Vanuatu,2,4
M046822_Fiji,4,2
W009765_Slovenia,2,1
W009765_Bosnia and Herzegovina,1,2
W009766_Latvia,4,0
W009766_Andorra,0,4
W009767_Moldova,0,0
W009767_Malta,0,0
W009768_Georgia,4,2
W009768_Luxembourg,2,4
W009769_Lithuania,0,4
W009769_Turkey,4,0
W009770_Montenegro,9,0
W009770_Faroe Islands,0,9
W009771_Kazakhstan,0,1
W009771_Estonia,1,0
W009772_Kosovo,5,1
W009772_Bulgaria,1,5
W009773_Tahiti,0,2
W009773_Tonga,2,0
W009774_Solomon Islands,1,2
W009774_Vanuatu,2,1
W009775_Samoa,1,3
W009775_New Caledonia,3,1
W009776_Papua New Guinea,4,1
W009776_Fiji,1,4
W009777_Cyprus,0,1
W009777_Azerbaijan,1,0
W009778_Ukraine,0,1
W009778_Poland,1,0
W009779_Republic of Ireland,1,0
W009779_Hungary,0,1
W009780_Croatia,2,0
W009780_Slovakia,0,2
W009781_Albania,0,4
W009781_Northern Ireland,4,0
W009782_Spain,2,3
W009782_Italy,3,2
W009783_Switzerland,1,0
W009783_Sweden,0,1
W009784_Germany,3,0
W009784_Denmark,0,3
W009785_Wales,1,2
W009785_Iceland,2,1
W009786_France,3,0
W009786_Austria,0,3
W009787_Norway,4,0
W009787_Portugal,0,4
W009788_Chile,1,0
W009788_Peru,0,1
W009789_Belgium,1,1
W009789_Scotland,1,1
W009790_Saint Lucia,5,1
W009790_Guadeloupe,1,5
W009791_Bermuda,3,0
W009791_Saint Vincent and the Grenadines,0,3
W009792_Barbados,1,7
W009792_Dominican Republic,7,1
W009793_Mexico,3,0
W009793_Puerto Rico,0,3
W009794_Greece,0,2
W009794_Serbia,2,0
W009795_England,3,2
W009795_Netherlands,2,3
M046823_Solomon Islands,2,2
M046823_New Caledonia,2,2
W009796_Belarus,0,1
W009796_Czech Republic,1,0
W009797_Armenia,1,6
W009797_Israel,6,1
W009798_Canada,5,0
W009798_Australia,0,5
W009799_United States,3,0
W009799_China PR,0,3
W009800_Colombia,0,0
W009800_New Zealand,0,0
W009801_Macau,0,6
W009801_Guam,6,0
W009802_North Korea,19,0
W009802_Mongolia,0,19
W009803_Northern Mariana Islands,1,6
W009803_Hong Kong,6,1
W009804_Guyana,3,0
W009804_Antigua and Barbuda,0,3
W009805_Brazil,0,2
W009805_Japan,2,0
W009806_United States Virgin Islands,0,2
W009806_Grenada,2,0
W009807_El Salvador,4,1
W009807_Nicaragua,1,4
W009808_Guatemala,1,1
W009808_Jamaica,1,1
W009809_Suriname,11,0
W009809_Dominica,0,11
W009810_Honduras,1,4
W009810_Martinique,4,1
W009811_Taiwan,3,0
W009811_Guam,0,3
W009812_Saint Kitts and Nevis,0,19
W009812_Costa Rica,19,0
W009813_Aruba,0,1
W009813_Belize,1,0
W009814_Turks and Caicos Islands,0,2
W009814_Bonaire,2,0
W009815_Curaçao,6,1
W009815_Cayman Islands,1,6
W009816_Northern Mariana Islands,0,17
W009816_North Korea,17,0
W009817_Hong Kong,6,0
W009817_Mongolia,0,6
W009818_Portugal,0,1
W009818_France,1,0
W009819_Scotland,0,6
W009819_England,6,0
W009820_Austria,2,1
W009820_Norway,1,2
W009821_Dominican Republic,2,0
W009821_Bermuda,0,2
W009822_Denmark,0,1
W009822_Iceland,1,0
W009823_Wales,0,0
W009823_Germany,0,0
W009824_Italy,3,0
W009824_Switzerland,0,3
W009825_Spain,5,3
W009825_Sweden,3,5
W009826_Hungary,6,0
W009826_Albania,0,6
W009827_Northern Ireland,1,6
W009827_Republic of Ireland,6,1
W009828_Romania,0,1
W009828_Croatia,1,0
W009829_Slovakia,2,2
W009829_Finland,2,2
W009830_Poland,2,0
W009830_Greece,0,2
W009831_Serbia,0,1
W009831_Ukraine,1,0
W009832_Bosnia and Herzegovina,1,0
W009832_Belarus,0,1
W009833_Czech Republic,4,0
W009833_Slovenia,0,4
W009834_Andorra,0,0
W009834_Moldova,0,0
W009835_Malta,2,1
W009835_Latvia,1,2
W009836_Luxembourg,1,1
W009836_Lithuania,1,1
W009837_Turkey,2,0
W009837_Georgia,0,2
W009838_Azerbaijan,1,0
W009838_Faroe Islands,0,1
W009839_Montenegro,2,0
W009839_Cyprus,0,2
W009840_Israel,4,1
W009840_Estonia,1,4
W009841_Kazakhstan,4,1
W009841_Armenia,1,4
W009842_Bulgaria,2,2
W009842_North Macedonia,2,2
W009843_Colombia,1,0
W009843_New Zealand,0,1
W009844_Chile,6,0
W009844_Peru,0,6
W009845_Saint Vincent and the Grenadines,4,2
W009845_Barbados,2,4
W009846_Mexico,1,0
W009846_Trinidad and Tobago,0,1
W009847_Netherlands,4,0
W009847_Belgium,0,4
W009848_Cuba,4,1
W009848_Saint Lucia,1,4
W009849_Northern Mariana Islands,4,0
W009849_Macau,0,4
W009850_Hong Kong,1,1
W009850_Guam,1,1
W009851_United States,2,1
W009851_China PR,1,2
W009852_Canada,1,0
W009852_Australia,0,1
W009853_Brazil,4,0
W009853_Nicaragua,0,4
W009854_North Korea,5,0
W009854_Taiwan,0,5
M046824_Mexico,2,3
M046824_Colombia,3,2
M046825_China PR,1,2
M046825_Hong Kong,2,1
M046826_Japan,5,0
M046826_Thailand,0,5
M046827_Indonesia,0,4
M046827_Libya,4,0
M046828_Saudi Arabia,1,0
M046828_Lebanon,0,1
M046829_Tajikistan,2,1
M046829_Hong Kong,1,2
M046830_Togo,0,3
M046830_Algeria,3,0
M046831_Qatar,1,2
M046831_Jordan,2,1
M046832_Kyrgyzstan,1,1
M046832_Syria,1,1
M046833_Iran,2,1
M046833_Burkina Faso,1,2
M046834_Indonesia,1,2
M046834_Libya,2,1
M046835_United Arab Emirates,0,1
M046835_Oman,1,0
M046836_Mozambique,2,0
M046836_Lesotho,0,2
M046837_Bahrain,0,2
M046837_Australia,2,0
M046838_Iraq,0,1
M046838_South Korea,1,0
M046839_Tunisia,0,0
M046839_Mauritania,0,0
M046840_Mali,6,2
M046840_Guinea-Bissau,2,6
M046841_Ivory Coast,5,1
M046841_Sierra Leone,1,5
M046842_DR Congo,0,0
M046842_Angola,0,0
M046843_Uzbekistan,1,0
M046843_Palestine,0,1
M046844_Egypt,2,0
M046844_Tanzania,0,2
M046845_Ghana,0,0
M046845_Namibia,0,0
M046846_Senegal,1,0
M046846_Niger,0,1
M046847_Nigeria,0,2
M046847_Guinea,2,0
M046848_Botswana,1,1
M046848_Mozambique,1,1
M046849_Syria,2,2
M046849_Malaysia,2,2
M046850_Japan,6,1
M046850_Jordan,1,6
M046851_Kyrgyzstan,2,1
M046851_Vietnam,1,2
M046852_Zambia,1,1
M046852_Cameroon,1,1
M046853_Equatorial Guinea,1,1
M046853_Djibouti,1,1
M046854_Burundi,0,4
M046854_Algeria,4,0
M046855_Indonesia,0,5
M046855_Iran,5,0
M046856_Saudi Arabia,0,0
M046856_Palestine,0,0
M046857_South Africa,0,0
M046857_Lesotho,0,0
M046858_DR Congo,1,2
M046858_Burkina Faso,2,1
M046859_Bahrain,0,3
M046859_Angola,3,0
M046860_Saudi Arabia,2,0
M046860_Hong Kong,0,2
M046861_Tunisia,2,0
M046861_Cape Verde,0,2
M046862_Morocco,3,1
M046862_Sierra Leone,1,3
M046863_Qatar,3,0
M046863_Lebanon,0,3
M046864_Sweden,2,1
M046864_Estonia,1,2
M046865_Kuwait,1,3
M046865_Libya,3,1
M046866_China PR,0,0
M046866_Tajikistan,0,0
M046867_Australia,2,0
M046867_India,0,2
M046868_Uzbekistan,0,0
M046868_Syria,0,0
M046869_Ivory Coast,2,0
M046869_Guinea-Bissau,0,2
M046870_Guatemala,0,1
M046870_Iceland,1,0
M046871_Ghana,1,2
M046871_Cape Verde,2,1
M046872_Egypt,2,2
M046872_Mozambique,2,2
M046873_Nigeria,1,1
M046873_Equatorial Guinea,1,1
M046874_Iran,4,1
M046874_Palestine,1,4
M046875_United Arab Emirates,3,1
M046875_Hong Kong,1,3
M046876_Japan,4,2
M046876_Vietnam,2,4
M046877_Indonesia,1,3
M046877_Iraq,3,1
M046878_South Korea,3,1
M046878_Bahrain,1,3
M046879_Malaysia,0,4
M046879_Jordan,4,0
M046880_Senegal,3,0
M046880_Gambia,0,3
M046881_Cameroon,1,1
M046881_Guinea,1,1
M046882_Algeria,1,1
M046882_Angola,1,1
M046883_Burkina Faso,1,0
M046883_Mauritania,0,1
M046884_Tunisia,0,1
M046884_Namibia,1,0
M046885_Mali,2,0
M046885_South Africa,0,2
M046886_Thailand,2,0
M046886_Kyrgyzstan,0,2
M046887_Saudi Arabia,2,1
M046887_Oman,1,2
M046888_Honduras,0,2
M046888_Iceland,2,0
M046889_Lebanon,0,0
M046889_China PR,0,0
M046890_Qatar,1,0
M046890_Tajikistan,0,1
M046891_Morocco,3,0
M046891_Tanzania,0,3
M046892_DR Congo,1,1
M046892_Zambia,1,1
M046893_Syria,0,1
M046893_Australia,1,0
M046894_India,0,3
M046894_Uzbekistan,3,0
M046895_Palestine,1,1
M046895_United Arab Emirates,1,1
M046896_Ivory Coast,0,1
M046896_Nigeria,1,0
M046897_Egypt,2,2
M046897_Ghana,2,2
M046898_Equatorial Guinea,4,2
M046898_Guinea-Bissau,2,4
M046899_Hong Kong,0,1
M046899_Iran,1,0
M046900_Iraq,2,1
M046900_Japan,1,2
M046901_Vietnam,0,1
M046901_Indonesia,1,0
M046902_Cape Verde,3,0
M046902_Mozambique,0,3
M046903_Senegal,3,1
M046903_Cameroon,1,3
M046904_Guinea,1,0
M046904_Gambia,0,1
M046905_Kuwait,0,2
M046905_Uganda,2,0
M046906_Tunisia,1,1
M046906_Mali,1,1
M046907_Algeria,2,2
M046907_Burkina Faso,2,2
M046908_Jordan,2,2
M046908_South Korea,2,2
M046909_Bahrain,1,0
M046909_Malaysia,0,1
M046910_Mauritania,2,3
M046910_Angola,3,2
M046911_United States,0,1
M046911_Slovenia,1,0
M046912_Oman,0,0
M046912_Thailand,0,0
M046913_Kyrgyzstan,0,2
M046913_Saudi Arabia,2,0
M046914_South Africa,4,0
M046914_Namibia,0,4
M046915_Morocco,1,1
M046915_DR Congo,1,1
M046916_Zambia,1,1
M046916_Tanzania,1,1
M046917_Mozambique,2,2
M046917_Ghana,2,2
M046918_Cape Verde,2,2
M046918_Egypt,2,2
M046919_Ivory Coast,0,4
M046919_Equatorial Guinea,4,0
M046920_Tajikistan,2,1
M046920_Lebanon,1,2
M046921_Qatar,1,0
M046921_China PR,0,1
M046922_Guinea-Bissau,0,1
M046922_Nigeria,1,0
M046923_Australia,1,1
M046923_Uzbekistan,1,1
M046924_Syria,1,0
M046924_India,0,1
M046925_Hong Kong,0,3
M046925_Palestine,3,0
M046926_Iran,2,1
M046926_United Arab Emirates,1,2
M046927_Gambia,2,3
M046927_Cameroon,3,2
M046928_Guinea,0,2
M046928_Senegal,2,0
M046929_Angola,2,0
M046929_Burkina Faso,0,2
M046930_Mauritania,1,0
M046930_Algeria,0,1
M046931_Tanzania,0,0
M046931_DR Congo,0,0
M046932_Zambia,0,1
M046932_Morocco,1,0
M046933_South Africa,0,0
M046933_Tunisia,0,0
M046934_Namibia,0,0
M046934_Mali,0,0
M046935_Japan,3,1
M046935_Indonesia,1,3
M046936_Iraq,3,2
M046936_Vietnam,2,3
M046937_Jordan,0,1
M046937_Bahrain,1,0
M046938_South Korea,3,3
M046938_Malaysia,3,3
M046939_Kyrgyzstan,1,1
M046939_Oman,1,1
M046940_Saudi Arabia,0,0
M046940_Thailand,0,0
M046941_Angola,3,0
M046941_Namibia,0,3
M046942_Nigeria,2,0
M046942_Cameroon,0,2
M046943_Australia,4,0
M046943_Indonesia,0,4
M046944_Tajikistan,1,1
M046944_United Arab Emirates,1,1
M046945_Egypt,1,1
M046945_DR Congo,1,1
M046946_Equatorial Guinea,0,1
M046946_Guinea,1,0
M046947_Ivory Coast,1,1
M046947_Senegal,1,1
M046948_Cape Verde,1,0
M046948_Mauritania,0,1
M046949_Iraq,2,3
M046949_Jordan,3,2
M046950_Qatar,2,1
M046950_Palestine,1,2
M046951_Saudi Arabia,1,1
M046951_South Korea,1,1
M046952_Uzbekistan,2,1
M046952_Thailand,1,2
M046953_Mali,2,1
M046953_Burkina Faso,1,2
M046954_Morocco,0,2
M046954_South Africa,2,0
M046955_Bahrain,1,3
M046955_Japan,3,1
M046956_Iran,1,1
M046956_Syria,1,1
M046957_DR Congo,3,1
M046957_Guinea,1,3
M046958_Australia,1,2
M046958_South Korea,2,1
M046959_Nigeria,1,0
M046959_Angola,0,1
M046960_Tajikistan,0,1
M046960_Jordan,1,0
M046961_Costa Rica,2,0
M046961_El Salvador,0,2
M046962_Ivory Coast,2,1
M046962_Mali,1,2
M046963_Cape Verde,0,0
M046963_South Africa,0,0
M046964_Qatar,1,1
M046964_Uzbekistan,1,1
M046965_Iran,2,1
M046965_Japan,1,2
M046966_Jordan,2,0
M046966_South Korea,0,2
M046967_Qatar,3,2
M046967_Iran,2,3
M046968_Ivory Coast,1,0
M046968_DR Congo,0,1
M046969_Nigeria,1,1
M046969_South Africa,1,1
W009855_New Zealand,3,0
W009855_Tonga,0,3
W009856_Samoa,1,0
W009856_Vanuatu,0,1
W009857_Papua New Guinea,1,1
W009857_Solomon Islands,1,1
W009858_Fiji,10,0
W009858_American Samoa,0,10
W009859_United Arab Emirates,1,0
W009859_Iraq,0,1
M046970_South Africa,0,0
M046970_DR Congo,0,0
M046971_Qatar,3,1
M046971_Jordan,1,3
W009860_American Samoa,1,7
W009860_Solomon Islands,7,1
W009861_Papua New Guinea,3,4
W009861_Fiji,4,3
W009862_Vanuatu,1,2
W009862_Tonga,2,1
W009863_Samoa,0,6
W009863_New Zealand,6,0
M046972_Ivory Coast,2,1
M046972_Nigeria,1,2
W009864_United Arab Emirates,3,0
W009864_Iraq,0,3
W009865_American Samoa,0,9
W009865_Papua New Guinea,9,0
W009866_Solomon Islands,3,1
W009866_Fiji,1,3
W009867_Samoa,2,0
W009867_Tonga,0,2
W009868_Lebanon,1,0
W009868_Syria,0,1
W009869_Vanuatu,0,5
W009869_New Zealand,5,0
W009870_Lebanon,3,1
W009870_Syria,1,3
W009871_Samoa,0,2
W009871_Solomon Islands,2,0
W009872_New Zealand,7,1
W009872_Fiji,1,7
W009873_Panama,0,2
W009873_Paraguay,2,0
W009874_Guyana,0,1
W009874_Dominican Republic,1,0
W009875_Haiti,0,1
W009875_Puerto Rico,1,0
W009876_El Salvador,3,1
W009876_Guatemala,1,3
W009877_Solomon Islands,1,11
W009877_New Zealand,11,1
W009878_Guam,3,4
W009878_Lebanon,4,3
W009879_Saudi Arabia,1,3
W009879_Jordan,3,1
W009880_Nepal,4,1
W009880_Syria,1,4
W009881_Palestine,3,0
W009881_Iraq,0,3
W009882_Hong Kong,0,1
W009882_Kosovo,1,0
W009883_Finland,4,0
W009883_Philippines,0,4
W009884_Jordan,3,0
W009884_Guam,0,3
W009885_Saudi Arabia,2,3
W009885_Lebanon,3,2
W009886_Portugal,3,1
W009886_Czech Republic,1,3
W009887_India,4,3
W009887_Estonia,3,4
W009888_Belarus,3,0
W009888_Albania,0,3
W009889_Malta,2,0
W009889_Faroe Islands,0,2
W009890_Syria,0,1
W009890_Palestine,1,0
W009891_Iraq,0,5
W009891_Nepal,5,0
W009892_Romania,0,0
W009892_Greece,0,0
W009893_Gibraltar,2,3
W009893_Liechtenstein,3,2
W009894_Tunisia,1,2
W009894_Morocco,2,1
W009895_Spain,3,0
W009895_Netherlands,0,3
W009896_France,2,1
W009896_Germany,1,2
W009897_Serbia,1,1
W009897_Iceland,1,1
W009898_Hungary,1,5
W009898_Belgium,5,1
W009899_Croatia,0,3
W009899_Norway,3,0
W009900_Latvia,0,3
W009900_Slovakia,3,0
W009901_Montenegro,0,2
W009901_Northern Ireland,2,0
W009902_Bulgaria,0,4
W009902_Ukraine,4,0
W009903_Ghana,0,1
W009903_Zambia,1,0
W009904_Bosnia and Herzegovina,0,5
W009904_Sweden,5,0
W009905_Poland,1,4
W009905_Switzerland,4,1
W009906_Tanzania,0,3
W009906_South Africa,3,0
W009907_Saudi Arabia,0,2
W009907_Guam,2,0
W009908_Lebanon,0,2
W009908_Jordan,2,0
W009909_Cameroon,0,0
W009909_Nigeria,0,0
W009910_England,7,2
W009910_Austria,2,7
W009911_Chile,5,1
W009911_Jamaica,1,5
W009912_Italy,0,0
W009912_Republic of Ireland,0,0
W009913_Uruguay,1,3
W009913_Ecuador,3,1
W009914_Algeria,2,0
W009914_Burkina Faso,0,2
W009915_Palestine,0,4
W009915_Nepal,4,0
W009916_Czech Republic,1,2
W009916_South Korea,2,1
W009917_Syria,3,0
W009917_Iraq,0,3
W009918_Slovenia,0,1
W009918_Finland,1,0
W009919_Philippines,0,2
W009919_Scotland,2,0
W009920_North Korea,0,0
W009920_Japan,0,0
W009921_Uzbekistan,0,3
W009921_Australia,3,0
W009922_Kosovo,3,0
W009922_Estonia,0,3
W009923_India,2,0
W009923_Hong Kong,0,2
W009924_Georgia,3,0
W009924_North Macedonia,0,3
W009925_Gibraltar,1,1
W009925_Liechtenstein,1,1
W009926_Turkey,1,2
W009926_Greece,2,1
W009927_Faroe Islands,0,3
W009927_Albania,3,0
W009928_Malta,1,1
W009928_Belarus,1,1
W009929_Nigeria,1,0
W009929_Cameroon,0,1
W009930_Bolivia,2,3
W009930_Peru,3,2
W009931_Portugal,5,1
W009931_South Korea,1,5
W009932_Russia,4,0
W009932_Botswana,0,4
W009933_Uruguay,2,0
W009933_Ecuador,0,2
W009934_Algeria,3,0
W009934_Burkina Faso,0,3
W009935_Nepal,2,1
W009935_Lebanon,1,2
W009936_Jordan,5,0
W009936_Palestine,0,5
W009937_Chile,1,0
W009937_Jamaica,0,1
W009938_Republic of Ireland,0,2
W009938_Wales,2,0
W009939_England,5,1
W009939_Italy,1,5
W009940_Switzerland,0,1
W009940_Poland,1,0
W009941_Estonia,1,0
W009941_Hong Kong,0,1
W009942_Kosovo,1,0
W009942_India,0,1
W009943_Philippines,0,1
W009943_Slovenia,1,0
W009944_Scotland,1,1
W009944_Finland,1,1
W009945_Ukraine,3,0
W009945_Bulgaria,0,3
W009946_Northern Ireland,1,1
W009946_Montenegro,1,1
W009947_Slovakia,6,0
W009947_Latvia,0,6
W009948_Norway,5,0
W009948_Croatia,0,5
W009949_Belgium,5,1
W009949_Hungary,1,5
W009950_Iceland,2,1
W009950_Serbia,1,2
W009951_South Africa,1,0
W009951_Tanzania,0,1
W009952_Sweden,5,0
W009952_Bosnia and Herzegovina,0,5
W009953_Spain,2,0
W009953_France,0,2
W009954_Netherlands,0,2
W009954_Germany,2,0
W009955_Bolivia,0,1
W009955_Peru,1,0
W009956_Turkey,1,0
W009956_Romania,0,1
W009957_Morocco,4,1
W009957_Tunisia,1,4
W009958_Georgia,1,0
W009958_North Macedonia,0,1
W009959_Denmark,1,1
W009959_Austria,1,1
W009960_Zambia,3,3
W009960_Ghana,3,3
W009961_Australia,10,0
W009961_Uzbekistan,0,10
W009962_Japan,2,1
W009962_North Korea,1,2
W009963_Jordan,2,2
W009963_Nepal,2,2
M046973_Trinidad and Tobago,0,1
M046973_Jamaica,1,0
M046974_Trinidad and Tobago,0,0
M046974_Jamaica,0,0
M046975_Kazakhstan,2,0
M046975_Turkmenistan,0,2
M046976_Solomon Islands,2,1
M046976_Fiji,1,2
M046977_Somalia,0,3
M046977_Eswatini,3,0
M046978_Djibouti,0,2
M046978_Liberia,2,0
M046979_San Marino,1,3
M046979_Saint Kitts and Nevis,3,1
M046980_Bonaire,1,1
M046980_El Salvador,1,1
M046981_Tonga,1,4
M046981_Samoa,4,1
M046982_Oman,2,0
M046982_Malaysia,0,2
M046983_Pakistan,0,3
M046983_Jordan,3,0
M046984_Hong Kong,0,2
M046984_Uzbekistan,2,0
M046985_Afghanistan,0,0
M046985_India,0,0
M046986_Qatar,3,0
M046986_Kuwait,0,3
M046987_Greece,5,0
M046987_Kazakhstan,0,5
M046988_Bosnia and Herzegovina,1,2
M046988_Ukraine,2,1
M046989_Israel,1,4
M046989_Iceland,4,1
M046990_Singapore,2,2
M046990_China PR,2,2
M046991_Myanmar,1,1
M046991_Syria,1,1
M046992_Wales,4,1
M046992_Finland,1,4
M046993_Gibraltar,0,1
M046993_Lithuania,1,0
M046994_United States,3,1
M046994_Jamaica,1,3
M046995_Panama,0,3
M046995_Mexico,3,0
M046996_Guinea,6,0
M046996_Vanuatu,0,6
M046997_Cape Verde,1,0
M046997_Guyana,0,1
M046998_South Africa,1,1
M046998_Andorra,1,1
M046999_Poland,5,1
M046999_Estonia,1,5
M047000_Japan,1,0
M047000_North Korea,0,1
M047001_South Korea,1,1
M047001_Thailand,1,1
M047002_Venezuela,1,2
M047002_Italy,2,1
M047003_Indonesia,1,0
M047003_Vietnam,0,1
M047004_Iraq,1,0
M047004_Philippines,0,1
M047005_Saudi Arabia,1,0
M047005_Tajikistan,0,1
M047006_Bahrain,5,0
M047006_Nepal,0,5
M047007_United Arab Emirates,2,1
M047007_Yemen,1,2
M047008_Australia,2,0
M047008_Lebanon,0,2
M047009_Palestine,5,0
M047009_Bangladesh,0,5
M047010_Belize,1,1
M047010_Puerto Rico,1,1
M047011_Cyprus,1,1
M047011_Latvia,1,1
M047012_Ecuador,2,0
M047012_Guatemala,0,2
M047013_Ethiopia,1,2
M047013_Lesotho,2,1
M047014_Malta,2,2
M047014_Slovenia,2,2
M047015_Montenegro,2,0
M047015_Belarus,0,2
M047016_Portugal,5,2
M047016_Sweden,2,5
M047017_Solomon Islands,0,2
M047017_Fiji,2,0
M047018_Iran,5,0
M047018_Turkmenistan,0,5
M047019_Taiwan,0,2
M047019_Kyrgyzstan,2,0
M047020_Georgia,2,0
M047020_Luxembourg,0,2
M047021_Algeria,3,2
M047021_Bolivia,2,3
M047022_São Tomé and Príncipe,1,1
M047022_South Sudan,1,1
M047023_Chad,1,0
M047023_Mauritius,0,1
M047024_Spain,0,1
M047024_Colombia,1,0
M047025_Senegal,3,0
M047025_Gabon,0,3
M047026_Romania,1,1
M047026_Northern Ireland,1,1
M047027_Norway,1,2
M047027_Czech Republic,2,1
M047028_North Macedonia,1,1
M047028_Moldova,1,1
M047029_Nigeria,2,1
M047029_Ghana,1,2
M047030_Niger,1,2
M047030_Togo,2,1
M047031_Netherlands,4,0
M047031_Scotland,0,4
M047032_Morocco,1,0
M047032_Angola,0,1
M047033_Mauritania,0,2
M047033_Mali,2,0
M047034_Liechtenstein,0,4
M047034_Faroe Islands,4,0
M047035_Peru,2,0
M047035_Nicaragua,0,2
M047036_Comoros,4,0
M047036_Uganda,0,4
M047037_Hungary,1,0
M047037_Turkey,0,1
M047038_Bulgaria,1,0
M047038_Tanzania,0,1
M047039_Egypt,1,0
M047039_New Zealand,0,1
M047040_Equatorial Guinea,2,0
M047040_Cambodia,0,2
M047041_Brunei,0,2
M047041_Bermuda,2,0
M047042_Central African Republic,6,0
M047042_Bhutan,0,6
M047043_Azerbaijan,1,0
M047043_Mongolia,0,1
M047044_Anguilla,0,0
M047044_Turks and Caicos Islands,0,0
M047045_United States Virgin Islands,1,1
M047045_British Virgin Islands,1,1
M047046_Albania,0,3
M047046_Chile,3,0
M047047_Argentina,3,0
M047047_El Salvador,0,3
M047048_Armenia,0,1
M047048_Kosovo,1,0
M047049_Burkina Faso,1,2
M047049_Libya,2,1
M047050_Sri Lanka,0,0
M047050_Papua New Guinea,0,0
M047051_France,0,2
M047051_Germany,2,0
M047052_Samoa,1,0
M047052_Cook Islands,0,1
M047053_Slovakia,0,2
M047053_Austria,2,0
M047054_Republic of Ireland,0,0
M047054_Belgium,0,0
M047055_Ivory Coast,2,2
M047055_Benin,2,2
M047056_Costa Rica,3,1
M047056_Honduras,1,3
M047057_Dominican Republic,2,0
M047057_Aruba,0,2
M047058_Denmark,0,0
M047058_Switzerland,0,0
M047059_Canada,2,0
M047059_Trinidad and Tobago,0,2
M047060_Tunisia,0,0
M047060_Croatia,0,0
M047061_England,0,1
M047061_Brazil,1,0
M047062_Jamaica,1,0
M047062_Panama,0,1
M047063_United States,2,0
M047063_Mexico,0,2
M047064_Belize,3,0
M047064_Puerto Rico,0,3
M047065_Ecuador,0,2
M047065_Italy,2,0
M047066_Ethiopia,2,1
M047066_Lesotho,1,2
M047067_Guatemala,0,0
M047067_Venezuela,0,0
M047068_San Marino,0,0
M047068_Saint Kitts and Nevis,0,0
M047069_Suriname,1,1
M047069_Martinique,1,1
M047070_Montenegro,1,0
M047070_North Macedonia,0,1
M047071_Azerbaijan,1,1
M047071_Bulgaria,1,1
M047072_Tanzania,3,0
M047072_Mongolia,0,3
M047073_Cape Verde,1,0
M047073_Equatorial Guinea,0,1
M047074_Bermuda,1,5
M047074_Guinea,5,1
M047075_Central African Republic,4,0
M047075_Papua New Guinea,0,4
M047076_Sri Lanka,2,0
M047076_Bhutan,0,2
M047077_Comoros,0,0
M047077_Angola,0,0
M047078_Cyprus,0,1
M047078_Serbia,1,0
M047079_Gabon,1,1
M047079_Congo,1,1
M047080_Bolivia,1,0
M047080_Andorra,0,1
M047081_Sweden,1,0
M047081_Albania,0,1
M047082_Czech Republic,2,1
M047082_Armenia,1,2
M047083_Denmark,2,0
M047083_Faroe Islands,0,2
M047084_El Salvador,1,1
M047084_Honduras,1,1
M047085_England,2,2
M047085_Belgium,2,2
M047086_France,3,2
M047086_Chile,2,3
M047087_Germany,2,1
M047087_Netherlands,1,2
M047088_Hungary,2,0
M047088_Kosovo,0,2
M047089_Ivory Coast,2,1
M047089_Uruguay,1,2
M047090_Latvia,1,1
M047090_Liechtenstein,1,1
M047091_Malta,0,0
M047091_Belarus,0,0
M047092_Morocco,0,0
M047092_Mauritania,0,0
M047093_Nicaragua,0,1
M047093_Cuba,1,0
M047094_Norway,1,1
M047094_Slovakia,1,1
M047095_Peru,4,1
M047095_Dominican Republic,1,4
M047096_Republic of Ireland,0,1
M047096_Switzerland,1,0
M047097_Scotland,0,1
M047097_Northern Ireland,1,0
M047098_Senegal,1,0
M047098_Benin,0,1
M047099_Colombia,3,2
M047099_Romania,2,3
M047100_Tonga,0,1
M047100_Cook Islands,1,0
M047101_South Sudan,0,0
M047101_São Tomé and Príncipe,0,0
M047102_Mauritius,1,2
M047102_Chad,2,1
M047103_Eswatini,2,2
M047103_Somalia,2,2
M047104_Liberia,0,0
M047104_Djibouti,0,0
M047105_Finland,2,1
M047105_Estonia,1,2
M047106_Spain,3,3
M047106_Brazil,3,3
M047107_Slovenia,2,0
M047107_Portugal,0,2
M047108_Austria,6,1
M047108_Turkey,1,6
M047109_Ukraine,2,1
M047109_Iceland,1,2
M047110_Turks and Caicos Islands,1,1
M047110_Anguilla,1,1
M047111_Wales,0,0
M047111_Poland,0,0
M047112_Lithuania,1,0
M047112_Gibraltar,0,1
M047113_Brunei,3,2
M047113_Vanuatu,2,3
M047114_Cambodia,1,4
M047114_Guyana,4,1
M047115_New Zealand,0,0
M047115_Tunisia,0,0
M047116_Egypt,2,4
M047116_Croatia,4,2
M047117_Algeria,3,3
M047117_South Africa,3,3
M047118_India,1,2
M047118_Afghanistan,2,1
M047119_Kuwait,1,2
M047119_Qatar,2,1
M047120_Syria,7,0
M047120_Myanmar,0,7
M047121_Thailand,0,3
M047121_South Korea,3,0
M047122_Argentina,3,1
M047122_Costa Rica,1,3
M047123_China PR,4,1
M047123_Singapore,1,4
M047124_Malaysia,0,2
M047124_Oman,2,0
M047125_Uzbekistan,3,0
M047125_Hong Kong,0,3
M047126_Turkmenistan,0,1
M047126_Iran,1,0
M047127_Philippines,0,5
M047127_Iraq,5,0
M047128_Vietnam,0,3
M047128_Indonesia,3,0
M047129_Tajikistan,1,1
M047129_Saudi Arabia,1,1
M047130_Jordan,7,0
M047130_Pakistan,0,7
M047131_Bahrain,3,0
M047131_Nepal,0,3
M047132_Georgia,0,0
M047132_Greece,0,0
M047133_Bangladesh,0,1
M047133_Palestine,1,0
M047134_Australia,5,0
M047134_Lebanon,0,5
M047135_British Virgin Islands,0,0
M047135_United States Virgin Islands,0,0
M047136_Kyrgyzstan,5,1
M047136_Taiwan,1,5
M047137_Yemen,0,3
M047137_United Arab Emirates,3,0
W009964_Puerto Rico,12,0
W009964_Cayman Islands,0,12
W009965_Russia,4,0
W009965_Ecuador,0,4
W009966_Tunisia,2,1
W009966_Algeria,1,2
W009967_Northern Ireland,0,0
W009967_Malta,0,0
W009968_Portugal,3,0
W009968_Bosnia and Herzegovina,0,3
W009969_Ukraine,2,0
W009969_Kosovo,0,2
W009970_Wales,4,0
W009970_Croatia,0,4
W009971_Cyprus,0,3
W009971_Belarus,3,0
W009972_Georgia,2,2
W009972_Lithuania,2,2
W009973_Slovenia,2,0
W009973_Moldova,0,2
W009974_Latvia,3,4
W009974_North Macedonia,4,3
W009975_Iceland,3,0
W009975_Poland,0,3
W009976_Montenegro,6,1
W009976_Andorra,1,6
W009977_Greece,1,0
W009977_Faroe Islands,0,1
W009978_Kazakhstan,0,1
W009978_Bulgaria,1,0
W009979_Armenia,0,5
W009979_Romania,5,0
W009980_Luxembourg,2,1
W009980_Albania,1,2
W009981_Zambia,1,2
W009981_Morocco,2,1
W009982_Nigeria,1,0
W009982_South Africa,0,1
W009983_Venezuela,2,0
W009983_Panama,0,2
W009984_Serbia,0,0
W009984_Scotland,0,0
W009985_Slovakia,2,0
W009985_Israel,0,2
W009986_Switzerland,3,1
W009986_Turkey,1,3
W009987_Hungary,1,1
W009987_Azerbaijan,1,1
W009988_Norway,4,0
W009988_Finland,0,4
W009989_Italy,2,0
W009989_Netherlands,0,2
W009990_Czech Republic,1,3
W009990_Denmark,3,1
W009991_Belgium,0,7
W009991_Spain,7,0
W009992_South Korea,3,0
W009992_Philippines,0,3
W009993_France,1,0
W009993_Republic of Ireland,0,1
W009994_Austria,2,3
W009994_Germany,3,2
W009995_England,1,1
W009995_Sweden,1,1
M047138_Northern Mariana Islands,2,2
M047138_Guam,2,2
W009996_Colombia,1,0
W009996_Mexico,0,1
W009997_New Zealand,4,0
W009997_Thailand,0,4
W009998_United States,2,1
W009998_Japan,1,2
W009999_Brazil,1,1
W009999_Canada,1,1
W010000_Northern Mariana Islands,0,3
W010000_Guam,3,0
W010001_Botswana,2,1
W010001_Lesotho,1,2
W010002_Puerto Rico,8,0
W010002_Cayman Islands,0,8
W010003_Nicaragua,0,0
W010003_Cuba,0,0
W010004_Costa Rica,5,1
W010004_Peru,1,5
M047139_Northern Mariana Islands,2,1
M047139_Guam,1,2
W010005_Tunisia,2,2
W010005_Algeria,2,2
W010006_Northern Mariana Islands,2,2
W010006_Guam,2,2
W010007_South Korea,2,1
W010007_Philippines,1,2
W010008_Russia,3,2
W010008_Ecuador,2,3
W010009_Venezuela,3,0
W010009_Panama,0,3
W010010_Bosnia and Herzegovina,1,3
W010010_Northern Ireland,3,1
W010011_Malta,0,2
W010011_Portugal,2,0
W010012_Kosovo,0,6
W010012_Wales,6,0
W010013_Croatia,1,0
W010013_Ukraine,0,1
W010014_Lithuania,1,0
W010014_Cyprus,0,1
W010015_Belarus,3,0
W010015_Georgia,0,3
W010016_North Macedonia,0,5
W010016_Slovenia,5,0
W010017_Moldova,0,1
W010017_Latvia,1,0
W010018_Montenegro,5,1
W010018_Faroe Islands,1,5
W010019_Bulgaria,2,3
W010019_Armenia,3,2
W010020_Israel,2,4
W010020_Serbia,4,2
W010021_Romania,1,0
W010021_Kazakhstan,0,1
W010022_Albania,2,0
W010022_Estonia,0,2
W010023_Morocco,0,2
W010023_Zambia,2,0
W010024_South Africa,0,0
W010024_Nigeria,0,0
W010025_Nicaragua,3,0
W010025_Cuba,0,3
W010026_Botswana,1,1
W010026_Namibia,1,1
W010027_Guatemala,0,3
W010027_Colombia,3,0
W010028_Andorra,0,3
W010028_Greece,3,0
W010029_Turkey,2,1
W010029_Hungary,1,2
W010030_Scotland,1,0
W010030_Slovakia,0,1
W010031_Germany,3,1
W010031_Iceland,1,3
W010032_Azerbaijan,0,4
W010032_Switzerland,4,0
W010033_New Zealand,0,0
W010033_Thailand,0,0
W010034_Mexico,0,2
W010034_Australia,2,0
W010035_Japan,1,1
W010035_Brazil,1,1
W010036_United States,2,2
W010036_Canada,2,2
W010037_Finland,2,1
W010037_Italy,1,2
W010038_Costa Rica,2,1
W010038_Peru,1,2
W010039_Denmark,4,2
W010039_Belgium,2,4
W010040_Spain,3,1
W010040_Czech Republic,1,3
W010041_Sweden,0,1
W010041_France,1,0
W010042_Republic of Ireland,0,2
W010042_England,2,0
W010043_Poland,1,3
W010043_Austria,3,1
W010044_Netherlands,1,0
W010044_Norway,0,1
W010045_Mexico,0,2
W010045_Australia,2,0
M047140_Trinidad and Tobago,2,1
M047140_Guyana,1,2
M047141_Trinidad and Tobago,2,0
M047141_Guyana,0,2
M047142_Guatemala,1,1
M047142_Nicaragua,1,1
M047143_Grenada,0,3
M047143_Saint Vincent and the Grenadines,3,0
W010046_Curacao,2,3
W010046_Aruba,3,2
W010047_Indonesia,5,1
W010047_Singapore,1,5
W010048_Tanzania,3,0
W010048_South Sudan,0,3
W010049_Guatemala,4,3
W010049_Chile,3,4
W010050_Aruba,1,2
W010050_Trinidad and Tobago,2,1
W010051_Mali,9,0
W010051_Seychelles,0,9
W010052_Morocco,2,1
W010052_DR Congo,1,2
W010053_Venezuela,0,2
W010053_Colombia,2,0
W010054_Iran,0,3
W010054_Belarus,3,0
M047144_Costa Rica,0,0
M047144_Uruguay,0,0
M047145_Bolivia,0,1
M047145_Mexico,1,0
W010055_Uzbekistan,3,0
W010055_India,0,3
W010056_Seychelles,1,5
W010056_South Sudan,5,1
W010057_Netherlands,1,0
W010057_Finland,0,1
W010058_Curacao,1,3
W010058_Trinidad and Tobago,3,1
W010059_Uruguay,1,1
W010059_Russia,1,1
W010060_Bolivia,1,2
W010060_El Salvador,2,1
W010061_Tanzania,2,2
W010061_Mali,2,2
W010062_Bangladesh,0,4
W010062_Taiwan,4,0
W010063_Norway,0,0
W010063_Italy,0,0
W010064_Argentina,2,0
W010064_Costa Rica,0,2
W010065_Australia,1,1
W010065_China PR,1,1
W010066_Estonia,1,2
W010066_Albania,2,1
W010067_Romania,1,0
W010067_Bulgaria,0,1
W010068_Armenia,2,1
W010068_Kazakhstan,1,2
W010069_Faroe Islands,4,0
W010069_Andorra,0,4
W010070_Greece,2,2
W010070_Montenegro,2,2
W010071_Slovenia,6,0
W010071_Latvia,0,6
W010072_North Macedonia,1,1
W010072_Moldova,1,1
W010073_Japan,2,0
W010073_New Zealand,0,2
W010074_Lithuania,0,3
W010074_Belarus,3,0
W010075_England,1,2
W010075_France,2,1
W010076_Republic of Ireland,0,3
W010076_Sweden,3,0
W010077_Denmark,0,2
W010077_Spain,2,0
W010078_Czech Republic,1,2
W010078_Belgium,2,1
W010079_Germany,4,1
W010079_Poland,1,4
W010080_Turkey,1,0
W010080_Azerbaijan,0,1
W010081_Austria,1,1
W010081_Iceland,1,1
W010082_Cyprus,0,2
W010082_Georgia,2,0
W010083_Serbia,2,1
W010083_Slovakia,1,2
W010084_Scotland,4,1
W010084_Israel,1,4
W010085_Malta,0,1
W010085_Bosnia and Herzegovina,1,0
W010086_Portugal,4,0
W010086_Northern Ireland,0,4
W010087_Kosovo,0,1
W010087_Croatia,1,0
W010088_Wales,1,1
W010088_Ukraine,1,1
W010089_Switzerland,2,1
W010089_Hungary,1,2
M047146_Greenland,0,5
M047146_Turkmenistan,5,0
W010090_Canada,2,0
W010090_Mexico,0,2
W010091_Bahrain,0,1
W010091_Palestine,1,0
W010092_Guatemala,1,6
W010092_Chile,6,1
W010093_Senegal,1,1
W010093_South Africa,1,1
W010094_Curacao,0,0
W010094_Aruba,0,0
W010095_Brazil,4,0
W010095_Jamaica,0,4
W010096_United States,4,0
W010096_South Korea,0,4
M047147_Indonesia,0,0
M047147_Tanzania,0,0
W010097_Nicaragua,1,0
W010097_Peru,0,1
W010098_Iran,0,1
W010098_Belarus,1,0
W010099_Trinidad and Tobago,0,1
W010099_Aruba,1,0
W010100_Venezuela,0,3
W010100_Colombia,3,0
M047148_Gibraltar,0,2
M047148_Scotland,2,0
M047149_Croatia,3,0
M047149_North Macedonia,0,3
M047150_England,3,0
M047150_Bosnia and Herzegovina,0,3
M047151_Germany,0,0
M047151_Ukraine,0,0
M047152_Albania,3,0
M047152_Liechtenstein,0,3
W010101_Japan,4,1
W010101_New Zealand,1,4
W010102_Argentina,2,0
W010102_Costa Rica,0,2
W010103_Bangladesh,0,1
W010103_Taiwan,1,0
W010104_Bolivia,0,2
W010104_El Salvador,2,0
W010105_Australia,2,0
W010105_China PR,0,2
W010106_Morocco,3,2
W010106_DR Congo,2,3
W010107_Curacao,3,0
W010107_Trinidad and Tobago,0,3
W010108_Uruguay,2,1
W010108_Russia,1,2
M047153_Austria,2,1
M047153_Serbia,1,2
M047154_Italy,0,0
M047154_Turkey,0,0
M047155_Portugal,4,2
M047155_Finland,2,4
M047156_Republic of Ireland,2,1
M047156_Hungary,1,2
M047157_Romania,0,0
M047157_Bulgaria,0,0
M047158_Slovenia,2,1
M047158_Armenia,1,2
M047159_Switzerland,4,0
M047159_Estonia,0,4
W010109_Azerbaijan,1,0
W010109_Turkey,0,1
W010110_Kazakhstan,4,1
W010110_Armenia,1,4
W010111_Bulgaria,0,3
W010111_Romania,3,0
W010112_Albania,3,1
W010112_Luxembourg,1,3
W010113_Canada,1,1
W010113_Mexico,1,1
W010114_Uzbekistan,0,0
W010114_India,0,0
W010115_Bahrain,1,2
W010115_Palestine,2,1
W010116_Senegal,0,2
W010116_South Africa,2,0
W010117_Sápmi,2,0
W010117_Székely Land,0,2
W010118_Tamil Eelam,2,2
W010118_Székely Land,2,2
W010119_Hungary,1,0
W010119_Switzerland,0,1
W010120_Andorra,1,5
W010120_Montenegro,5,1
W010121_Faroe Islands,0,2
W010121_Greece,2,0
W010122_Brazil,4,0
W010122_Jamaica,0,4
W010123_Latvia,0,4
W010123_Slovenia,4,0
W010124_Belgium,1,1
W010124_Czech Republic,1,1
W010125_Moldova,2,4
W010125_North Macedonia,4,2
W010126_Spain,3,2
W010126_Denmark,2,3
W010127_Sweden,1,0
W010127_Republic of Ireland,0,1
W010128_France,1,2
W010128_England,2,1
W010129_Israel,0,5
W010129_Scotland,5,0
W010130_Poland,1,3
W010130_Germany,3,1
W010131_Italy,1,1
W010131_Norway,1,1
W010132_Iceland,2,1
W010132_Austria,1,2
W010133_Bosnia and Herzegovina,2,1
W010133_Malta,1,2
W010134_Northern Ireland,1,2
W010134_Portugal,2,1
W010135_Ukraine,2,2
W010135_Wales,2,2
W010136_Croatia,2,0
W010136_Kosovo,0,2
W010137_Georgia,1,0
W010137_Cyprus,0,1
W010138_Slovakia,0,4
W010138_Serbia,4,0
W010139_Finland,1,1
W010139_Netherlands,1,1
M047160_Sierra Leone,2,1
M047160_Djibouti,1,2
M047161_Spain,5,0
M047161_Andorra,0,5
M047162_Central African Republic,1,0
M047162_Chad,0,1
M047163_Namibia,1,1
M047163_Liberia,1,1
M047164_Tunisia,1,0
M047164_Equatorial Guinea,0,1
M047165_Antigua and Barbuda,1,1
M047165_Bermuda,1,1
M047166_Trinidad and Tobago,2,2
M047166_Grenada,2,2
M047167_Curaçao,4,1
M047167_Barbados,1,4
M047168_Suriname,4,1
M047168_Saint Vincent and the Grenadines,1,4
M047169_Nicaragua,4,1
M047169_Montserrat,1,4
M047170_Guatemala,6,0
M047170_Dominica,0,6
M047171_San Marino,0,4
M047171_Slovakia,4,0
M047172_Togo,1,1
M047172_South Sudan,1,1
M047173_Norway,3,0
M047173_Kosovo,0,3
M047174_France,3,0
M047174_Luxembourg,0,3
M047175_Denmark,2,1
M047175_Sweden,1,2
M047176_Belgium,2,0
M047176_Montenegro,0,2
M047177_Mexico,0,4
M047177_Uruguay,4,0
W010140_Nicaragua,1,0
W010140_Peru,0,1
W010141_Sápmi,2,0
W010141_Tamil Eelam,0,2
W010142_Székely Land,0,1
W010142_Tamil Eelam,1,0
W010143_United States,3,0
W010143_South Korea,0,3
M047178_Vietnam,3,2
M047178_Philippines,2,3
M047179_Indonesia,0,2
M047179_Iraq,2,0
M047180_Hong Kong,2,4
M047180_Iran,4,2
M047181_Pakistan,0,3
M047181_Saudi Arabia,3,0
M047182_Uzbekistan,3,1
M047182_Turkmenistan,1,3
M047183_Kyrgyzstan,1,1
M047183_Malaysia,1,1
M047184_Taiwan,0,3
M047184_Oman,3,0
M047185_Jordan,3,0
M047185_Tajikistan,0,3
M047186_Nepal,0,4
M047186_United Arab Emirates,4,0
M047187_Panama,2,0
M047187_Guyana,0,2
M047188_Bangladesh,0,2
M047188_Australia,2,0
M047189_El Salvador,0,0
M047189_Puerto Rico,0,0
M047190_Jamaica,1,0
M047190_Dominican Republic,0,1
M047191_Haiti,2,1
M047191_Saint Lucia,1,2
M047192_Costa Rica,4,0
M047192_Saint Kitts and Nevis,0,4
M047193_Palestine,0,0
M047193_Lebanon,0,0
M047194_Honduras,3,1
M047194_Cuba,1,3
M047195_Singapore,0,7
M047195_South Korea,7,0
M047196_Bahrain,0,0
M047196_Yemen,0,0
M047197_China PR,1,1
M047197_Thailand,1,1
M047198_Gibraltar,0,0
M047198_Wales,0,0
M047199_Myanmar,0,5
M047199_Japan,5,0
M047200_Netherlands,4,0
M047200_Canada,0,4
M047201_Guinea-Bissau,0,0
M047201_Ethiopia,0,0
M047202_Egypt,2,1
M047202_Burkina Faso,1,2
M047203_Mauritania,0,2
M047203_Sudan,2,0
M047204_Senegal,1,1
M047204_DR Congo,1,1
M047205_North Korea,1,0
M047205_Syria,0,1
M047206_Libya,2,1
M047206_Mauritius,1,2
M047207_Algeria,1,2
M047207_Guinea,2,1
M047208_Malawi,3,1
M047208_São Tomé and Príncipe,1,3
M047209_Mali,1,2
M047209_Ghana,2,1
M047210_Afghanistan,0,0
M047210_Qatar,0,0
M047211_India,0,0
M047211_Kuwait,0,0
M047212_Benin,1,0
M047212_Rwanda,0,1
W010144_Sápmi,8,0
W010144_Tamil Eelam,0,8
W010145_Sápmi,3,0
W010145_Székely Land,0,3
M047213_Scotland,2,2
M047213_Finland,2,2
M047214_Zimbabwe,0,2
M047214_Lesotho,2,0
M047215_Nigeria,1,1
M047215_South Africa,1,1
M047216_Angola,1,0
M047216_Eswatini,0,1
M047217_Morocco,2,1
M047217_Zambia,1,2
M047218_Mozambique,2,1
M047218_Somalia,1,2
M047219_Ivory Coast,1,0
M047219_Gabon,0,1
M047220_Uganda,1,0
M047220_Botswana,0,1
M047221_Madagascar,2,1
M047221_Comoros,1,2
M047222_Romania,0,0
M047222_Liechtenstein,0,0
M047223_Kenya,1,1
M047223_Burundi,1,1
M047224_Poland,3,1
M047224_Ukraine,1,3
M047225_Cambodia,2,0
M047225_Mongolia,0,2
M047226_Germany,2,1
M047226_Greece,1,2
M047227_England,0,1
M047227_Iceland,1,0
M047228_Czech Republic,7,1
M047228_Malta,1,7
M047229_Belarus,0,4
M047229_Russia,4,0
M047230_Armenia,2,1
M047230_Kazakhstan,1,2
M047231_Albania,3,1
M047231_Azerbaijan,1,3
M047232_Peru,0,0
M047232_Paraguay,0,0
M047233_Sweden,0,3
M047233_Serbia,3,0
M047234_Switzerland,1,1
M047234_Austria,1,1
M047235_United States,1,5
M047235_Colombia,5,1
M047236_Cameroon,4,1
M047236_Cape Verde,1,4
M047237_Anguilla,0,4
M047237_Suriname,4,0
M047238_Belize,0,4
M047238_Nicaragua,4,0
M047239_British Virgin Islands,0,3
M047239_Guatemala,3,0
M047240_Aruba,0,2
M047240_Curaçao,2,0
M047241_Bahamas,1,7
M047241_Trinidad and Tobago,7,1
M047242_Spain,5,1
M047242_Northern Ireland,1,5
M047243_Cayman Islands,1,0
M047243_Antigua and Barbuda,0,1
M047244_Slovenia,1,1
M047244_Bulgaria,1,1
M047245_Gambia,5,1
M047245_Seychelles,1,5
M047246_Moldova,3,2
M047246_Cyprus,2,3
M047247_Portugal,1,2
M047247_Croatia,2,1
M047248_Brunei,1,0
M047248_Sri Lanka,0,1
M047249_Latvia,0,2
M047249_Lithuania,2,0
M047250_Belgium,3,0
M047250_Luxembourg,0,3
M047251_Denmark,3,1
M047251_Norway,1,3
M047252_Hungary,3,0
M047252_Israel,0,3
M047253_Mexico,2,3
M047253_Brazil,3,2
M047254_Estonia,4,1
M047254_Faroe Islands,1,4
W010146_Bahrain,2,3
W010146_Indonesia,3,2
W010147_Sápmi,2,1
W010147_Tamil Eelam,1,2
M047255_Saint Vincent and the Grenadines,1,3
M047255_El Salvador,3,1
M047256_São Tomé and Príncipe,0,1
M047256_Liberia,1,0
M047257_Dominica,2,3
M047257_Jamaica,3,2
M047258_Montserrat,1,3
M047258_Panama,3,1
M047259_Barbados,1,3
M047259_Haiti,3,1
M047260_Grenada,0,3
M047260_Costa Rica,3,0
M047261_Bermuda,1,6
M047261_Honduras,6,1
M047262_Namibia,0,0
M047262_Tunisia,0,0
M047263_DR Congo,1,0
M047263_Togo,0,1
M047264_Montenegro,1,3
M047264_Georgia,3,1
M047265_Djibouti,1,1
M047265_Ethiopia,1,1
M047266_Slovakia,4,0
M047266_Wales,0,4
M047267_Italy,1,0
M047267_Bosnia and Herzegovina,0,1
M047268_France,0,0
M047268_Canada,0,0
M047269_Argentina,1,0
M047269_Ecuador,0,1
M047270_Mauritania,0,1
M047270_Senegal,1,0
M047271_Guinea,0,1
M047271_Mozambique,1,0
M047272_Equatorial Guinea,1,0
M047272_Malawi,0,1
M047273_Ghana,4,3
M047273_Central African Republic,3,4
M047274_Uganda,1,2
M047274_Algeria,2,1
M047275_Somalia,1,3
M047275_Botswana,3,1
M047276_Benin,2,1
M047276_Nigeria,1,2
M047277_Poland,2,1
M047277_Turkey,1,2
M047278_Guinea-Bissau,1,1
M047278_Egypt,1,1
M047279_Netherlands,4,0
M047279_Iceland,0,4
M047280_Czech Republic,2,1
M047280_North Macedonia,1,2
M047281_Burkina Faso,2,2
M047281_Sierra Leone,2,2
M047282_Qatar,2,1
M047282_India,1,2
M047283_Japan,5,0
M047283_Syria,0,5
M047284_North Korea,4,1
M047284_Myanmar,1,4
M047285_Thailand,3,1
M047285_Singapore,1,3
M047286_South Korea,1,0
M047286_China PR,0,1
M047287_Oman,1,1
M047287_Kyrgyzstan,1,1
M047288_Malaysia,3,1
M047288_Taiwan,1,3
M047289_Turkmenistan,0,0
M047289_Hong Kong,0,0
M047290_Iran,0,0
M047290_Uzbekistan,0,0
M047291_Indonesia,2,0
M047291_Philippines,0,2
M047292_Iraq,3,1
M047292_Vietnam,1,3
M047293_Saudi Arabia,1,2
M047293_Jordan,2,1
M047294_United Arab Emirates,1,1
M047294_Bahrain,1,1
M047295_Yemen,2,2
M047295_Nepal,2,2
M047296_Lebanon,4,0
M047296_Bangladesh,0,4
M047297_Australia,5,0
M047297_Palestine,0,5
M047298_Cuba,3,0
M047298_Cayman Islands,0,3
M047299_Saint Kitts and Nevis,1,0
M047299_Bahamas,0,1
M047300_Saint Lucia,2,2
M047300_Aruba,2,2
M047301_Guyana,3,1
M047301_Belize,1,3
M047302_Puerto Rico,8,0
M047302_Anguilla,0,8
M047303_Dominican Republic,4,0
M047303_British Virgin Islands,0,4
M047304_Kuwait,1,0
M047304_Afghanistan,0,1
M047305_Tajikistan,3,0
M047305_Pakistan,0,3
M047306_Chad,0,2
M047306_Comoros,2,0
M047307_Cape Verde,1,0
M047307_Libya,0,1
M047308_Seychelles,1,3
M047308_Burundi,3,1
M047309_Madagascar,0,0
M047309_Mali,0,0
M047310_Latvia,1,0
M047310_Faroe Islands,0,1
M047311_Lithuania,1,1
M047311_Estonia,1,1
M047312_Brunei,1,0
M047312_Sri Lanka,0,1
M047313_Andorra,0,2
M047313_Northern Ireland,2,0
M047314_Azerbaijan,3,2
M047314_Kazakhstan,2,3
M047315_Chile,3,0
M047315_Paraguay,0,3
M047316_Israel,4,0
M047316_Belarus,0,4
M047317_Moldova,0,4
M047317_Ukraine,4,0
M047318_Mongolia,2,1
M047318_Cambodia,1,2
M047319_Greece,2,0
M047319_Malta,0,2
M047320_San Marino,1,4
M047320_Cyprus,4,1
M047321_Gabon,3,2
M047321_Gambia,2,3
M047322_Kenya,0,0
M047322_Ivory Coast,0,0
M047323_Portugal,3,0
M047323_Republic of Ireland,0,3
M047324_Zambia,0,1
M047324_Tanzania,1,0
M047325_Angola,1,1
M047325_Cameroon,1,1
M047326_Morocco,6,0
M047326_Congo,0,6
M047327_South Africa,3,1
M047327_Zimbabwe,1,3
M047328_Lesotho,0,1
M047328_Rwanda,1,0
M047329_South Sudan,0,3
M047329_Sudan,3,0
M047330_Mauritius,2,1
M047330_Eswatini,1,2
W010148_Bahrain,0,3
W010148_Indonesia,3,0
M047331_Ecuador,3,1
M047331_Bolivia,1,3
M047332_United States,1,1
M047332_Brazil,1,1
M047333_Germany,5,1
M047333_Scotland,1,5
M047334_Argentina,4,1
M047334_Guatemala,1,4
M047335_El Salvador,0,1
M047335_Peru,1,0
M047336_Colombia,3,0
M047336_Bolivia,0,3
M047337_Italy,2,1
M047337_Albania,1,2
M047338_Vanuatu,1,0
M047338_Solomon Islands,0,1
M047339_Hungary,1,3
M047339_Switzerland,3,1
M047340_Spain,3,0
M047340_Croatia,0,3
M047341_Ecuador,2,1
M047341_Honduras,1,2
M047342_Slovenia,1,1
M047342_Denmark,1,1
M047343_Serbia,0,1
M047343_England,1,0
M047344_Poland,1,2
M047344_Netherlands,2,1
M047345_Panama,0,1
M047345_Paraguay,1,0
M047346_Tahiti,2,0
M047346_Samoa,0,2
M047347_Fiji,5,1
M047347_Papua New Guinea,1,5
M047348_Austria,0,1
M047348_France,1,0
M047349_Romania,3,0
M047349_Ukraine,0,3
M047350_Belgium,0,1
M047350_Slovakia,1,0
M047351_Turkey,3,1
M047351_Georgia,1,3
M047352_Portugal,2,1
M047352_Czech Republic,1,2
M047353_New Zealand,3,0
M047353_Solomon Islands,0,3
M047354_Papua New Guinea,1,1
M047354_Tahiti,1,1
M047355_Fiji,9,1
M047355_Samoa,1,9
M047356_Croatia,2,2
M047356_Albania,2,2
M047357_Germany,2,0
M047357_Hungary,0,2
M047358_Scotland,1,1
M047358_Switzerland,1,1
M047359_Spain,1,0
M047359_Italy,0,1
M047360_Slovenia,1,1
M047360_Serbia,1,1
M047361_Denmark,1,1
M047361_England,1,1
M047362_Argentina,2,0
M047362_Canada,0,2
M047363_Peru,0,0
M047363_Chile,0,0
M047364_Vanuatu,0,4
M047364_New Zealand,4,0
M047365_Slovakia,1,2
M047365_Ukraine,2,1
M047366_Poland,1,3
M047366_Austria,3,1
M047367_Netherlands,0,0
M047367_France,0,0
M047368_Ecuador,1,2
M047368_Venezuela,2,1
M047369_Belgium,2,0
M047369_Romania,0,2
M047370_Turkey,0,3
M047370_Portugal,3,0
M047371_Samoa,1,2
M047371_Papua New Guinea,2,1
M047372_Fiji,1,0
M047372_Tahiti,0,1
M047373_Mexico,1,0
M047373_Jamaica,0,1
M047374_Georgia,1,1
M047374_Czech Republic,1,1
M047375_Germany,1,1
M047375_Switzerland,1,1
M047376_Scotland,0,1
M047376_Hungary,1,0
M047377_United States,2,0
M047377_Bolivia,0,2
M047378_Uruguay,3,1
M047378_Panama,1,3
M047379_Brazil,0,0
M047379_Costa Rica,0,0
M047380_Albania,0,1
M047380_Spain,1,0
M047381_Croatia,1,1
M047381_Italy,1,1
M047382_Colombia,2,1
M047382_Paraguay,1,2
M047383_Chile,0,1
M047383_Argentina,1,0
M047384_Peru,0,1
M047384_Canada,1,0
M047385_Netherlands,2,3
M047385_Austria,3,2
M047386_France,1,1
M047386_Poland,1,1
M047387_England,0,0
M047387_Slovenia,0,0
M047388_Denmark,0,0
M047388_Serbia,0,0
M047389_Ecuador,3,1
M047389_Jamaica,1,3
M047390_Czech Republic,1,2
M047390_Turkey,2,1
M047391_Georgia,2,0
M047391_Portugal,0,2
M047392_Venezuela,1,0
M047392_Mexico,0,1
M047393_Slovakia,1,1
M047393_Romania,1,1
M047394_Ukraine,0,0
M047394_Belgium,0,0
M047395_United States,1,2
M047395_Panama,2,1
M047396_Vanuatu,2,1
M047396_Fiji,1,2
M047397_New Zealand,5,0
M047397_Tahiti,0,5
M047398_Uruguay,5,0
M047398_Bolivia,0,5
M047399_Colombia,3,0
M047399_Costa Rica,0,3
M047400_Paraguay,1,4
M047400_Brazil,4,1
M047401_Canada,0,0
M047401_Chile,0,0
M047402_Argentina,2,0
M047402_Peru,0,2
M047403_Germany,2,0
M047403_Denmark,0,2
M047404_Switzerland,2,0
M047404_Italy,0,2
M047405_Jamaica,0,3
M047405_Venezuela,3,0
M047406_Mexico,0,0
M047406_Ecuador,0,0
M047407_Vanuatu,0,3
M047407_New Zealand,3,0
M047408_Tahiti,2,1
M047408_Fiji,1,2
M047409_Spain,4,1
M047409_Georgia,1,4
M047410_England,2,1
M047410_Slovakia,1,2
M047411_United States,0,1
M047411_Uruguay,1,0
M047412_Portugal,0,0
M047412_Slovenia,0,0
M047413_Bolivia,1,3
M047413_Panama,3,1
M047414_France,1,0
M047414_Belgium,0,1
M047415_Austria,1,2
M047415_Turkey,2,1
M047416_Brazil,1,1
M047416_Colombia,1,1
M047417_Romania,0,3
M047417_Netherlands,3,0
M047418_Costa Rica,2,1
M047418_Paraguay,1,2
M047419_Argentina,1,1
M047419_Ecuador,1,1
M047420_Germany,1,2
M047420_Spain,2,1
M047421_Portugal,0,0
M047421_France,0,0
M047422_Venezuela,1,1
M047422_Canada,1,1
M047423_England,1,1
M047423_Switzerland,1,1
M047424_Netherlands,2,1
M047424_Turkey,1,2
M047425_Uruguay,0,0
M047425_Brazil,0,0
M047426_Colombia,5,0
M047426_Panama,0,5
M047427_Spain,2,1
M047427_France,1,2
M047428_Argentina,2,0
M047428_Canada,0,2
M047429_Netherlands,1,2
M047429_England,2,1
M047430_Uruguay,0,1
M047430_Colombia,1,0
W010149_Argentina,0,2
W010149_Uruguay,2,0
W010150_Liechtenstein,1,1
W010150_Namibia,1,1
W010151_Hong Kong,3,2
W010151_Indonesia,2,3
W010152_Tunisia,0,5
W010152_Tanzania,5,0
W010153_Georgia,0,2
W010153_Belarus,2,0
W010154_Malta,0,2
W010154_Northern Ireland,2,0
W010155_Austria,3,1
W010155_Poland,1,3
W010156_Iceland,3,0
W010156_Germany,0,3
W010157_Azerbaijan,0,5
W010157_Hungary,5,0
W010158_Turkey,0,2
W010158_Switzerland,2,0
W010159_Slovakia,0,2
W010159_Scotland,2,0
W010160_Serbia,1,0
W010160_Israel,0,1
W010161_Bosnia and Herzegovina,0,0
W010161_Portugal,0,0
W010162_Belgium,0,3
W010162_Denmark,3,0
W010163_Kosovo,0,4
W010163_Ukraine,4,0
W010164_Croatia,0,3
W010164_Wales,3,0
W010165_Czech Republic,2,1
W010165_Spain,1,2
W010166_Cyprus,1,2
W010166_Lithuania,2,1
W010167_France,2,1
W010167_Sweden,1,2
W010168_North Macedonia,1,2
W010168_Latvia,2,1
W010169_Faroe Islands,2,1
W010169_Montenegro,1,2
W010170_Greece,6,0
W010170_Andorra,0,6
W010171_Kazakhstan,0,3
W010171_Romania,3,0
W010172_Armenia,1,3
W010172_Bulgaria,3,1
W010173_Luxembourg,1,1
W010173_Estonia,1,1
W010174_Netherlands,0,0
W010174_Italy,0,0
W010175_Finland,1,1
W010175_Norway,1,1
W010176_Paraguay,1,4
W010176_Chile,4,1
W010177_Senegal,1,0
W010177_DR Congo,0,1
W010178_Russia,0,3
W010178_North Korea,3,0
W010179_Myanmar,1,1
W010179_India,1,1
W010180_Moldova,0,5
W010180_Slovenia,5,0
W010181_England,2,1
W010181_Republic of Ireland,1,2
M047431_Canada,2,2
M047431_Uruguay,2,2
W010182_Argentina,1,1
W010182_Uruguay,1,1
W010183_Japan,4,0
W010183_Ghana,0,4
W010184_Colombia,1,2
W010184_Ecuador,2,1
W010185_Botswana,0,0
W010185_Tanzania,0,0
W010186_New Zealand,1,1
W010186_Zambia,1,1
W010187_United States,1,0
W010187_Mexico,0,1
M047432_Spain,2,1
M047432_England,1,2
M047433_Argentina,1,0
M047433_Colombia,0,1
W010188_Hong Kong,4,1
W010188_Indonesia,1,4
W010189_Liechtenstein,0,2
W010189_Namibia,2,0
W010190_Paraguay,0,5
W010190_Chile,5,0
W010191_Portugal,3,1
W010191_Malta,1,3
W010192_Latvia,2,1
W010192_Moldova,1,2
W010193_Belarus,5,0
W010193_Cyprus,0,5
W010194_Ukraine,2,0
W010194_Croatia,0,2
W010195_Wales,2,0
W010195_Kosovo,0,2
W010196_Northern Ireland,2,0
W010196_Bosnia and Herzegovina,0,2
W010197_Israel,2,2
W010197_Slovakia,2,2
W010198_Scotland,1,0
W010198_Serbia,0,1
W010199_Hungary,1,4
W010199_Turkey,4,1
W010200_Lithuania,0,1
W010200_Georgia,1,0
W010201_Switzerland,3,0
W010201_Azerbaijan,0,3
W010202_Germany,4,0
W010202_Austria,0,4
W010203_Republic of Ireland,3,1
W010203_France,1,3
W010204_Sweden,0,0
W010204_England,0,0
W010205_Denmark,2,0
W010205_Czech Republic,0,2
W010206_Italy,4,0
W010206_Finland,0,4
W010207_Norway,1,1
W010207_Netherlands,1,1
W010208_United States,0,0
W010208_Costa Rica,0,0
W010209_Poland,0,1
W010209_Iceland,1,0
W010210_Slovenia,4,0
W010210_North Macedonia,0,4
W010211_Spain,2,0
W010211_Belgium,0,2
W010212_Andorra,0,4
W010212_Faroe Islands,4,0
W010213_Romania,3,1
W010213_Armenia,1,3
W010214_Bulgaria,0,0
W010214_Kazakhstan,0,0
W010215_Estonia,1,1
W010215_Luxembourg,1,1
W010216_Montenegro,2,3
W010216_Greece,3,2
W010217_El Salvador,3,0
W010217_Peru,0,3
W010218_Bhutan,1,5
W010218_Bangladesh,5,1
W010219_Nigeria,0,1
W010219_Brazil,1,0
W010220_Spain,2,1
W010220_Japan,1,2
W010221_United States,3,0
W010221_Zambia,0,3
W010222_Germany,3,0
W010222_Australia,0,3
W010223_Canada,2,1
W010223_New Zealand,1,2
W010224_France,3,2
W010224_Colombia,2,3
M047434_Jordan,0,0
M047434_North Korea,0,0
M047435_Guatemala,0,1
M047435_El Salvador,1,0
W010225_Bhutan,2,4
W010225_Bangladesh,4,2
W010226_Spain,1,0
W010226_Nigeria,0,1
W010227_Brazil,1,2
W010227_Japan,2,1
W010228_United States,4,1
W010228_Germany,1,4
W010229_Australia,6,5
W010229_Zambia,5,6
W010230_France,1,2
W010230_Canada,2,1
W010231_New Zealand,0,2
W010231_Colombia,2,0
W010232_Japan,3,1
W010232_Nigeria,1,3
W010233_France,2,1
W010233_New Zealand,1,2
W010234_Colombia,0,1
W010234_Canada,1,0
W010235_Brazil,0,2
W010235_Spain,2,0
W010236_Zambia,1,4
W010236_Germany,4,1
W010237_Australia,1,2
W010237_United States,2,1
W010238_United States,1,0
W010238_Japan,0,1
W010239_France,0,1
W010239_Brazil,1,0
W010240_Canada,0,0
W010240_Germany,0,0
W010241_Spain,2,2
W010241_Colombia,2,2
W010242_Thailand,2,1
W010242_Taiwan,1,2
W010243_Brazil,4,2
W010243_Spain,2,4
W010244_United States,1,0
W010244_Germany,0,1
W010245_Spain,0,1
W010245_Germany,1,0
W010246_Brazil,0,1
W010246_United States,1,0
W010247_Cuba,2,0
W010247_Belize,0,2
W010248_Cuba,1,0
W010248_Belize,0,1
M047436_Jordan,2,1
M047436_North Korea,1,2
M047437_Guatemala,1,1
M047437_Uruguay,1,1
M047438_Fiji,1,1
M047438_Hong Kong,1,1
M047439_Fiji,1,0
M047439_Solomon Islands,0,1
M047440_India,0,0
M047440_Mauritius,0,0
M047441_United States Virgin Islands,3,3
M047441_Bahamas,3,3
M047442_Gibraltar,1,0
M047442_Andorra,0,1
M047443_Lebanon,1,0
M047443_Tajikistan,0,1
M047444_Malaysia,2,1
M047444_Philippines,1,2
M047445_Comoros,1,1
M047445_Gambia,1,1
M047446_Libya,1,1
M047446_Rwanda,1,1
M047447_Sudan,1,0
M047447_Niger,0,1
M047448_Tanzania,0,0
M047448_Ethiopia,0,0
M047449_Turks and Caicos Islands,0,2
M047449_Anguilla,2,0
M047450_Cayman Islands,1,0
M047450_British Virgin Islands,0,1
M047451_Bolivia,4,0
M047451_Venezuela,0,4
M047452_San Marino,1,0
M047452_Liechtenstein,0,1
M047453_Belarus,0,0
M047453_Bulgaria,0,0
M047454_Denmark,2,0
M047454_Switzerland,0,2
M047455_Estonia,0,1
M047455_Slovakia,1,0
M047456_Azerbaijan,1,3
M047456_Sweden,3,1
M047457_Argentina,3,0
M047457_Chile,0,3
M047458_Northern Ireland,2,0
M047458_Luxembourg,0,2
M047459_Qatar,1,3
M047459_United Arab Emirates,3,1
M047460_Japan,7,0
M047460_China PR,0,7
M047461_Iran,1,0
M047461_Kyrgyzstan,0,1
M047462_Iraq,1,0
M047462_Oman,0,1
M047463_South Korea,0,0
M047463_Palestine,0,0
M047464_Jordan,1,1
M047464_Kuwait,1,1
M047465_Serbia,0,0
M047465_Spain,0,0
M047466_Australia,0,1
M047466_Bahrain,1,0
M047467_Saudi Arabia,1,1
M047467_Indonesia,1,1
M047468_Uzbekistan,1,0
M047468_North Korea,0,1
M047469_Scotland,2,3
M047469_Poland,3,2
M047470_Montserrat,1,4
M047470_El Salvador,4,1
M047471_Central African Republic,3,1
M047471_Lesotho,1,3
M047472_Bhutan,0,1
M047472_Bangladesh,1,0
M047473_Vietnam,0,3
M047473_Russia,3,0
M047474_Sri Lanka,0,0
M047474_Cambodia,0,0
M047475_Timor-Leste,4,1
M047475_Mongolia,1,4
M047476_Tunisia,1,0
M047476_Madagascar,0,1
M047477_Portugal,2,1
M047477_Croatia,1,2
M047478_Algeria,2,0
M047478_Equatorial Guinea,0,2
M047479_Hong Kong,3,0
M047479_Solomon Islands,0,3
M047480_Ghana,0,1
M047480_Angola,1,0
M047481_Congo,1,0
M047481_South Sudan,0,1
M047482_Malawi,2,3
M047482_Burundi,3,2
M047483_Guyana,1,3
M047483_Suriname,3,1
M047484_Costa Rica,3,0
M047484_Guadeloupe,0,3
M047485_Guatemala,3,1
M047485_Martinique,1,3
M047486_Bonaire,1,1
M047486_Saint Vincent and the Grenadines,1,1
M047487_Guinea-Bissau,1,0
M047487_Eswatini,0,1
M047488_Slovenia,1,1
M047488_Austria,1,1
M047489_Kazakhstan,0,0
M047489_Norway,0,0
M047490_Puerto Rico,1,4
M047490_Haiti,4,1
M047491_Belgium,3,1
M047491_Israel,1,3
M047492_Iceland,2,0
M047492_Montenegro,0,2
M047493_France,1,3
M047493_Italy,3,1
M047494_Wales,0,0
M047494_Turkey,0,0
M047495_Sint Maarten,2,0
M047495_Aruba,0,2
M047496_Lithuania,0,1
M047496_Cyprus,1,0
M047497_Cook Islands,1,3
M047497_Tonga,3,1
M047498_Samoa,2,0
M047498_American Samoa,0,2
M047499_Peru,1,1
M047499_Colombia,1,1
M047500_Uruguay,0,0
M047500_Paraguay,0,0
M047501_Brazil,1,0
M047501_Ecuador,0,1
M047502_Kosovo,0,3
M047502_Romania,3,0
M047503_Grenada,2,0
M047503_Saint Martin,0,2
M047504_Morocco,4,1
M047504_Gabon,1,4
M047505_Honduras,4,0
M047505_Trinidad and Tobago,0,4
M047506_Syria,2,0
M047506_Mauritius,0,2
M047507_Brunei,3,0
M047507_Macau,0,3
M047508_Egypt,3,0
M047508_Cape Verde,0,3
M047509_Togo,1,1
M047509_Liberia,1,1
M047510_Sierra Leone,0,0
M047510_Chad,0,0
M047511_Ivory Coast,2,0
M047511_Zambia,0,2
M047512_Saint Lucia,2,1
M047512_Curaçao,1,2
M047513_Mali,1,1
M047513_Mozambique,1,1
M047514_Kenya,0,0
M047514_Zimbabwe,0,0
M047515_South Africa,2,2
M047515_Uganda,2,2
M047516_Senegal,1,1
M047516_Burkina Faso,1,1
M047517_French Guiana,0,1
M047517_Nicaragua,1,0
M047518_Jamaica,0,0
M047518_Cuba,0,0
M047519_DR Congo,1,0
M047519_Guinea,0,1
M047520_Netherlands,5,2
M047520_Bosnia and Herzegovina,2,5
M047521_Georgia,4,1
M047521_Czech Republic,1,4
M047522_Ukraine,1,2
M047522_Albania,2,1
M047523_Republic of Ireland,0,2
M047523_England,2,0
M047524_Armenia,4,1
M047524_Latvia,1,4
M047525_Faroe Islands,1,1
M047525_North Macedonia,1,1
M047526_Moldova,2,0
M047526_Malta,0,2
M047527_Germany,5,0
M047527_Hungary,0,5
M047528_Greece,3,0
M047528_Finland,0,3
M047529_Cayman Islands,1,4
M047529_Saint Kitts and Nevis,4,1
M047530_Cameroon,1,0
M047530_Namibia,0,1
M047531_Bahamas,2,3
M047531_Barbados,3,2
M047532_Antigua and Barbuda,1,2
M047532_Dominica,2,1
M047533_Bermuda,2,3
M047533_Dominican Republic,3,2
M047534_Nigeria,3,0
M047534_Benin,0,3
M047535_Mauritania,1,0
M047535_Botswana,0,1
M047536_United States,1,2
M047536_Canada,2,1
M047537_Mexico,3,0
M047537_New Zealand,0,3
M047538_Turks and Caicos Islands,0,4
M047538_Belize,4,0
M047539_Denmark,2,0
M047539_Serbia,0,2
M047540_Bulgaria,1,0
M047540_Northern Ireland,0,1
M047541_Luxembourg,0,1
M047541_Belarus,1,0
M047542_Sweden,3,0
M047542_Estonia,0,3
M047543_Slovakia,2,0
M047543_Azerbaijan,0,2
M047544_Switzerland,1,4
M047544_Spain,4,1
M047545_Croatia,1,0
M047545_Poland,0,1
M047546_Gibraltar,2,2
M047546_Liechtenstein,2,2
M047547_Bonaire,1,2
M047547_El Salvador,2,1
M047548_Saint Vincent and the Grenadines,2,0
M047548_Montserrat,0,2
M047549_Gambia,1,2
M047549_Tunisia,2,1
M047550_Malaysia,1,0
M047550_Lebanon,0,1
M047551_Tajikistan,0,0
M047551_Philippines,0,0
M047552_Bhutan,1,0
M047552_Bangladesh,0,1
M047553_Portugal,2,1
M047553_Scotland,1,2
M047554_Haiti,6,0
M047554_Sint Maarten,0,6
M047555_Puerto Rico,1,0
M047555_Aruba,0,1
M047556_France,2,0
M047556_Belgium,0,2
M047557_Israel,1,2
M047557_Italy,2,1
M047558_Norway,2,1
M047558_Austria,1,2
M047559_Turkey,3,1
M047559_Iceland,1,3
M047560_Grenada,1,2
M047560_Saint Lucia,2,1
M047561_Cyprus,0,4
M047561_Kosovo,4,0
M047562_Romania,3,1
M047562_Lithuania,1,3
M047563_Samoa,2,1
M047563_Tonga,1,2
M047564_Slovenia,3,0
M047564_Kazakhstan,0,3
M047565_Curaçao,4,0
M047565_Saint Martin,0,4
M047566_Montenegro,1,2
M047566_Wales,2,1
M047567_Martinique,2,2
M047567_Guyana,2,2
M047568_Guadeloupe,1,0
M047568_Suriname,0,1
M047569_Burundi,0,1
M047569_Senegal,1,0
M047570_Uganda,2,0
M047570_Congo,0,2
M047571_Ethiopia,0,2
M047571_DR Congo,2,0
M047572_Angola,2,1
M047572_Sudan,1,2
M047573_Niger,1,1
M047573_Ghana,1,1
M047574_Equatorial Guinea,2,2
M047574_Togo,2,2
M047575_Morocco,1,0
M047575_Lesotho,0,1
M047576_Madagascar,1,1
M047576_Comoros,1,1
M047577_India,0,3
M047577_Syria,3,0
M047578_Guatemala,0,0
M047578_Costa Rica,0,0
M047579_Colombia,2,1
M047579_Argentina,1,2
M047580_Andorra,0,1
M047580_Malta,1,0
M047581_North Macedonia,2,0
M047581_Armenia,0,2
M047582_Latvia,1,0
M047582_Faroe Islands,0,1
M047583_Hungary,0,0
M047583_Bosnia and Herzegovina,0,0
M047584_England,2,0
M047584_Finland,0,2
M047585_Czech Republic,3,2
M047585_Ukraine,2,3
M047586_Albania,0,1
M047586_Georgia,1,0
M047587_Netherlands,2,2
M047587_Germany,2,2
M047588_Ecuador,1,0
M047588_Peru,0,1
M047589_Republic of Ireland,0,2
M047589_Greece,2,0
M047590_Chile,1,2
M047590_Bolivia,2,1
M047591_Oman,1,3
M047591_South Korea,3,1
M047592_Paraguay,1,0
M047592_Brazil,0,1
M047593_North Korea,2,2
M047593_Qatar,2,2
M047594_Kyrgyzstan,2,3
M047594_Uzbekistan,3,2
M047595_United Arab Emirates,0,1
M047595_Iran,1,0
M047596_Kuwait,0,0
M047596_Iraq,0,0
M047597_Palestine,1,3
M047597_Jordan,3,1
M047598_Bahrain,0,5
M047598_Japan,5,0
M047599_Indonesia,0,0
M047599_Australia,0,0
M047600_China PR,1,2
M047600_Saudi Arabia,2,1
M047601_Saint Kitts and Nevis,2,0
M047601_British Virgin Islands,0,2
M047602_Zimbabwe,0,0
M047602_Cameroon,0,0
M047603_Venezuela,0,0
M047603_Uruguay,0,0
M047604_Belize,1,0
M047604_Anguilla,0,1
M047605_Liberia,0,3
M047605_Algeria,3,0
M047606_Antigua and Barbuda,0,1
M047606_Bermuda,1,0
M047607_United States Virgin Islands,0,3
M047607_Barbados,3,0
M047608_Mexico,0,0
M047608_Canada,0,0
M047609_United States,1,1
M047609_New Zealand,1,1
M047610_Vietnam,1,2
M047610_Thailand,2,1
M047611_Cambodia,2,2
M047611_Sri Lanka,2,2
M047612_Macau,0,1
M047612_Brunei,1,0
M047613_Mongolia,2,0
M047613_Timor-Leste,0,2
M047614_Gabon,2,0
M047614_Central African Republic,0,2
M047615_Botswana,0,4
M047615_Egypt,4,0
M047616_Cape Verde,2,0
M047616_Mauritania,0,2
M047617_Rwanda,0,0
M047617_Nigeria,0,0
M047618_Benin,2,1
M047618_Libya,1,2
M047619_Moldova,1,0
M047619_San Marino,0,1
M047620_Chad,0,2
M047620_Ivory Coast,2,0
M047621_Honduras,1,2
M047621_Jamaica,2,1
M047622_Dominican Republic,2,0
M047622_Dominica,0,2
M047623_Zambia,3,2
M047623_Sierra Leone,2,3
M047624_Cuba,1,1
M047624_Nicaragua,1,1
M047625_Burkina Faso,3,1
M047625_Malawi,1,3
M047626_Trinidad and Tobago,0,0
M047626_French Guiana,0,0
M047627_Namibia,1,2
M047627_Kenya,2,1
M047628_Eswatini,0,1
M047628_Mali,1,0
M047629_Mozambique,2,1
M047629_Guinea-Bissau,1,2
M047630_Guinea,1,2
M047630_Tanzania,2,1
M047631_South Sudan,2,3
M047631_South Africa,3,2
M047632_Brunei,0,1
M047632_Timor-Leste,1,0
M047633_Barbados,5,0
M047633_United States Virgin Islands,0,5
M047634_Belize,1,0
M047634_Anguilla,0,1
M047635_Saint Kitts and Nevis,3,1
M047635_British Virgin Islands,1,3
M047636_Chile,1,2
M047636_Brazil,2,1
M047637_Venezuela,1,1
M047637_Argentina,1,1
M047638_Moldova,2,0
M047638_Andorra,0,2
M047639_Bolivia,1,0
M047639_Colombia,0,1
M047640_Papua New Guinea,1,3
M047640_New Caledonia,3,1
M047641_Ecuador,0,0
M047641_Paraguay,0,0
M047642_Fiji,1,0
M047642_Solomon Islands,0,1
M047643_Australia,3,1
M047643_China PR,1,3
M047644_Uzbekistan,0,0
M047644_Iran,0,0
M047645_United Arab Emirates,1,1
M047645_North Korea,1,1
M047646_Jordan,0,2
M047646_South Korea,2,0
M047647_Oman,4,0
M047647_Kuwait,0,4
M047648_Iraq,1,0
M047648_Palestine,0,1
M047649_Bahrain,2,2
M047649_Indonesia,2,2
M047650_Saudi Arabia,0,2
M047650_Japan,2,0
M047651_Faroe Islands,2,2
M047651_Armenia,2,2
M047652_Qatar,3,1
M047652_Kyrgyzstan,1,3
M047653_Latvia,0,3
M047653_North Macedonia,3,0
M047654_Gibraltar,1,0
M047654_San Marino,0,1
M047655_Austria,4,0
M047655_Kazakhstan,0,4
M047656_Norway,3,0
M047656_Slovenia,0,3
M047657_Myanmar,2,0
M047657_Sri Lanka,0,2
M047658_Cape Verde,0,1
M047658_Botswana,1,0
M047659_Algeria,5,1
M047659_Togo,1,5
M047660_Ghana,0,0
M047660_Sudan,0,0
M047661_DR Congo,1,0
M047661_Tanzania,0,1
M047662_Namibia,0,1
M047662_Zimbabwe,1,0
M047663_Burkina Faso,4,1
M047663_Burundi,1,4
M047664_Liechtenstein,1,0
M047664_Hong Kong,0,1
M047665_French Guiana,2,3
M047665_Honduras,3,2
M047666_Nicaragua,0,2
M047666_Jamaica,2,0
M047667_Bonaire,0,1
M047667_Montserrat,1,0
M047668_Saint Vincent and the Grenadines,2,3
M047668_El Salvador,3,2
M047669_Israel,1,4
M047669_France,4,1
M047670_Italy,2,2
M047670_Belgium,2,2
M047671_England,1,2
M047671_Greece,2,1
M047672_Cuba,2,2
M047672_Trinidad and Tobago,2,2
M047673_Finland,1,2
M047673_Republic of Ireland,2,1
M047674_Guyana,1,3
M047674_Guatemala,3,1
M047675_Grenada,0,0
M047675_Curaçao,0,0
M047676_Saint Lucia,2,1
M047676_Saint Martin,1,2
M047677_Sint Maarten,3,2
M047677_Puerto Rico,2,3
M047678_Bosnia and Herzegovina,1,2
M047678_Germany,2,1
M047679_Hungary,1,1
M047679_Netherlands,1,1
M047680_Turkey,1,0
M047680_Montenegro,0,1
M047681_Ukraine,1,0
M047681_Georgia,0,1
M047682_Iceland,2,2
M047682_Wales,2,2
M047683_Estonia,3,1
M047683_Azerbaijan,1,3
M047684_Slovakia,2,2
M047684_Sweden,2,2
M047685_Peru,1,0
M047685_Uruguay,0,1
M047686_New Zealand,3,0
M047686_Tahiti,0,3
M047687_Suriname,1,1
M047687_Costa Rica,1,1
M047688_Czech Republic,2,0
M047688_Albania,0,2
M047689_Guadeloupe,0,1
M047689_Martinique,1,0
M047690_Equatorial Guinea,1,0
M047690_Liberia,0,1
M047691_South Africa,5,0
M047691_Congo,0,5
M047692_Syria,1,0
M047692_Tajikistan,0,1
M047693_Cambodia,3,2
M047693_Taiwan,2,3
M047694_Madagascar,1,1
M047694_Gambia,1,1
M047695_Tunisia,0,1
M047695_Comoros,1,0
M047696_Gabon,0,0
M047696_Lesotho,0,0
M047697_Egypt,2,0
M047697_Mauritania,0,2
M047698_Benin,3,0
M047698_Rwanda,0,3
M047699_Nigeria,1,0
M047699_Libya,0,1
M047700_Angola,2,0
M047700_Niger,0,2
M047701_Zambia,0,0
M047701_Chad,0,0
M047702_Ivory Coast,4,1
M047702_Sierra Leone,1,4
M047703_Mozambique,1,1
M047703_Eswatini,1,1
M047704_Mali,1,0
M047704_Guinea-Bissau,0,1
M047705_Cameroon,4,1
M047705_Kenya,1,4
M047706_Uganda,1,0
M047706_South Sudan,0,1
M047707_Senegal,4,0
M047707_Malawi,0,4
M047708_Thailand,3,1
M047708_Philippines,1,3
M047709_Aruba,1,3
M047709_Haiti,3,1
M047710_Vanuatu,4,1
M047710_Samoa,1,4
M047711_United States,2,0
M047711_Panama,0,2
M047712_Vietnam,1,1
M047712_India,1,1
M047713_Morocco,5,0
M047713_Central African Republic,0,5
M047714_Guinea,4,1
M047714_Ethiopia,1,4
M047715_Antigua and Barbuda,0,5
M047715_Dominican Republic,5,0
M047716_Bahamas,3,1
M047716_United States Virgin Islands,1,3
M047717_Turks and Caicos Islands,2,1
M047717_Anguilla,1,2
M047718_Cayman Islands,1,0
M047718_British Virgin Islands,0,1
M047719_Croatia,2,1
M047719_Scotland,1,2
M047720_Poland,1,3
M047720_Portugal,3,1
M047721_Serbia,2,0
M047721_Switzerland,0,2
M047722_Spain,1,0
M047722_Denmark,0,1
M047723_Lithuania,1,2
M047723_Kosovo,2,1
M047724_Cyprus,0,3
M047724_Romania,3,0
M047725_Bermuda,6,1
M047725_Dominica,1,6
M047726_Belarus,0,0
M047726_Northern Ireland,0,0
M047727_Bulgaria,0,0
M047727_Luxembourg,0,0
M047728_Liechtenstein,0,0
M047728_Gibraltar,0,0
M047729_Armenia,0,2
M047729_North Macedonia,2,0
M047730_Faroe Islands,1,1
M047730_Latvia,1,1
M047731_Austria,5,1
M047731_Norway,1,5
M047732_Kazakhstan,0,1
M047732_Slovenia,1,0
M047733_Greece,2,0
M047733_Republic of Ireland,0,2
M047734_Malta,1,0
M047734_Moldova,0,1
M047735_Saint Vincent and the Grenadines,2,1
M047735_El Salvador,1,2
M047736_Montserrat,0,1
M047736_Bonaire,1,0
M047737_Burundi,0,2
M047737_Burkina Faso,2,0
M047738_Myanmar,0,0
M047738_Sri Lanka,0,0
M047739_Andorra,2,0
M047739_San Marino,0,2
M047740_Finland,1,3
M047740_England,3,1
M047741_Wales,1,0
M047741_Montenegro,0,1
M047742_Iceland,2,4
M047742_Turkey,4,2
M047743_Ukraine,1,1
M047743_Czech Republic,1,1
M047744_Georgia,0,1
M047744_Albania,1,0
M047745_Germany,1,0
M047745_Netherlands,0,1
M047746_Bosnia and Herzegovina,0,2
M047746_Hungary,2,0
M047747_Italy,4,1
M047747_Israel,1,4
M047748_Belgium,1,2
M047748_France,2,1
M047749_Aruba,3,5
M047749_Haiti,5,3
M047750_Puerto Rico,2,1
M047750_Sint Maarten,1,2
M047751_Trinidad and Tobago,3,1
M047751_Cuba,1,3
M047752_Curaçao,1,0
M047752_Grenada,0,1
M047753_Jamaica,0,0
M047753_Honduras,0,0
M047754_Nicaragua,3,2
M047754_French Guiana,2,3
M047755_Zimbabwe,3,1
M047755_Namibia,1,3
M047756_Kenya,0,1
M047756_Cameroon,1,0
M047757_Gambia,1,0
M047757_Madagascar,0,1
M047758_Togo,0,1
M047758_Algeria,1,0
M047759_Liberia,1,2
M047759_Equatorial Guinea,2,1
M047760_Saint Lucia,0,4
M047760_Saint Martin,4,0
M047761_Eswatini,0,3
M047761_Mozambique,3,0
M047762_Azerbaijan,1,3
M047762_Slovakia,3,1
M047763_Tajikistan,0,3
M047763_Philippines,3,0
M047764_Estonia,0,3
M047764_Sweden,3,0
M047765_New Zealand,4,0
M047765_Malaysia,0,4
M047766_Thailand,2,1
M047766_Syria,1,2
M047767_Mexico,2,0
M047767_United States,0,2
M047768_Scotland,0,0
M047768_Portugal,0,0
M047769_Poland,3,3
M047769_Croatia,3,3
M047770_Spain,3,0
M047770_Serbia,0,3
M047771_Switzerland,2,2
M047771_Denmark,2,2
M047772_Kosovo,3,0
M047772_Cyprus,0,3
M047773_Lithuania,1,2
M047773_Romania,2,1
M047774_Northern Ireland,5,0
M047774_Bulgaria,0,5
M047775_Belarus,1,1
M047775_Luxembourg,1,1
M047776_Colombia,4,0
M047776_Chile,0,4
M047777_Paraguay,2,1
M047777_Venezuela,1,2
M047778_Uruguay,0,0
M047778_Ecuador,0,0
M047779_Brazil,4,0
M047779_Peru,0,4
M047780_Uzbekistan,1,0
M047780_United Arab Emirates,0,1
M047781_Iran,4,1
M047781_Qatar,1,4
M047782_Kyrgyzstan,1,0
M047782_North Korea,0,1
M047783_Jordan,4,0
M047783_Oman,0,4
M047784_Palestine,2,2
M047784_Kuwait,2,2
M047785_South Korea,3,2
M047785_Iraq,2,3
M047786_Japan,1,1
M047786_Australia,1,1
M047787_China PR,2,1
M047787_Indonesia,1,2
M047788_Argentina,6,0
M047788_Bolivia,0,6
M047789_Saint Kitts and Nevis,1,1
M047789_Cayman Islands,1,1
M047790_Belize,3,0
M047790_Turks and Caicos Islands,0,3
M047791_Bermuda,3,2
M047791_Dominica,2,3
M047792_Comoros,1,1
M047792_Tunisia,1,1
M047793_Lesotho,0,2
M047793_Gabon,2,0
M047794_Morocco,4,0
M047794_Central African Republic,0,4
M047795_Mauritania,0,1
M047795_Egypt,1,0
M047796_Botswana,1,0
M047796_Cape Verde,0,1
M047797_Rwanda,2,1
M047797_Benin,1,2
M047798_Sudan,2,0
M047798_Ghana,0,2
M047799_Niger,0,1
M047799_Angola,1,0
M047800_Chad,0,1
M047800_Zambia,1,0
M047801_Canada,2,1
M047801_Panama,1,2
M047802_Sierra Leone,1,0
M047802_Ivory Coast,0,1
M047803_Ethiopia,0,3
M047803_Guinea,3,0
M047804_Guinea-Bissau,0,0
M047804_Mali,0,0
M047805_South Sudan,1,2
M047805_Uganda,2,1
M047806_Congo,1,1
M047806_South Africa,1,1
M047807_Malawi,0,1
M047807_Senegal,1,0
M047808_Costa Rica,3,0
M047808_Guatemala,0,3
M047809_Guadeloupe,0,0
M047809_Martinique,0,0
M047810_Suriname,5,1
M047810_Guyana,1,5
M047811_Dominican Republic,5,0
M047811_Antigua and Barbuda,0,5
M047812_Tanzania,0,2
M047812_DR Congo,2,0
M047813_Barbados,6,2
M047813_Bahamas,2,6
M047814_Hong Kong,3,0
M047814_Cambodia,0,3
M047815_Timor-Leste,0,0
M047815_Brunei,0,0
M047816_Saudi Arabia,0,0
M047816_Bahrain,0,0
W010249_Pakistan,2,5
W010249_India,5,2
W010250_Sri Lanka,1,0
W010250_Maldives,0,1
W010251_Nepal,0,0
W010251_Bhutan,0,0
W010252_Bangladesh,1,1
W010252_Pakistan,1,1
W010253_Nepal,11,0
W010253_Maldives,0,11
W010254_Bhutan,4,1
W010254_Sri Lanka,1,4
W010255_South Africa,1,0
W010255_Namibia,0,1
W010256_Eswatini,6,0
W010256_Seychelles,0,6
W010257_Malaysia,0,0
W010257_Saudi Arabia,0,0
W010258_Venezuela,0,2
W010258_Thailand,2,0
W010259_Taiwan,1,0
W010259_Kenya,0,1
W010260_Haiti,4,2
W010260_Jordan,2,4
W010261_India,1,3
W010261_Bangladesh,3,1
W010262_Madagascar,5,1
W010262_Mauritius,1,5
W010263_Malawi,1,1
W010263_Botswana,1,1
W010264_Vietnam,2,0
W010264_Uzbekistan,0,2
W010265_Myanmar,4,1
W010265_Hong Kong,1,4
W010266_Gibraltar,1,4
W010266_Andorra,4,1
W010267_United States,3,1
W010267_Iceland,1,3
W010268_Latvia,1,2
W010268_Faroe Islands,2,1
W010269_Maldives,0,13
W010269_Bhutan,13,0
W010270_Mozambique,1,0
W010270_Zimbabwe,0,1
W010271_Nepal,6,0
W010271_Sri Lanka,0,6
W010272_Zambia,3,0
W010272_Angola,0,3
W010273_Estonia,2,2
W010273_Lithuania,2,2
W010274_Turkey,1,1
W010274_Ukraine,1,1
W010275_Hungary,0,1
W010275_Scotland,1,0
W010276_Azerbaijan,1,4
W010276_Portugal,4,1
W010277_Bosnia and Herzegovina,2,2
W010277_Serbia,2,2
W010278_Croatia,1,1
W010278_Northern Ireland,1,1
W010279_Ecuador,1,1
W010279_Chile,1,1
W010280_Albania,0,5
W010280_Norway,5,0
W010281_Belarus,1,8
W010281_Czech Republic,8,1
W010282_Luxembourg,0,4
W010282_Sweden,4,0
W010283_Slovenia,0,3
W010283_Austria,3,0
W010284_Georgia,0,6
W010284_Republic of Ireland,6,0
W010285_Montenegro,0,1
W010285_Finland,1,0
W010286_Greece,0,0
W010286_Belgium,0,0
W010287_Romania,1,2
W010287_Poland,2,1
W010288_Italy,5,0
W010288_Malta,0,5
W010289_Switzerland,1,1
W010289_Australia,1,1
W010290_England,3,4
W010290_Germany,4,3
W010291_Netherlands,15,0
W010291_Indonesia,0,15
W010292_France,3,0
W010292_Jamaica,0,3
W010293_Spain,1,1
W010293_Canada,1,1
W010294_Moldova,0,1
W010294_North Macedonia,1,0
W010295_Morocco,4,1
W010295_Tanzania,1,4
W010296_Namibia,7,0
W010296_Seychelles,0,7
W010297_South Africa,3,0
W010297_Eswatini,0,3
W010298_Slovakia,2,1
W010298_Wales,1,2
W010299_Denmark,5,0
W010299_South Africa,0,5
W010300_Japan,4,0
W010300_South Korea,0,4
W010301_Brazil,1,1
W010301_Colombia,1,1
W010302_Mexico,3,0
W010302_Venezuela,0,3
W010303_Gibraltar,2,4
W010303_Andorra,4,2
W010304_Botswana,5,0
W010304_Mauritius,0,5
W010305_Nigeria,2,0
W010305_Algeria,0,2
W010306_Russia,4,0
W010306_Kenya,0,4
W010307_Philippines,3,0
W010307_Jordan,0,3
W010308_Malawi,1,0
W010308_Madagascar,0,1
W010309_Haiti,3,2
W010309_Taiwan,2,3
W010310_China PR,3,0
W010310_Uzbekistan,0,3
W010311_Malaysia,3,1
W010311_Laos,1,3
W010312_Latvia,0,1
W010312_Estonia,1,0
W010313_Nepal,1,1
W010313_India,1,1
W010314_Zimbabwe,3,0
W010314_Lesotho,0,3
W010315_Angola,1,3
W010315_Comoros,3,1
W010316_Senegal,1,1
W010316_Tanzania,1,1
W010317_DR Congo,1,2
W010317_Uganda,2,1
W010318_United States,3,1
W010318_Iceland,1,3
W010319_Costa Rica,0,1
W010319_Panama,1,0
W010320_Faroe Islands,2,1
W010320_Lithuania,1,2
W010321_Honduras,1,3
W010321_Guatemala,3,1
W010322_Bangladesh,7,1
W010322_Bhutan,1,7
W010323_Ecuador,1,2
W010323_Chile,2,1
W010324_South Africa,8,1
W010324_Seychelles,1,8
W010325_Mauritius,0,9
W010325_Malawi,9,0
W010326_Germany,1,2
W010326_Australia,2,1
W010327_Eswatini,0,2
W010327_Namibia,2,0
W010328_Moldova,1,0
W010328_North Macedonia,0,1
W010329_Madagascar,0,0
W010329_Botswana,0,0
W010330_England,2,1
W010330_South Africa,1,2
W010331_Italy,1,1
W010331_Spain,1,1
W010332_Denmark,1,2
W010332_Netherlands,2,1
W010333_Wales,2,0
W010333_Slovakia,0,2
W010334_Scotland,4,0
W010334_Hungary,0,4
W010335_Portugal,4,0
W010335_Azerbaijan,0,4
W010336_Serbia,4,1
W010336_Bosnia and Herzegovina,1,4
W010337_Northern Ireland,1,0
W010337_Croatia,0,1
W010338_Ukraine,2,0
W010338_Turkey,0,2
W010339_Czech Republic,0,0
W010339_Belarus,0,0
W010340_Switzerland,2,1
W010340_France,1,2
W010341_Austria,2,1
W010341_Slovenia,1,2
W010342_Republic of Ireland,3,0
W010342_Georgia,0,3
W010343_Finland,5,0
W010343_Montenegro,0,5
W010344_Belgium,5,0
W010344_Greece,0,5
W010345_Poland,4,1
W010345_Romania,1,4
W010346_Norway,9,0
W010346_Albania,0,9
W010347_Sweden,8,0
W010347_Luxembourg,0,8
W010348_Nigeria,4,1
W010348_Algeria,1,4
W010349_Saudi Arabia,4,0
W010349_Laos,0,4
W010350_Zambia,7,0
W010350_Comoros,0,7
W010351_Mozambique,1,1
W010351_Lesotho,1,1
W010352_Taiwan,3,1
W010352_Jordan,1,3
W010353_China PR,2,0
W010353_Vietnam,0,2
W010354_Peru,2,1
W010354_Bolivia,1,2
W010355_Russia,2,1
W010355_Haiti,1,2
W010356_Brazil,0,0
W010356_Colombia,0,0
W010357_Morocco,7,0
W010357_Senegal,0,7
W010358_Philippines,1,4
W010358_Kenya,4,1
W010359_Nepal,1,2
W010359_Bangladesh,2,1
W010360_DR Congo,1,3
W010360_Uganda,3,1
W010361_United States,0,0
W010361_Argentina,0,0
W010362_Mexico,4,0
W010362_Thailand,0,4
W010363_Costa Rica,0,0
W010363_Panama,0,0
W010364_Malawi,0,2
W010364_Zambia,2,0
W010365_South Africa,1,1
W010365_Mozambique,1,1
W010366_South Africa,0,0
W010366_Zambia,0,0
M047817_Namibia,0,0
M047817_Cameroon,0,0
M047818_Bangladesh,0,1
M047818_Maldives,1,0
M047819_Tajikistan,4,0
M047819_Nepal,0,4
M047820_Liberia,1,0
M047820_Togo,0,1
M047821_Chad,1,1
M047821_Sierra Leone,1,1
M047822_Singapore,3,2
M047822_Myanmar,2,3
M047823_Malta,2,0
M047823_Liechtenstein,0,2
M047824_Benin,1,1
M047824_Nigeria,1,1
M047825_Papua New Guinea,3,3
M047825_Fiji,3,3
M047826_North Korea,2,3
M047826_Iran,3,2
M047827_Qatar,3,2
M047827_Uzbekistan,2,3
M047828_United Arab Emirates,3,0
M047828_Kyrgyzstan,0,3
M047829_Kuwait,1,3
M047829_South Korea,3,1
M047830_Iraq,0,0
M047830_Jordan,0,0
M047831_Oman,1,0
M047831_Palestine,0,1
M047832_Bahrain,0,1
M047832_China PR,1,0
M047833_Australia,0,0
M047833_Saudi Arabia,0,0
M047834_Madagascar,2,3
M047834_Tunisia,3,2
M047835_Lesotho,1,0
M047835_Central African Republic,0,1
M047836_Rwanda,0,1
M047836_Libya,1,0
M047837_Equatorial Guinea,0,0
M047837_Algeria,0,0
M047838_Niger,4,0
M047838_Sudan,0,4
M047839_South Sudan,3,2
M047839_Congo,2,3
M047840_Burundi,0,0
M047840_Malawi,0,0
M047841_Burkina Faso,0,1
M047841_Senegal,1,0
M047842_Paraguay,2,1
M047842_Argentina,1,2
M047843_Ecuador,4,0
M047843_Bolivia,0,4
M047844_Solomon Islands,2,3
M047844_New Caledonia,3,2
M047845_Thailand,0,0
M047845_Lebanon,0,0
M047846_Malaysia,3,1
M047846_Laos,1,3
M047847_Hong Kong,3,1
M047847_Philippines,1,3
M047848_Jamaica,0,1
M047848_United States,1,0
M047849_Costa Rica,0,1
M047849_Panama,1,0
M047850_Saint Kitts and Nevis,2,1
M047850_Cuba,1,2
M047851_Venezuela,1,1
M047851_Brazil,1,1
M047852_El Salvador,1,0
M047852_Bonaire,0,1
M047853_Montserrat,1,2
M047853_Saint Vincent and the Grenadines,2,1
M047854_Belize,2,1
M047854_French Guiana,1,2
M047855_North Macedonia,1,0
M047855_Latvia,0,1
M047856_Slovenia,1,4
M047856_Norway,4,1
M047857_Kazakhstan,0,2
M047857_Austria,2,0
M047858_Greece,0,3
M047858_England,3,0
M047859_Republic of Ireland,1,0
M047859_Finland,0,1
M047860_France,0,0
M047860_Israel,0,0
M047861_Belgium,0,1
M047861_Italy,1,0
M047862_Armenia,0,1
M047862_Faroe Islands,1,0
M047863_Cyprus,2,1
M047863_Lithuania,1,2
M047864_Northern Ireland,2,0
M047864_Belarus,0,2
M047865_Portugal,5,1
M047865_Poland,1,5
M047866_Scotland,1,0
M047866_Croatia,0,1
M047867_Denmark,1,2
M047867_Spain,2,1
M047868_Switzerland,1,1
M047868_Serbia,1,1
M047869_Romania,0,0
M047869_Kosovo,0,0
M047870_Luxembourg,0,1
M047870_Bulgaria,1,0
M047871_Uruguay,3,2
M047871_Colombia,2,3
M047872_Uganda,0,2
M047872_South Africa,2,0
M047873_Zimbabwe,1,1
M047873_Kenya,1,1
M047874_Mozambique,0,1
M047874_Mali,1,0
M047875_Eswatini,1,1
M047875_Guinea-Bissau,1,1
M047876_Zambia,1,0
M047876_Ivory Coast,0,1
M047877_Cape Verde,1,1
M047877_Egypt,1,1
M047878_Botswana,1,1
M047878_Mauritania,1,1
M047879_Gabon,1,5
M047879_Morocco,5,1
M047880_Gambia,1,2
M047880_Comoros,2,1
M047881_Russia,2,1
M047881_Brunei,1,2
M047882_Indonesia,0,4
M047882_Japan,4,0
M047883_New Zealand,8,1
M047883_Vanuatu,1,8
M047884_Angola,1,1
M047884_Ghana,1,1
M047885_Curaçao,5,0
M047885_Saint Martin,0,5
M047886_Peru,0,0
M047886_Chile,0,0
M047887_Suriname,0,1
M047887_Canada,1,0
M047888_Honduras,2,0
M047888_Mexico,0,2
M047889_Cayman Islands,0,6
M047889_Guadeloupe,6,0
M047890_Barbados,1,4
M047890_Guyana,4,1
M047891_Sint Maarten,0,8
M047891_Haiti,8,0
M047892_Puerto Rico,5,1
M047892_Aruba,1,5
M047893_Saint Lucia,0,4
M047893_Grenada,4,0
M047894_San Marino,1,1
M047894_Gibraltar,1,1
M047895_Samoa,0,3
M047895_Tahiti,3,0
M047896_Bermuda,2,1
M047896_Antigua and Barbuda,1,2
M047897_Dominican Republic,6,1
M047897_Dominica,1,6
M047898_Bangladesh,2,1
M047898_Maldives,1,2
M047899_Netherlands,4,0
M047899_Hungary,0,4
M047900_Andorra,0,1
M047900_Moldova,1,0
M047901_Ethiopia,0,2
M047901_Tanzania,2,0
M047902_Guinea,1,0
M047902_DR Congo,0,1
M047903_Sweden,2,1
M047903_Slovakia,1,2
M047904_Nepal,2,0
M047904_Afghanistan,0,2
M047905_Turkey,0,0
M047905_Wales,0,0
M047906_Montenegro,0,2
M047906_Iceland,2,0
M047907_Georgia,1,1
M047907_Ukraine,1,1
M047908_Albania,0,0
M047908_Czech Republic,0,0
M047909_Germany,7,0
M047909_Bosnia and Herzegovina,0,7
M047910_Sri Lanka,1,0
M047910_Yemen,0,1
M047911_Azerbaijan,0,0
M047911_Estonia,0,0
M047912_Norway,5,0
M047912_Kazakhstan,0,5
M047913_Austria,1,1
M047913_Slovenia,1,1
M047914_Israel,1,0
M047914_Belgium,0,1
M047915_Togo,3,0
M047915_Equatorial Guinea,0,3
M047916_Algeria,5,1
M047916_Liberia,1,5
M047917_Papua New Guinea,1,2
M047917_Solomon Islands,2,1
M047918_Fiji,1,1
M047918_New Caledonia,1,1
M047919_Thailand,1,1
M047919_Laos,1,1
M047920_Saint Vincent and the Grenadines,3,1
M047920_Bonaire,1,3
M047921_Latvia,1,2
M047921_Armenia,2,1
M047922_El Salvador,1,0
M047922_Montserrat,0,1
M047923_Finland,0,2
M047923_Greece,2,0
M047924_England,5,0
M047924_Republic of Ireland,0,5
M047925_Italy,1,3
M047925_France,3,1
M047926_North Macedonia,1,0
M047926_Faroe Islands,0,1
M047927_Nigeria,1,2
M047927_Rwanda,2,1
M047928_Kosovo,1,0
M047928_Lithuania,0,1
M047929_Malawi,3,0
M047929_Burkina Faso,0,3
M047930_Sudan,0,0
M047930_Angola,0,0
M047931_Croatia,1,1
M047931_Portugal,1,1
M047932_Poland,1,2
M047932_Scotland,2,1
M047933_Serbia,0,0
M047933_Denmark,0,0
M047934_Spain,3,2
M047934_Switzerland,2,3
M047935_Romania,4,1
M047935_Cyprus,1,4
M047936_Libya,0,0
M047936_Benin,0,0
M047937_Bulgaria,1,1
M047937_Belarus,1,1
M047938_Morocco,7,0
M047938_Lesotho,0,7
M047939_Luxembourg,2,2
M047939_Northern Ireland,2,2
M047940_Comoros,1,0
M047940_Madagascar,0,1
M047941_Tunisia,0,1
M047941_Gambia,1,0
M047942_Ghana,1,2
M047942_Niger,2,1
M047943_New Zealand,8,0
M047943_Samoa,0,8
M047944_Tahiti,2,0
M047944_Vanuatu,0,2
M047945_Singapore,2,3
M047945_Taiwan,3,2
M047946_Central African Republic,0,1
M047946_Gabon,1,0
M047947_United States,4,2
M047947_Jamaica,2,4
M047948_Panama,2,2
M047948_Costa Rica,2,2
M047949_Cuba,4,0
M047949_Saint Kitts and Nevis,0,4
M047950_Puerto Rico,0,3
M047950_Haiti,3,0
M047951_Liechtenstein,1,3
M047951_San Marino,3,1
M047952_India,1,1
M047952_Malaysia,1,1
M047953_Aruba,0,1
M047953_Sint Maarten,1,0
M047954_Saint Lucia,1,4
M047954_Curaçao,4,1
M047955_Grenada,0,3
M047955_Saint Martin,3,0
M047956_Mexico,4,0
M047956_Honduras,0,4
M047957_Gibraltar,1,1
M047957_Moldova,1,1
M047958_Hong Kong,1,0
M047958_Mauritius,0,1
M047959_Myanmar,2,3
M047959_Lebanon,3,2
M047960_Russia,4,0
M047960_Syria,0,4
M047961_Tajikistan,3,1
M047961_Afghanistan,1,3
M047962_Bolivia,2,2
M047962_Paraguay,2,2
M047963_Colombia,0,1
M047963_Ecuador,1,0
M047964_Canada,3,0
M047964_Suriname,0,3
M047965_Sri Lanka,0,2
M047965_Yemen,2,0
M047966_Guyana,5,3
M047966_Barbados,3,5
M047967_Montenegro,3,1
M047967_Turkey,1,3
M047968_French Guiana,2,2
M047968_Belize,2,2
M047969_Dominican Republic,6,1
M047969_Bermuda,1,6
M047970_Antigua and Barbuda,0,0
M047970_Dominica,0,0
M047971_Malta,0,0
M047971_Andorra,0,0
M047972_Sweden,6,0
M047972_Azerbaijan,0,6
M047973_Slovakia,1,0
M047973_Estonia,0,1
M047974_Argentina,1,0
M047974_Peru,0,1
M047975_Wales,4,1
M047975_Iceland,1,4
M047976_Czech Republic,2,1
M047976_Georgia,1,2
M047977_Albania,1,2
M047977_Ukraine,2,1
M047978_Hungary,1,1
M047978_Germany,1,1
M047979_Bosnia and Herzegovina,1,1
M047979_Netherlands,1,1
M047980_Guadeloupe,1,0
M047980_Cayman Islands,0,1
M047981_Chile,4,2
M047981_Venezuela,2,4
M047982_Bahrain,2,2
M047982_Australia,2,2
M047983_North Korea,0,1
M047983_Uzbekistan,1,0
M047984_Senegal,2,0
M047984_Burundi,0,2
M047985_Congo,0,1
M047985_Uganda,1,0
M047986_South Africa,3,0
M047986_South Sudan,0,3
M047987_Cameroon,2,1
M047987_Zimbabwe,1,2
M047988_Guinea-Bissau,1,2
M047988_Mozambique,2,1
M047989_Brazil,1,1
M047989_Uruguay,1,1
M047990_Tanzania,1,0
M047990_Guinea,0,1
M047991_DR Congo,1,2
M047991_Ethiopia,2,1
M047992_Sierra Leone,0,2
M047992_Zambia,2,0
M047993_Mali,6,0
M047993_Eswatini,0,6
M047994_Mauritania,1,0
M047994_Cape Verde,0,1
M047995_Ivory Coast,4,0
M047995_Chad,0,4
M047996_United Arab Emirates,5,0
M047996_Qatar,0,5
M047997_Palestine,1,1
M047997_South Korea,1,1
M047998_Oman,0,1
M047998_Iraq,1,0
M047999_Kyrgyzstan,2,3
M047999_Iran,3,2
M048000_Indonesia,2,0
M048000_Saudi Arabia,0,2
M048001_China PR,1,3
M048001_Japan,3,1
M048002_Egypt,1,1
M048002_Botswana,1,1
M048003_Kuwait,1,1
M048003_Jordan,1,1
M048004_Kenya,0,0
M048004_Namibia,0,0
W010367_Indonesia,0,0
W010367_Cambodia,0,0
W010368_Laos,0,0
W010368_Timor-Leste,0,0
W010369_Guatemala,1,0
W010369_Honduras,0,1
W010370_Malaysia,0,1
W010370_Indonesia,1,0
W010371_Singapore,1,1
W010371_Timor-Leste,1,1
W010372_Algeria,2,1
W010372_Uganda,1,2
W010373_Costa Rica,1,2
W010373_Panama,2,1
W010374_Serbia,0,2
W010374_Sweden,2,0
W010375_Australia,1,3
W010375_Brazil,3,1
W010376_Moldova,1,1
W010376_Armenia,1,1
W010377_Jordan,0,0
W010377_Iran,0,0
W010378_Russia,1,0
W010378_Azerbaijan,0,1
W010379_Slovakia,2,1
W010379_Greece,1,2
W010380_Guatemala,1,3
W010380_Honduras,3,1
W010381_Morocco,3,1
W010381_Botswana,1,3
W010382_Saudi Arabia,0,1
W010382_Palestine,1,0
W010383_Cambodia,2,0
W010383_Malaysia,0,2
W010384_Laos,0,1
W010384_Singapore,1,0
W010385_Kosovo,8,0
W010385_Estonia,0,8
W010386_Northern Ireland,0,4
W010386_Norway,4,0
W010387_Poland,1,0
W010387_Austria,0,1
W010388_Wales,1,1
W010388_Republic of Ireland,1,1
W010389_Ukraine,0,2
W010389_Belgium,2,0
W010390_Netherlands,4,1
W010390_China PR,1,4
W010391_Portugal,1,1
W010391_Czech Republic,1,1
W010392_Switzerland,0,6
W010392_Germany,6,0
W010393_Spain,5,0
W010393_South Korea,0,5
W010394_Canada,0,0
W010394_Iceland,0,0
W010395_Malta,1,3
W010395_Hungary,3,1
W010396_Scotland,0,0
W010396_Finland,0,0
W010397_Croatia,1,1
W010397_Slovenia,1,1
W010398_France,2,1
W010398_Nigeria,1,2
W010399_North Macedonia,3,2
W010399_Montenegro,2,3
W010400_Algeria,1,0
W010400_Uganda,0,1
W010401_Uzbekistan,0,1
W010401_Belarus,1,0
W010402_England,0,0
W010402_United States,0,0
W010403_Jamaica,3,0
W010403_South Africa,0,3
W010404_Chile,1,0
W010404_Uruguay,0,1
W010405_Jordan,2,1
W010405_Iran,1,2
W010406_Slovakia,1,2
W010406_Greece,2,1
W010407_Moldova,2,0
W010407_Armenia,0,2
W010408_Australia,1,2
W010408_Brazil,2,1
W010409_Mexico,4,1
W010409_Costa Rica,1,4
W010410_Argentina,1,1
W010410_Colombia,1,1
W010411_Kosovo,1,2
W010411_Estonia,2,1
W010412_Germany,1,2
W010412_Italy,2,1
W010413_Denmark,2,0
W010413_Iceland,0,2
W010414_Cambodia,3,0
W010414_Timor-Leste,0,3
W010415_Singapore,0,3
W010415_Indonesia,3,0
W010416_Russia,1,0
W010416_Azerbaijan,0,1
W010417_Jamaica,3,2
W010417_South Africa,2,3
W010418_Malta,1,1
W010418_Hungary,1,1
W010419_Uzbekistan,0,3
W010419_Belarus,3,0
W010420_North Macedonia,1,5
W010420_Montenegro,5,1
W010421_Romania,1,2
W010421_Albania,2,1
W010422_Saudi Arabia,2,0
W010422_Palestine,0,2
W010423_Sweden,6,0
W010423_Serbia,0,6
W010424_Norway,3,0
W010424_Northern Ireland,0,3
W010425_Austria,0,1
W010425_Poland,1,0
W010426_Republic of Ireland,1,2
W010426_Wales,2,1
W010427_Morocco,1,0
W010427_Mali,0,1
W010428_Finland,2,0
W010428_Scotland,0,2
W010429_Czech Republic,1,2
W010429_Portugal,2,1
W010430_Chile,0,1
W010430_Uruguay,1,0
W010431_France,2,4
W010431_Spain,4,2
W010432_Netherlands,1,2
W010432_United States,2,1
W010433_England,1,0
W010433_Switzerland,0,1
W010434_Canada,5,1
W010434_South Korea,1,5
W010435_Belgium,2,1
W010435_Ukraine,1,2
W010436_Australia,3,1
W010436_Taiwan,1,3
W010437_Mexico,1,1
W010437_Panama,1,1
W010438_Cambodia,1,3
W010438_Indonesia,3,1
W010439_Timor-Leste,0,1
W010439_Singapore,1,0
W010440_Saudi Arabia,1,1
W010440_Pakistan,1,1
W010441_Australia,6,0
W010441_Taiwan,0,6
M048005_Timor-Leste,0,10
M048005_Thailand,10,0
M048006_Cambodia,2,2
M048006_Malaysia,2,2
M048007_Hong Kong,3,0
M048007_Mongolia,0,3
M048008_Myanmar,0,1
M048008_Indonesia,1,0
M048009_Laos,1,4
M048009_Vietnam,4,1
M048010_Solomon Islands,4,1
M048010_Vanuatu,1,4
M048011_Singapore,2,1
M048011_Cambodia,1,2
M048012_Malaysia,3,2
M048012_Timor-Leste,2,3
M048013_Taiwan,4,0
M048013_Mongolia,0,4
M048014_Philippines,1,1
M048014_Myanmar,1,1
M048015_Indonesia,3,3
M048015_Laos,3,3
M048016_Fiji,1,1
M048016_Vanuatu,1,1
M048017_Macau,1,2
M048017_Guam,2,1
M048018_Thailand,1,0
M048018_Malaysia,0,1
M048019_Timor-Leste,0,3
M048019_Singapore,3,0
M048020_Hong Kong,2,1
M048020_Taiwan,1,2
M048021_Laos,1,1
M048021_Philippines,1,1
M048022_Vietnam,1,0
M048022_Indonesia,0,1
M048023_Papua New Guinea,1,1
M048023_Fiji,1,1
M048024_Cambodia,2,1
M048024_Timor-Leste,1,2
M048025_Singapore,2,4
M048025_Thailand,4,2
M048026_Hong Kong,5,0
M048026_Guam,0,5
M048027_Myanmar,3,2
M048027_Laos,2,3
M048028_Philippines,1,1
M048028_Vietnam,1,1
M048029_Solomon Islands,2,3
M048029_Papua New Guinea,3,2
M048030_Thailand,3,2
M048030_Cambodia,2,3
M048031_Malaysia,0,0
M048031_Singapore,0,0
M048032_Qatar,1,1
M048032_United Arab Emirates,1,1
M048033_Indonesia,0,1
M048033_Philippines,1,0
M048034_Kuwait,1,1
M048034_Oman,1,1
M048035_Vanuatu,1,2
M048035_Papua New Guinea,2,1
M048036_Vietnam,5,0
M048036_Myanmar,0,5
M048037_Solomon Islands,1,3
M048037_Fiji,3,1
M048038_Saudi Arabia,2,3
M048038_Bahrain,3,2
M048039_Iraq,1,0
M048039_Yemen,0,1
M048040_Oman,2,1
M048040_Qatar,1,2
M048041_Kuwait,2,1
M048041_United Arab Emirates,1,2
M048042_Yemen,2,3
M048042_Saudi Arabia,3,2
M048043_Bahrain,2,0
M048043_Iraq,0,2
M048044_Singapore,0,2
M048044_Vietnam,2,0
M048045_Philippines,2,1
M048045_Thailand,1,2
M048046_Kuwait,1,1
M048046_Qatar,1,1
M048047_United Arab Emirates,1,1
M048047_Oman,1,1
M048048_Bahrain,1,2
M048048_Yemen,2,1
M048049_Iraq,1,3
M048049_Saudi Arabia,3,1
M048050_Vietnam,3,1
M048050_Singapore,1,3
M048051_Thailand,3,1
M048051_Philippines,1,3
W010442_India,14,0
W010442_Maldives,0,14
M048052_Oman,2,1
M048052_Saudi Arabia,1,2
M048053_Kuwait,0,1
M048053_Bahrain,1,0
M048054_Vietnam,2,1
M048054_Thailand,1,2
W010443_India,11,1
W010443_Maldives,1,11
M048055_Zanzibar,1,0
M048055_Tanzania,0,1
M048056_Oman,1,2
M048056_Bahrain,2,1
M048057_Burkina Faso,1,1
M048057_Kenya,1,1
M048058_Thailand,2,3
M048058_Vietnam,3,2
M048059_Zanzibar,0,1
M048059_Burkina Faso,1,0
M048060_Tanzania,0,2
M048060_Kenya,2,0
M048061_Tanzania,0,2
M048061_Burkina Faso,2,0
M048062_Zanzibar,1,0
M048062_Kenya,0,1
M048063_Zanzibar,2,1
M048063_Burkina Faso,1,2
M048064_United States,3,1
M048064_Venezuela,1,3
M048065_United States,3,0
M048065_Costa Rica,0,3
M048066_Uzbekistan,0,0
M048066_Jordan,0,0
M048067_Jamaica,1,0
M048067_Trinidad and Tobago,0,1
M048068_Chile,6,1
M048068_Panama,1,6
M048069_Jamaica,1,1
M048069_Trinidad and Tobago,1,1
W010444_Ethiopia,10,0
W010444_Djibouti,0,10
M048070_Oman,0,0
M048070_Sudan,0,0
W010445_Ethiopia,7,0
W010445_Djibouti,0,7
W010446_Myanmar,3,1
W010446_Lebanon,1,3
W010447_Nepal,1,0
W010447_Kyrgyzstan,0,1
W010448_Canada,1,1
W010448_China PR,1,1
W010449_Mexico,4,0
W010449_Taiwan,0,4
W010450_Ecuador,4,1
W010450_El Salvador,1,4
W010451_South Sudan,0,5
W010451_Algeria,5,0
W010452_Niger,0,2
W010452_Gambia,2,0
W010453_United States,2,0
W010453_Colombia,0,2
W010454_Tanzania,3,1
W010454_Equatorial Guinea,1,3
W010455_South Korea,3,0
W010455_Uzbekistan,0,3
W010456_Saudi Arabia,0,1
W010456_Indonesia,1,0
W010457_Puerto Rico,1,0
W010457_Estonia,0,1
W010458_Nepal,1,0
W010458_Lebanon,0,1
W010459_Russia,3,1
W010459_Thailand,1,3
W010460_Japan,4,0
W010460_Australia,0,4
W010461_Gabon,0,6
W010461_Mali,6,0
W010462_Botswana,0,2
W010462_DR Congo,2,0
W010463_Kyrgyzstan,0,5
W010463_Myanmar,5,0
W010464_Benin,2,1
W010464_Sierra Leone,1,2
W010465_Angola,2,1
W010465_Zimbabwe,1,2
W010466_Jordan,0,2
W010466_India,2,0
W010467_Albania,1,2
W010467_Ukraine,2,1
W010468_Armenia,6,1
W010468_Liechtenstein,1,6
W010469_Austria,1,0
W010469_Scotland,0,1
W010470_Azerbaijan,0,0
W010470_Montenegro,0,0
W010471_Belarus,0,2
W010471_Hungary,2,0
W010472_Bosnia and Herzegovina,4,0
W010472_Romania,0,4
W010473_Croatia,0,4
W010473_Czech Republic,4,0
W010474_Uganda,2,0
W010474_Ethiopia,0,2
W010475_Switzerland,0,0
W010475_Iceland,0,0
W010476_Spain,3,2
W010476_Belgium,2,3
W010477_Slovakia,3,0
W010477_Faroe Islands,0,3
W010478_Serbia,1,0
W010478_Finland,0,1
W010479_Rwanda,0,1
W010479_Egypt,1,0
W010480_Republic of Ireland,1,0
W010480_Turkey,0,1
W010481_Portugal,1,1
W010481_England,1,1
W010482_Poland,2,0
W010482_Northern Ireland,0,2
W010483_Paraguay,1,2
W010483_Uruguay,2,1
W010484_Bulgaria,1,3
W010484_Israel,3,1
W010485_Netherlands,2,2
W010485_Germany,2,2
W010486_North Macedonia,0,4
W010486_Kosovo,4,0
W010487_Moldova,1,0
W010487_Gibraltar,0,1
W010488_Luxembourg,2,2
W010488_Kazakhstan,2,2
W010489_Kenya,0,0
W010489_Tunisia,0,0
W010490_Italy,1,0
W010490_Wales,0,1
W010491_Guinea,2,2
W010491_Cape Verde,2,2
W010492_Greece,1,2
W010492_Slovenia,2,1
W010493_Georgia,2,1
W010493_Andorra,1,2
W010494_France,1,0
W010494_Norway,0,1
W010495_Eswatini,0,3
W010495_Namibia,3,0
W010496_Denmark,1,2
W010496_Sweden,2,1
W010497_Cyprus,2,1
W010497_Malta,1,2
W010498_Morocco,1,0
W010498_Ghana,0,1
W010499_Togo,5,0
W010499_Djibouti,0,5
W010500_Taiwan,0,4
W010500_China PR,4,0
W010501_Ecuador,2,3
W010501_El Salvador,3,2
W010502_South Africa,1,0
W010502_Lesotho,0,1
W010503_Costa Rica,1,1
W010503_New Zealand,1,1
W010504_Chile,0,3
W010504_Argentina,3,0
W010505_Canada,2,0
W010505_Mexico,0,2
W010506_Costa Rica,1,1
W010506_New Zealand,1,1
W010507_Thailand,0,4
W010507_South Korea,4,0
W010508_United States,2,1
W010508_Australia,1,2
W010509_Zambia,2,0
W010509_Malawi,0,2
W010510_Puerto Rico,1,1
W010510_Iran,1,1
W010511_Peru,0,2
W010511_Jamaica,2,0
W010512_Nepal,2,2
W010512_Myanmar,2,2
W010513_Kyrgyzstan,0,2
W010513_Lebanon,2,0
W010514_Jordan,0,1
W010514_Uzbekistan,1,0
W010515_Colombia,1,4
W010515_Japan,4,1
W010516_Burundi,0,1
W010516_Burkina Faso,1,0
W010517_Saudi Arabia,4,0
W010517_Tajikistan,0,4
W010518_Russia,2,0
W010518_India,0,2
W010519_Gambia,2,1
W010519_Niger,1,2
W010520_Paraguay,0,1
W010520_Uruguay,1,0
W010521_Sierra Leone,1,3
W010521_Benin,3,1
W010522_South Africa,2,0
W010522_Lesotho,0,2
W010523_Taiwan,0,7
W010523_Canada,7,0
W010524_China PR,0,2
W010524_Mexico,2,0
W010525_Morocco,1,1
W010525_Haiti,1,1
W010526_Montenegro,3,1
W010526_Lithuania,1,3
W010527_Chile,0,0
W010527_Argentina,0,0
W010528_Armenia,2,0
W010528_Kazakhstan,0,2
W010529_Cyprus,2,1
W010529_Georgia,1,2
W010530_Algeria,3,0
W010530_South Sudan,0,3
W010531_Mali,4,1
W010531_Gabon,1,4
W010532_Israel,3,1
W010532_Estonia,1,3
W010533_Italy,1,3
W010533_Denmark,3,1
W010534_Malta,1,0
W010534_Andorra,0,1
W010535_Czech Republic,5,1
W010535_Albania,1,5
W010536_Egypt,2,2
W010536_Rwanda,2,2
W010537_France,3,2
W010537_Iceland,2,3
W010538_Turkey,1,0
W010538_Greece,0,1
W010539_Ukraine,2,1
W010539_Croatia,1,2
W010540_Wales,1,1
W010540_Sweden,1,1
W010541_Zambia,2,3
W010541_Malawi,3,2
W010542_Slovenia,4,0
W010542_Republic of Ireland,0,4
W010543_Slovakia,1,0
W010543_Moldova,0,1
W010544_Serbia,0,0
W010544_Belarus,0,0
W010545_Scotland,1,2
W010545_Netherlands,2,1
W010546_Romania,0,1
W010546_Poland,1,0
W010547_Luxembourg,7,0
W010547_Liechtenstein,0,7
W010548_Norway,2,1
W010548_Switzerland,1,2
W010549_Northern Ireland,3,2
W010549_Bosnia and Herzegovina,2,3
W010550_Hungary,0,1
W010550_Finland,1,0
W010551_Gibraltar,0,1
W010551_Faroe Islands,1,0
W010552_Germany,4,1
W010552_Austria,1,4
W010553_Solomon Islands,0,1
W010553_Vanuatu,1,0
W010554_Kosovo,0,1
W010554_Latvia,1,0
W010555_Zimbabwe,2,1
W010555_Angola,1,2
W010556_Ethiopia,2,0
W010556_Uganda,0,2
W010557_Tunisia,0,1
W010557_Kenya,1,0
W010558_Togo,5,0
W010558_Djibouti,0,5
W010559_Australia,1,2
W010559_Colombia,2,1
W010560_Belgium,0,1
W010560_Portugal,1,0
W010561_Burkina Faso,4,1
W010561_Burundi,1,4
W010562_Cape Verde,4,1
W010562_Guinea,1,4
W010563_Costa Rica,0,1
W010563_New Zealand,1,0
W010564_United States,1,2
W010564_Japan,2,1
W010565_DR Congo,0,0
W010565_Botswana,0,0
W010566_Equatorial Guinea,1,1
W010566_Tanzania,1,1
W010567_Uzbekistan,0,0
W010567_Thailand,0,0
W010568_India,0,3
W010568_South Korea,3,0
W010569_Iran,0,2
W010569_Puerto Rico,2,0
W010570_Peru,2,3
W010570_Jamaica,3,2
W010571_Namibia,1,0
W010571_Eswatini,0,1
W010572_Nepal,0,2
W010572_Myanmar,2,0
W010573_England,1,0
W010573_Spain,0,1
W010574_Russia,3,0
W010574_Jordan,0,3
W010575_Saudi Arabia,3,0
W010575_Tajikistan,0,3
M048071_Saint Vincent and the Grenadines,1,1
M048071_Grenada,1,1
M048072_Oman,0,0
M048072_Sudan,0,0
M048073_Jordan,1,1
M048073_North Korea,1,1
M048074_Honduras,1,2
M048074_Guatemala,2,1
M048075_Central African Republic,1,4
M048075_Madagascar,4,1
M048076_Hong Kong,2,0
M048076_Macau,0,2
M048077_India,3,0
M048077_Maldives,0,3
M048078_Vietnam,2,1
M048078_Cambodia,1,2
M048079_Eswatini,0,0
M048079_Cameroon,0,0
M048080_Russia,5,0
M048080_Grenada,0,5
M048081_Kazakhstan,2,0
M048081_Curaçao,0,2
M048082_Liberia,0,1
M048082_Tunisia,1,0
M048083_Greece,0,1
M048083_Scotland,1,0
M048084_Canada,0,2
M048084_Mexico,2,0
M048085_United States,0,1
M048085_Panama,1,0
M048086_Croatia,2,0
M048086_France,0,2
M048087_Denmark,1,0
M048087_Portugal,0,1
M048088_Italy,1,2
M048088_Germany,2,1
M048089_Armenia,0,3
M048089_Georgia,3,0
M048090_Ukraine,3,1
M048090_Belgium,1,3
M048091_Netherlands,2,2
M048091_Spain,2,2
M048092_Austria,1,1
M048092_Serbia,1,1
M048093_Turkey,3,1
M048093_Hungary,1,3
M048094_Lebanon,4,0
M048094_Timor-Leste,0,4
M048095_Bulgaria,1,2
M048095_Republic of Ireland,2,1
M048096_Comoros,0,3
M048096_Mali,3,0
M048097_Malawi,0,1
M048097_Namibia,1,0
M048098_Mozambique,3,1
M048098_Uganda,1,3
M048099_Gabon,3,0
M048099_Seychelles,0,3
M048100_Gambia,3,3
M048100_Kenya,3,3
M048101_Libya,1,1
M048101_Angola,1,1
M048102_Cape Verde,1,0
M048102_Mauritius,0,1
M048103_Zimbabwe,2,2
M048103_Benin,2,2
M048104_Sierra Leone,3,1
M048104_Guinea-Bissau,1,3
M048105_Saudi Arabia,1,0
M048105_China PR,0,1
M048106_Australia,5,1
M048106_Indonesia,1,5
M048107_Japan,2,0
M048107_Bahrain,0,2
M048108_Iraq,2,2
M048108_Kuwait,2,2
M048109_South Korea,1,1
M048109_Oman,1,1
M048110_Qatar,5,1
M048110_North Korea,1,5
M048111_Uzbekistan,1,0
M048111_Kyrgyzstan,0,1
M048112_Iran,2,0
M048112_United Arab Emirates,0,2
M048113_Brazil,2,1
M048113_Colombia,1,2
M048114_Peru,3,1
M048114_Bolivia,1,3
M048115_Paraguay,1,0
M048115_Chile,0,1
M048116_Tajikistan,0,5
M048116_Belarus,5,0
M048117_Laos,1,2
M048117_Sri Lanka,2,1
M048118_Slovakia,0,0
M048118_Slovenia,0,0
M048119_Jordan,3,1
M048119_Palestine,1,3
M048120_Kosovo,2,1
M048120_Iceland,1,2
M048121_Botswana,1,3
M048121_Algeria,3,1
M048122_Guyana,3,2
M048122_Guatemala,2,3
M048123_Morocco,2,1
M048123_Niger,1,2
M048124_Andorra,0,1
M048124_Latvia,1,0
M048125_England,2,0
M048125_Albania,0,2
M048126_Romania,0,1
M048126_Bosnia and Herzegovina,1,0
M048127_Cyprus,2,0
M048127_San Marino,0,2
M048128_Poland,1,0
M048128_Lithuania,0,1
M048129_Malta,0,1
M048129_Finland,1,0
M048130_Ghana,5,0
M048130_Chad,0,5
M048131_Equatorial Guinea,2,0
M048131_São Tomé and Príncipe,0,2
M048132_Guinea,0,0
M048132_Somalia,0,0
M048133_Belize,0,7
M048133_Costa Rica,7,0
M048134_Bermuda,3,5
M048134_Honduras,5,3
M048135_Saint Vincent and the Grenadines,1,1
M048135_Jamaica,1,1
M048136_Burundi,0,1
M048136_Ivory Coast,1,0
M048137_Guadeloupe,1,0
M048137_Nicaragua,0,1
M048138_Suriname,1,0
M048138_Martinique,0,1
M048139_Northern Ireland,1,1
M048139_Switzerland,1,1
M048140_South Africa,0,3
M048140_Lesotho,3,0
M048141_Rwanda,0,2
M048141_Nigeria,2,0
M048142_DR Congo,1,0
M048142_South Sudan,0,1
M048143_Ethiopia,0,2
M048143_Egypt,2,0
M048144_Cuba,1,2
M048144_Trinidad and Tobago,2,1
M048145_New Zealand,7,0
M048145_Fiji,0,7
M048146_Burkina Faso,4,1
M048146_Djibouti,1,4
M048147_Uruguay,0,1
M048147_Argentina,1,0
M048148_Ecuador,2,1
M048148_Venezuela,1,2
M048149_Thailand,2,0
M048149_Afghanistan,0,2
M048150_Singapore,0,1
M048150_Nepal,1,0
M048151_Puerto Rico,2,2
M048151_Dominican Republic,2,2
M048152_New Caledonia,3,0
M048152_Tahiti,0,3
M048153_Czech Republic,2,1
M048153_Faroe Islands,1,2
M048154_Montenegro,3,1
M048154_Gibraltar,1,3
M048155_Wales,3,1
M048155_Kazakhstan,1,3
M048156_Israel,2,1
M048156_Estonia,1,2
M048157_Liechtenstein,0,3
M048157_North Macedonia,3,0
M048158_Sudan,0,0
M048158_Senegal,0,0
M048159_Togo,2,2
M048159_Mauritania,2,2
M048160_Luxembourg,1,0
M048160_Sweden,0,1
M048161_Azerbaijan,0,3
M048161_Haiti,3,0
M048162_Moldova,0,5
M048162_Norway,5,0
M048163_Kenya,1,2
M048163_Gabon,2,1
M048164_Slovenia,1,0
M048164_Slovakia,0,1
M048165_Republic of Ireland,2,1
M048165_Bulgaria,1,2
M048166_Iceland,1,3
M048166_Kosovo,3,1
M048167_Georgia,6,1
M048167_Armenia,1,6
M048168_Serbia,2,0
M048168_Austria,0,2
M048169_Scotland,0,3
M048169_Greece,3,0
M048170_Eswatini,3,3
M048170_Mauritius,3,3
M048171_Belgium,3,0
M048171_Ukraine,0,3
M048172_Spain,3,3
M048172_Netherlands,3,3
M048173_Portugal,5,2
M048173_Denmark,2,5
M048174_Germany,3,3
M048174_Italy,3,3
M048175_France,2,0
M048175_Croatia,0,2
M048176_Panama,1,2
M048176_Mexico,2,1
M048177_United States,1,2
M048177_Canada,2,1
M048178_Hungary,0,3
M048178_Turkey,3,0
M048179_Albania,3,0
M048179_Andorra,0,3
M048180_England,3,0
M048180_Latvia,0,3
M048181_San Marino,1,5
M048181_Romania,5,1
M048182_Bosnia and Herzegovina,2,1
M048182_Cyprus,1,2
M048183_Poland,2,0
M048183_Malta,0,2
M048184_Lithuania,2,2
M048184_Finland,2,2
M048185_Madagascar,0,3
M048185_Ghana,3,0
M048186_Namibia,1,1
M048186_Equatorial Guinea,1,1
M048187_Tunisia,2,0
M048187_Malawi,0,2
M048188_Liberia,2,1
M048188_São Tomé and Príncipe,1,2
M048189_Ivory Coast,1,0
M048189_Gambia,0,1
M048190_Ethiopia,6,1
M048190_Djibouti,1,6
M048191_Guinea-Bissau,1,2
M048191_Burkina Faso,2,1
M048192_New Zealand,3,0
M048192_New Caledonia,0,3
M048193_Central African Republic,0,0
M048193_Mali,0,0
M048194_Nicaragua,0,1
M048194_Guadeloupe,1,0
M048195_Comoros,1,0
M048195_Chad,0,1
M048196_Rwanda,1,1
M048196_Lesotho,1,1
M048197_Angola,1,2
M048197_Cape Verde,2,1
M048198_Cameroon,3,1
M048198_Libya,1,3
M048199_Morocco,2,0
M048199_Tanzania,0,2
M048200_Burundi,5,0
M048200_Seychelles,0,5
M048201_Uganda,1,0
M048201_Guinea,0,1
M048202_Botswana,2,0
M048202_Somalia,0,2
M048203_Algeria,5,1
M048203_Mozambique,1,5
M048204_Jamaica,3,0
M048204_Saint Vincent and the Grenadines,0,3
M048205_Moldova,2,3
M048205_Estonia,3,2
M048206_Israel,2,4
M048206_Norway,4,2
M048207_Liechtenstein,0,2
M048207_Kazakhstan,2,0
M048208_North Macedonia,1,1
M048208_Wales,1,1
M048209_Tajikistan,1,0
M048209_Timor-Leste,0,1
M048210_Gibraltar,0,4
M048210_Czech Republic,4,0
M048211_Honduras,2,0
M048211_Bermuda,0,2
M048212_Guatemala,2,0
M048212_Guyana,0,2
M048213_Costa Rica,6,1
M048213_Belize,1,6
M048214_Malaysia,2,0
M048214_Nepal,0,2
M048215_Vietnam,5,0
M048215_Laos,0,5
M048216_Syria,2,0
M048216_Pakistan,0,2
M048217_Myanmar,2,1
M048217_Afghanistan,1,2
M048218_Thailand,1,0
M048218_Sri Lanka,0,1
M048219_Taiwan,1,2
M048219_Turkmenistan,2,1
M048220_Singapore,0,0
M048220_Hong Kong,0,0
M048221_India,0,0
M048221_Bangladesh,0,0
M048222_Lebanon,5,0
M048222_Brunei,0,5
M048223_Montenegro,1,0
M048223_Faroe Islands,0,1
M048224_Bhutan,0,0
M048224_Yemen,0,0
M048225_Nigeria,1,1
M048225_Zimbabwe,1,1
M048226_Martinique,0,1
M048226_Suriname,1,0
M048227_Trinidad and Tobago,4,0
M048227_Cuba,0,4
M048228_Azerbaijan,0,2
M048228_Belarus,2,0
M048229_Russia,5,0
M048229_Zambia,0,5
M048230_Cambodia,1,2
M048230_Aruba,2,1
M048231_Dominican Republic,2,0
M048231_Puerto Rico,0,2
M048232_Niger,6,0
M048232_Bonaire,0,6
M048233_Sweden,5,1
M048233_Northern Ireland,1,5
M048234_Switzerland,3,1
M048234_Luxembourg,1,3
M048235_Bolivia,0,0
M048235_Uruguay,0,0
M048236_Colombia,2,2
M048236_Paraguay,2,2
M048237_Venezuela,1,0
M048237_Peru,0,1
M048238_Argentina,4,1
M048238_Brazil,1,4
M048239_Benin,0,2
M048239_South Africa,2,0
M048240_Chile,0,0
M048240_Ecuador,0,0
M048241_Kyrgyzstan,3,1
M048241_Qatar,1,3
M048242_North Korea,1,2
M048242_United Arab Emirates,2,1
M048243_South Korea,1,1
M048243_Jordan,1,1
M048244_Kuwait,0,1
M048244_Oman,1,0
M048245_Palestine,2,1
M048245_Iraq,1,2
M048246_China PR,0,2
M048246_Australia,2,0
M048247_Japan,0,0
M048247_Saudi Arabia,0,0
M048248_Indonesia,1,0
M048248_Bahrain,0,1
M048249_Egypt,1,0
M048249_Sierra Leone,0,1
M048250_Mauritania,0,2
M048250_DR Congo,2,0
M048251_Senegal,2,0
M048251_Togo,0,2
M048252_Sudan,1,1
M048252_South Sudan,1,1
M048253_Iran,2,2
M048253_Uzbekistan,2,2
M048254_Philippines,4,1
M048254_Maldives,1,4
W010576_Egypt,3,0
W010576_Jordan,0,3
W010577_England,5,0
W010577_Belgium,0,5
W010578_United Arab Emirates,1,4
W010578_Philippines,4,1
W010579_Hungary,0,1
W010579_Serbia,1,0
W010580_Ukraine,1,0
W010580_Czech Republic,0,1
W010581_Switzerland,0,2
W010581_France,2,0
W010582_Sweden,3,2
W010582_Italy,2,3
W010583_Slovenia,3,0
W010583_Turkey,0,3
W010584_Scotland,0,4
W010584_Germany,4,0
W010585_Romania,1,1
W010585_Northern Ireland,1,1
W010586_Portugal,2,4
W010586_Spain,4,2
W010587_Poland,5,1
W010587_Bosnia and Herzegovina,1,5
W010588_North Macedonia,1,2
W010588_Latvia,2,1
W010589_Netherlands,3,1
W010589_Austria,1,3
W010590_Morocco,3,1
W010590_Tunisia,1,3
W010591_Wales,1,2
W010591_Denmark,2,1
W010592_Lithuania,0,2
W010592_Azerbaijan,2,0
W010593_Ivory Coast,2,0
W010593_Kenya,0,2
W010594_Iceland,0,0
W010594_Norway,0,0
W010595_Cyprus,2,2
W010595_Andorra,2,2
W010596_Chile,0,1
W010596_Haiti,1,0
W010597_Australia,1,0
W010597_South Korea,0,1
W010598_Armenia,1,3
W010598_Luxembourg,3,1
W010599_Albania,4,0
W010599_Croatia,0,4
W010600_Estonia,0,0
W010600_Bulgaria,0,0
W010601_Faroe Islands,2,0
W010601_Moldova,0,2
W010602_Finland,0,0
W010602_Belarus,0,0
W010603_Georgia,2,3
W010603_Malta,3,2
W010604_Liechtenstein,0,4
W010604_Kazakhstan,4,0
W010605_Gibraltar,0,8
W010605_Slovakia,8,0
W010606_Greece,0,4
W010606_Republic of Ireland,4,0
W010607_China PR,5,0
W010607_Uzbekistan,0,5
W010608_Costa Rica,0,1
W010608_Ecuador,1,0
W010609_Zambia,2,3
W010609_Thailand,3,2
W010610_Venezuela,1,0
W010610_Panama,0,1
W010611_United States,2,0
W010611_Brazil,0,2
W010612_Canada,3,0
W010612_Argentina,0,3
W010613_Saudi Arabia,2,0
W010613_Sri Lanka,0,2
W010614_Peru,2,3
W010614_Cuba,3,2
W010615_Mexico,3,0
W010615_Jamaica,0,3
W010616_South Africa,3,0
W010616_Malawi,0,3
W010617_Japan,1,1
W010617_Colombia,1,1
W010618_Australia,2,0
W010618_South Korea,0,2
W010619_Lebanon,4,0
W010619_Comoros,0,4
W010620_Iceland,3,3
W010620_Switzerland,3,3
W010621_Germany,6,1
W010621_Scotland,1,6
W010622_Finland,3,0
W010622_Hungary,0,3
W010623_Faroe Islands,5,0
W010623_Gibraltar,0,5
W010624_Egypt,5,1
W010624_Jordan,1,5
W010625_Denmark,0,3
W010625_Italy,3,0
W010626_Czech Republic,1,1
W010626_Ukraine,1,1
W010627_Croatia,1,2
W010627_Albania,2,1
W010628_Chile,2,1
W010628_Haiti,1,2
W010629_Israel,3,3
W010629_Bulgaria,3,3
W010630_Bosnia and Herzegovina,1,1
W010630_Poland,1,1
W010631_Belgium,3,2
W010631_England,2,3
W010632_Kazakhstan,3,2
W010632_Armenia,2,3
W010633_Austria,1,3
W010633_Netherlands,3,1
W010634_Andorra,2,1
W010634_Cyprus,1,2
W010635_Japan,6,1
W010635_Colombia,1,6
W010636_China PR,5,1
W010636_Thailand,1,5
W010637_Belarus,0,3
W010637_Serbia,3,0
W010638_Kosovo,3,0
W010638_North Macedonia,0,3
W010639_United Arab Emirates,0,4
W010639_Philippines,4,0
W010640_Turkey,0,1
W010640_Slovenia,1,0
W010641_Sweden,1,1
W010641_Wales,1,1
W010642_Spain,7,1
W010642_Portugal,1,7
W010643_South Africa,2,1
W010643_Malawi,1,2
W010644_Senegal,1,0
W010644_Ghana,0,1
W010645_Saudi Arabia,1,2
W010645_Hong Kong,2,1
W010646_Republic of Ireland,2,1
W010646_Greece,1,2
W010647_Uzbekistan,3,4
W010647_Zambia,4,3
W010648_Peru,3,2
W010648_Cuba,2,3
W010649_Northern Ireland,1,0
W010649_Romania,0,1
W010650_Morocco,0,1
W010650_Cameroon,1,0
W010651_Montenegro,1,1
W010651_Azerbaijan,1,1
W010652_Moldova,0,2
W010652_Slovakia,2,0
W010653_Malta,2,1
W010653_Georgia,1,2
W010654_Liechtenstein,2,3
W010654_Luxembourg,3,2
W010655_Latvia,1,1
W010655_Estonia,1,1
W010656_Norway,0,2
W010656_France,2,0
W010657_Venezuela,1,1
W010657_Panama,1,1
W010658_Ivory Coast,2,0
W010658_Kenya,0,2
W010659_United States,1,2
W010659_Brazil,2,1
W010660_Mexico,4,0
W010660_Jamaica,0,4
W010661_Costa Rica,3,3
W010661_Ecuador,3,3
W010662_Canada,0,1
W010662_Argentina,1,0
M048255_Dominica,0,0
M048255_Barbados,0,0
M048256_Dominica,0,0
M048256_Barbados,0,0
M048257_Saint Kitts and Nevis,1,3
M048257_Saint Vincent and the Grenadines,3,1
W010663_Sierra Leone,0,3
W010663_Gambia,3,0
W010664_Senegal,2,1
W010664_Guinea,1,2
W010665_Guinea-Bissau,1,3
W010665_Liberia,3,1
W010666_Mauritania,0,5
W010666_Mali,5,0
W010667_Mauritania,1,1
W010667_Liberia,1,1
W010668_Sierra Leone,3,1
W010668_Guinea,1,3
W010669_Gambia,0,6
W010669_Senegal,6,0
W010670_Guinea-Bissau,1,4
W010670_Mali,4,1
M048258_Anguilla,2,4
M048258_Saint Kitts and Nevis,4,2
M048259_Saint Vincent and the Grenadines,3,0
M048259_Saint Kitts and Nevis,0,3
W010671_Kazakhstan,3,1
W010671_Kyrgyzstan,1,3
W010672_Senegal,1,1
W010672_Sierra Leone,1,1
W010673_Mauritania,2,0
W010673_Guinea-Bissau,0,2
W010674_Mali,1,1
W010674_Liberia,1,1
W010675_Guinea,4,3
W010675_Gambia,3,4
M048260_Jamaica,3,2
M048260_Trinidad and Tobago,2,3
M048261_Oman,1,0
M048261_Lebanon,0,1
M048262_Nigeria,2,1
M048262_Ghana,1,2
W010676_South Africa,3,2
W010676_Botswana,2,3
W010677_Guatemala,0,1
W010677_Puerto Rico,1,0
W010678_Jordan,1,1
W010678_Indonesia,1,1
W010679_Bhutan,0,0
W010679_Hong Kong,0,0
W010680_Kazakhstan,2,1
W010680_Kyrgyzstan,1,2
M048263_Malaysia,1,1
M048263_Cape Verde,1,1
W010681_United Arab Emirates,0,0
W010681_Bahrain,0,0
W010682_Honduras,2,4
W010682_Dominican Republic,4,2
W010683_Lebanon,1,1
W010683_Palestine,1,1
W010684_Mali,0,1
W010684_Sierra Leone,1,0
W010685_Senegal,1,0
W010685_Liberia,0,1
W010686_Suriname,0,1
W010686_Aruba,1,0
M048264_Saint Vincent and the Grenadines,1,1
M048264_British Virgin Islands,1,1
M048265_Saudi Arabia,2,0
M048265_Jordan,0,2
W010687_Papua New Guinea,2,2
W010687_Fiji,2,2
W010688_Tanzania,2,1
W010688_DR Congo,1,2
W010689_South Korea,0,1
W010689_Colombia,1,0
W010690_Slovenia,2,0
W010690_Greece,0,2
W010691_Slovakia,11,0
W010691_Gibraltar,0,11
W010692_Serbia,1,0
W010692_Hungary,0,1
W010693_Scotland,0,1
W010693_Austria,1,0
W010694_Romania,2,0
W010694_Bosnia and Herzegovina,0,2
W010695_Paraguay,0,0
W010695_Ecuador,0,0
W010696_Thailand,1,0
W010696_Nepal,0,1
W010697_Ukraine,2,1
W010697_Albania,1,2
W010698_Turkey,1,2
W010698_Republic of Ireland,2,1
W010699_Panama,2,0
W010699_Bolivia,0,2
W010700_Norway,1,1
W010700_Iceland,1,1
W010701_Northern Ireland,0,4
W010701_Poland,4,0
W010702_Malta,1,0
W010702_Cyprus,0,1
W010703_Luxembourg,2,0
W010703_Armenia,0,2
W010704_Moldova,1,1
W010704_Faroe Islands,1,1
W010705_Kazakhstan,4,0
W010705_Liechtenstein,0,4
W010706_Andorra,1,2
W010706_Georgia,2,1
W010707_Australia,2,0
W010707_Argentina,0,2
W010708_Azerbaijan,0,5
W010708_Lithuania,5,0
W010709_Belarus,0,3
W010709_Finland,3,0
W010710_Belgium,1,5
W010710_Spain,5,1
W010711_Czech Republic,5,0
W010711_Croatia,0,5
W010712_Latvia,1,1
W010712_North Macedonia,1,1
W010713_Denmark,1,0
W010713_Wales,0,1
W010714_Estonia,0,3
W010714_Israel,3,0
W010715_France,4,0
W010715_Switzerland,0,4
W010716_Germany,4,0
W010716_Netherlands,0,4
W010717_India,0,1
W010717_Uzbekistan,1,0
W010718_Italy,0,0
W010718_Sweden,0,0
W010719_Ivory Coast,3,3
W010719_Ghana,3,3
W010720_England,6,0
W010720_Portugal,0,6
W010721_Suriname,4,0
W010721_Aruba,0,4
M048266_Trinidad and Tobago,0,4
M048266_Ghana,4,0
M048267_Jamaica,2,2
M048267_Nigeria,2,2
W010722_Bangladesh,0,0
W010722_Indonesia,0,0
W010723_Brazil,3,1
W010723_Japan,1,3
W010724_Mexico,2,2
W010724_Uruguay,2,2
W010725_Canada,4,1
W010725_Haiti,1,4
W010726_Malaysia,1,2
W010726_Hong Kong,2,1
W010727_Mali,0,1
W010727_Liberia,1,0
W010728_New Zealand,1,3
W010728_Venezuela,3,1
W010729_United States,3,0
W010729_China PR,0,3
W010730_Zambia,1,1
W010730_Botswana,1,1
W010731_Sierra Leone,1,0
W010731_Senegal,0,1
M048268_El Salvador,1,1
M048268_Guatemala,1,1
M048269_Puerto Rico,1,1
M048269_Nicaragua,1,1
M048270_Grenada,2,0
M048270_Anguilla,0,2
W010732_Guatemala,1,2
W010732_Puerto Rico,2,1
W010733_Honduras,1,0
W010733_Dominican Republic,0,1
W010734_Suriname,1,7
W010734_Aruba,7,1
M048271_Tunisia,2,0
M048271_Burkina Faso,0,2
W010735_Thailand,2,0
W010735_Nepal,0,2
W010736_Australia,4,1
W010736_Argentina,1,4
W010737_Brazil,2,1
W010737_Japan,1,2
W010738_Papua New Guinea,1,3
W010738_Fiji,3,1
W010739_Paraguay,2,0
W010739_Ecuador,0,2
W010740_South Korea,1,1
W010740_Colombia,1,1
M048272_Malaysia,0,3
M048272_Cape Verde,3,0
W010741_Lithuania,0,1
W010741_Montenegro,1,0
W010742_Liechtenstein,2,2
W010742_Armenia,2,2
W010743_Latvia,2,2
W010743_Kosovo,2,2
W010744_Gibraltar,0,4
W010744_Moldova,4,0
W010745_Iceland,0,2
W010745_France,2,0
W010746_Hungary,0,0
W010746_Belarus,0,0
W010747_Netherlands,1,1
W010747_Scotland,1,1
W010748_India,0,1
W010748_Uzbekistan,1,0
W010749_Ivory Coast,1,0
W010749_Ghana,0,1
W010750_Greece,0,1
W010750_Turkey,1,0
W010751_New Zealand,2,1
W010751_Venezuela,1,2
W010752_Philippines,0,1
W010752_Taiwan,1,0
W010753_Panama,5,1
W010753_Bolivia,1,5
W010754_Kazakhstan,1,3
W010754_Luxembourg,3,1
W010755_Poland,3,0
W010755_Romania,0,3
W010756_Portugal,0,3
W010756_Belgium,3,0
W010757_Republic of Ireland,1,0
W010757_Slovenia,0,1
W010758_South Africa,2,0
W010758_Zambia,0,2
W010759_Spain,2,1
W010759_England,1,2
W010760_Sweden,6,1
W010760_Denmark,1,6
W010761_Switzerland,0,1
W010761_Norway,1,0
W010762_Tanzania,3,1
W010762_DR Congo,1,3
W010763_Wales,1,4
W010763_Italy,4,1
W010764_Nigeria,2,0
W010764_Cameroon,0,2
W010765_Jordan,2,2
W010765_Bangladesh,2,2
W010766_Georgia,1,2
W010766_Cyprus,2,1
W010767_Albania,1,2
W010767_Czech Republic,2,1
W010768_Andorra,0,0
W010768_Malta,0,0
W010769_Austria,0,6
W010769_Germany,6,0
W010770_Bhutan,1,3
W010770_Malaysia,3,1
W010771_Bosnia and Herzegovina,1,1
W010771_Northern Ireland,1,1
W010772_Bulgaria,0,1
W010772_Estonia,1,0
W010773_Canada,3,1
W010773_Haiti,1,3
W010774_Croatia,2,0
W010774_Ukraine,0,2
W010775_Faroe Islands,1,2
W010775_Slovakia,2,1
W010776_Finland,1,1
W010776_Serbia,1,1
M048273_Saint Vincent and the Grenadines,6,0
M048273_Anguilla,0,6
M048274_Dominica,3,0
M048274_British Virgin Islands,0,3
M048275_Montserrat,1,0
M048275_Belize,0,1
M048276_Grenada,6,0
M048276_Bahamas,0,6
M048277_Bermuda,5,0
M048277_Cayman Islands,0,5
M048278_Bangladesh,2,0
M048278_Bhutan,0,2
M048279_Thailand,2,0
M048279_India,0,2
M048280_Germany,1,2
M048280_Portugal,2,1
M048281_Barbados,1,1
M048281_Aruba,1,1
W010777_Mexico,1,0
W010777_Uruguay,0,1
W010778_Morocco,5,1
W010778_Kenya,1,5
W010779_United States,4,0
W010779_Jamaica,0,4
M048282_Qatar,1,0
M048282_Iran,0,1
M048283_Sri Lanka,1,0
M048283_Brunei,0,1
M048284_Indonesia,1,0
M048284_China PR,0,1
M048285_Australia,1,0
M048285_Japan,0,1
M048286_Bahrain,0,2
M048286_Saudi Arabia,2,0
M048287_Kuwait,0,2
M048287_Palestine,2,0
M048288_Iraq,0,2
M048288_South Korea,2,0
M048289_Oman,0,3
M048289_Jordan,3,0
M048290_North Korea,2,2
M048290_Kyrgyzstan,2,2
M048291_Ecuador,0,0
M048291_Brazil,0,0
M048292_Chile,0,1
M048292_Argentina,1,0
M048293_Paraguay,2,0
M048293_Uruguay,0,2
M048294_Singapore,3,1
M048294_Maldives,1,3
M048295_Hong Kong,0,0
M048295_Nepal,0,0
M048296_Georgia,1,0
M048296_Faroe Islands,0,1
M048297_DR Congo,1,0
M048297_Mali,0,1
M048298_Cambodia,1,2
M048298_Tajikistan,2,1
M048299_Belarus,4,1
M048299_Kazakhstan,1,4
M048300_Algeria,2,0
M048300_Rwanda,0,2
M048301_United Arab Emirates,0,0
M048301_Uzbekistan,0,0
M048302_Spain,5,4
M048302_France,4,5
M048303_Estonia,1,3
M048303_Israel,3,1
M048304_Wales,3,0
M048304_Liechtenstein,0,3
M048305_North Macedonia,1,1
M048305_Belgium,1,1
M048306_Czech Republic,2,0
M048306_Montenegro,0,2
M048307_Gibraltar,0,7
M048307_Croatia,7,0
M048308_Guatemala,4,2
M048308_Dominican Republic,2,4
M048309_Trinidad and Tobago,6,2
M048309_Saint Kitts and Nevis,2,6
M048310_Curaçao,4,0
M048310_Saint Lucia,0,4
M048311_Nicaragua,1,0
M048311_Guyana,0,1
M048312_Suriname,1,0
M048312_Puerto Rico,0,1
M048313_Norway,3,0
M048313_Italy,0,3
M048314_Antigua and Barbuda,0,1
M048314_Cuba,1,0
M048315_Venezuela,2,0
M048315_Bolivia,0,2
M048316_Republic of Ireland,1,1
M048316_Senegal,1,1
M048317_Russia,1,1
M048317_Nigeria,1,1
M048318_Burundi,1,0
M048318_Guinea-Bissau,0,1
M048319_Bulgaria,2,2
M048319_Cyprus,2,2
M048320_Central African Republic,2,1
M048320_Mauritania,1,2
M048321_Colombia,0,0
M048321_Peru,0,0
M048322_Hungary,0,2
M048322_Sweden,2,0
M048323_Kosovo,5,2
M048323_Armenia,2,5
M048324_Luxembourg,0,1
M048324_Slovenia,1,0
M048325_Equatorial Guinea,1,2
M048325_Gambia,2,1
M048326_Niger,4,3
M048326_Gabon,3,4
M048327_Poland,2,0
M048327_Moldova,0,2
M048328_Scotland,1,3
M048328_Iceland,3,1
M048329_South Africa,0,0
M048329_Tanzania,0,0
M048330_Uganda,0,3
M048330_Cameroon,3,0
M048331_Zimbabwe,0,2
M048331_Burkina Faso,2,0
M048332_Morocco,2,0
M048332_Tunisia,0,2
M048333_Anguilla,0,3
M048333_El Salvador,3,0
M048334_British Virgin Islands,0,1
M048334_Jamaica,1,0
M048335_Belize,0,2
M048335_Panama,2,0
M048336_Aruba,0,5
M048336_Haiti,5,0
M048337_Bahamas,0,8
M048337_Costa Rica,8,0
M048338_Cayman Islands,0,1
M048338_Honduras,1,0
M048339_Kenya,0,0
M048339_Chad,0,0
M048340_Ivory Coast,0,1
M048340_New Zealand,1,0
M048341_Andorra,0,1
M048341_England,1,0
M048342_Albania,0,0
M048342_Serbia,0,0
M048343_Austria,2,1
M048343_Romania,1,2
M048344_Bosnia and Herzegovina,1,0
M048344_San Marino,0,1
M048345_Finland,0,2
M048345_Netherlands,2,0
M048346_Malta,0,0
M048346_Lithuania,0,0
M048347_United States,1,2
M048347_Turkey,2,1
M048348_Mexico,2,4
M048348_Switzerland,4,2
M048349_Latvia,0,0
M048349_Azerbaijan,0,0
M048350_Denmark,2,1
M048350_Northern Ireland,1,2
M048351_Canada,4,2
M048351_Ukraine,2,4
M048352_Greece,4,1
M048352_Slovakia,1,4
M048353_Portugal,2,2
M048353_Spain,2,2
M048354_DR Congo,3,1
M048354_Madagascar,1,3
M048355_Germany,0,2
M048355_France,2,0
M048356_Georgia,1,1
M048356_Cape Verde,1,1
M048357_Croatia,5,1
M048357_Czech Republic,1,5
M048358_Faroe Islands,2,1
M048358_Gibraltar,1,2
M048359_Belgium,4,3
M048359_Wales,3,4
M048360_Kazakhstan,0,1
M048360_North Macedonia,1,0
M048361_Italy,2,0
M048361_Moldova,0,2
M048362_Estonia,0,1
M048362_Norway,1,0
M048363_Morocco,1,0
M048363_Benin,0,1
M048364_Equatorial Guinea,1,1
M048364_Cameroon,1,1
M048365_Algeria,2,0
M048365_Rwanda,0,2
M048366_Gabon,2,0
M048366_Guinea-Bissau,0,2
M048367_Uganda,1,1
M048367_Gambia,1,1
M048368_Liechtenstein,0,4
M048368_Scotland,4,0
M048369_Montenegro,2,2
M048369_Armenia,2,2
M048370_Kosovo,4,2
M048370_Comoros,2,4
M048371_Kyrgyzstan,1,1
M048371_United Arab Emirates,1,1
M048372_South Korea,4,0
M048372_Kuwait,0,4
M048373_Jordan,0,1
M048373_Iraq,1,0
M048374_Latvia,1,1
M048374_Albania,1,1
M048375_China PR,1,0
M048375_Bahrain,0,1
M048376_Japan,6,0
M048376_Indonesia,0,6
M048377_Saudi Arabia,1,2
M048377_Australia,2,1
M048378_Netherlands,8,0
M048378_Malta,0,8
M048379_Finland,2,1
M048379_Poland,1,2
M048380_San Marino,0,4
M048380_Austria,4,0
M048381_Romania,2,0
M048381_Cyprus,0,2
M048382_Serbia,3,0
M048382_Andorra,0,3
M048383_Palestine,1,1
M048383_Oman,1,1
M048384_Cuba,1,2
M048384_Bermuda,2,1
M048385_Belarus,1,4
M048385_Russia,4,1
M048386_Iran,3,0
M048386_North Korea,0,3
M048387_Honduras,2,0
M048387_Antigua and Barbuda,0,2
M048388_Saint Kitts and Nevis,2,3
M048388_Grenada,3,2
M048389_Costa Rica,2,1
M048389_Trinidad and Tobago,1,2
M048390_Saint Lucia,2,1
M048390_Barbados,1,2
M048391_Haiti,1,5
M048391_Curaçao,5,1
M048392_Guyana,3,0
M048392_Montserrat,0,3
M048393_Panama,3,0
M048393_Nicaragua,0,3
M048394_Dominican Republic,5,0
M048394_Dominica,0,5
M048395_Jamaica,3,0
M048395_Guatemala,0,3
M048396_Puerto Rico,2,1
M048396_Saint Vincent and the Grenadines,1,2
M048397_El Salvador,1,1
M048397_Suriname,1,1
M048398_Canada,0,0
M048398_Ivory Coast,0,0
M048399_Uzbekistan,3,0
M048399_Qatar,0,3
M048400_New Zealand,1,2
M048400_Ukraine,2,1
M048401_Argentina,1,1
M048401_Colombia,1,1
M048402_Brazil,1,0
M048402_Paraguay,0,1
M048403_Brunei,2,1
M048403_Bhutan,1,2
M048404_Yemen,0,0
M048404_Lebanon,0,0
M048405_Bangladesh,1,2
M048405_Singapore,2,1
M048406_Hong Kong,1,0
M048406_India,0,1
M048407_Sri Lanka,3,1
M048407_Taiwan,1,3
M048408_Turkmenistan,3,1
M048408_Thailand,1,3
M048409_Myanmar,1,0
M048409_Pakistan,0,1
M048410_Afghanistan,0,1
M048410_Syria,1,0
M048411_Laos,2,1
M048411_Nepal,1,2
M048412_Timor-Leste,1,0
M048412_Maldives,0,1
M048413_Azerbaijan,1,2
M048413_Hungary,2,1
M048414_Burundi,0,0
M048414_Mauritania,0,0
M048415_Chad,1,2
M048415_Kenya,2,1
M048416_Malaysia,4,0
M048416_Vietnam,0,4
M048417_England,1,3
M048417_Senegal,3,1
M048418_Peru,0,0
M048418_Ecuador,0,0
M048419_Uruguay,2,0
M048419_Venezuela,0,2
M048420_Denmark,5,0
M048420_Lithuania,0,5
M048421_United States,0,4
M048421_Switzerland,4,0
M048422_Sweden,4,3
M048422_Algeria,3,4
M048423_South Africa,2,0
M048423_Mozambique,0,2
M048424_Bolivia,2,0
M048424_Chile,0,2
M048425_Northern Ireland,1,0
M048425_Iceland,0,1
M048426_Niger,1,1
M048426_Zimbabwe,1,1
M048427_Mexico,1,0
M048427_Turkey,0,1
M048428_Luxembourg,0,0
M048428_Republic of Ireland,0,0
M048429_Israel,1,0
M048429_Slovakia,0,1
M048430_Greece,4,0
M048430_Bulgaria,0,4
M048431_Slovenia,2,1
M048431_Bosnia and Herzegovina,1,2
M048432_Philippines,2,2
M048432_Tajikistan,2,2
W010780_Tanzania,4,0
W010780_South Sudan,0,4
W010781_Uganda,0,1
W010781_Burundi,1,0
M048433_Mexico,3,2
M048433_Dominican Republic,2,3
M048434_Costa Rica,4,3
M048434_Suriname,3,4
M048435_United States,5,0
M048435_Trinidad and Tobago,0,5
M048436_Haiti,0,1
M048436_Saudi Arabia,1,0
W010782_South Sudan,0,5
W010782_Uganda,5,0
W010783_Burundi,0,3
W010783_Kenya,3,0
M048437_Panama,5,2
M048437_Guadeloupe,2,5
M048438_Jamaica,0,1
M048438_Guatemala,1,0
M048439_Curaçao,0,0
M048439_El Salvador,0,0
M048440_Canada,6,0
M048440_Honduras,0,6
W010784_Kenya,4,0
W010784_Uganda,0,4
W010785_Tanzania,6,0
W010785_Burundi,0,6
M048441_Suriname,0,2
M048441_Mexico,2,0
M048442_Costa Rica,2,1
M048442_Dominican Republic,1,2
W010786_United Arab Emirates,1,3
W010786_Malaysia,3,1
M048443_Trinidad and Tobago,1,1
M048443_Haiti,1,1
M048444_United States,1,0
M048444_Saudi Arabia,0,1
W010787_Tanzania,2,0
W010787_Uganda,0,2
W010788_Kenya,4,0
W010788_South Sudan,0,4
M048445_Jamaica,2,1
M048445_Guadeloupe,1,2
M048446_Guatemala,0,1
M048446_Panama,1,0
W010789_France,5,0
W010789_Belgium,0,5
M048447_Honduras,2,0
M048447_El Salvador,0,2
M048448_Curaçao,1,1
M048448_Canada,1,1
W010790_Burundi,1,3
W010790_South Sudan,3,1
W010791_Tanzania,1,0
W010791_Kenya,0,1
M048449_United States,2,1
M048449_Haiti,1,2
M048450_Saudi Arabia,1,1
M048450_Trinidad and Tobago,1,1
M048451_Dominican Republic,0,0
M048451_Suriname,0,0
M048452_Mexico,0,0
M048452_Costa Rica,0,0
W010792_United Arab Emirates,0,2
W010792_Malaysia,2,0
W010793_Portugal,0,0
W010793_Nigeria,0,0
W010794_Mongolia,0,13
W010794_India,13,0
W010795_Iraq,0,0
W010795_Timor-Leste,0,0
M048453_Honduras,2,1
M048453_Curaçao,1,2
M048454_Panama,4,1
M048454_Jamaica,1,4
M048455_Guadeloupe,2,3
M048455_Guatemala,3,2
M048456_Canada,2,0
M048456_El Salvador,0,2
W010796_Cambodia,1,0
W010796_Guam,0,1
W010797_Ghana,4,2
W010797_Benin,2,4
W010798_Australia,3,0
W010798_Slovenia,0,3
W010799_Norway,0,2
W010799_Sweden,2,0
W010800_Switzerland,4,1
W010800_Czech Republic,1,4
W010801_Netherlands,2,1
W010801_Finland,1,2
W010802_Belgium,2,0
W010802_Greece,0,2
W010803_Iraq,5,2
W010803_Mongolia,2,5
W010804_Timor-Leste,0,4
W010804_Thailand,4,0
W010805_Canada,4,1
W010805_Costa Rica,1,4
W010806_France,3,2
W010806_Brazil,2,3
W010807_Spain,3,1
W010807_Japan,1,3
W010808_United States,4,0
W010808_Republic of Ireland,0,4
W010809_Poland,4,0
W010809_Ukraine,0,4
W010810_Serbia,1,3
W010810_Iceland,3,1
M048457_Mexico,2,0
M048457_Saudi Arabia,0,2
M048458_Panama,1,1
M048458_Honduras,1,1
W010811_Estonia,0,1
W010811_Kosovo,1,0
W010812_Belarus,3,0
W010812_Azerbaijan,0,3
W010813_Morocco,4,0
W010813_Tanzania,0,4
W010814_Ecuador,4,0
W010814_Guatemala,0,4
W010815_Mexico,0,0
W010815_Colombia,0,0
M048459_United States,2,2
M048459_Costa Rica,2,2
M048460_Canada,1,1
M048460_Guatemala,1,1
W010816_Bahrain,0,7
W010816_Bangladesh,7,0
W010817_Myanmar,8,0
W010817_Turkmenistan,0,8
W010818_Thailand,7,0
W010818_Iraq,0,7
W010819_India,4,0
W010819_Timor-Leste,0,4
W010820_United States,4,0
W010820_Republic of Ireland,0,4
W010821_Nigeria,3,1
W010821_Ghana,1,3
W010822_Australia,1,1
W010822_Slovenia,1,1
W010823_Algeria,1,0
W010823_DR Congo,0,1
W010824_Indonesia,1,0
W010824_Kyrgyzstan,0,1
W010825_England,7,0
W010825_Jamaica,0,7
W010826_Guam,0,0
W010826_United Arab Emirates,0,0
W010827_Taiwan,8,0
W010827_Pakistan,0,8
W010828_Nepal,9,0
W010828_Laos,0,9
W010829_North Korea,10,0
W010829_Tajikistan,0,10
W010830_Malaysia,1,0
W010830_Palestine,0,1
W010831_Hong Kong,1,1
W010831_Cambodia,1,1
W010832_Vietnam,7,0
W010832_Maldives,0,7
W010833_Uzbekistan,10,0
W010833_Sri Lanka,0,10
W010834_Philippines,3,0
W010834_Saudi Arabia,0,3
W010835_Algeria,0,3
W010835_Senegal,3,0
W010836_Belarus,2,0
W010836_Azerbaijan,0,2
W010837_Estonia,2,2
W010837_Kosovo,2,2
W010838_Serbia,0,3
W010838_Russia,3,0
W010839_Ecuador,1,0
W010839_Guatemala,0,1
M048461_Mexico,1,0
M048461_Honduras,0,1
M048462_United States,2,1
M048462_Guatemala,1,2
W010840_United Arab Emirates,0,6
W010840_Vietnam,6,0
W010841_Sri Lanka,0,8
W010841_Nepal,8,0
W010842_Laos,0,7
W010842_Uzbekistan,7,0
W010843_Saudi Arabia,0,1
W010843_Hong Kong,1,0
W010844_Palestine,0,10
W010844_North Korea,10,0
W010845_Maldives,0,3
W010845_Guam,3,0
W010846_Cambodia,0,6
W010846_Philippines,6,0
W010847_Tajikistan,0,1
W010847_Malaysia,1,0
W010848_Pakistan,2,0
W010848_Indonesia,0,2
W010849_Turkmenistan,2,2
W010849_Bahrain,2,2
W010850_Bangladesh,2,1
W010850_Myanmar,1,2
W010851_Mongolia,0,11
W010851_Thailand,11,0
W010852_India,5,0
W010852_Iraq,0,5
W010853_Mexico,1,0
W010853_Colombia,0,1
W010854_United States,3,0
W010854_Canada,0,3
W010855_Switzerland,1,2
W010855_Norway,2,1
W010856_Kyrgyzstan,0,3
W010856_Taiwan,3,0
W010857_Iceland,0,1
W010857_Finland,1,0
W010858_Belgium,0,1
W010858_Italy,1,0
W010859_Spain,5,0
W010859_Portugal,0,5
W010860_Chile,5,0
W010860_Bolivia,0,5
W010861_Germany,2,0
W010861_Poland,0,2
W010862_Denmark,0,1
W010862_Sweden,1,0
W010863_Tahiti,1,1
W010863_Cook Islands,1,1
W010864_Papua New Guinea,2,1
W010864_Samoa,1,2
W010865_Morocco,2,2
W010865_Zambia,2,2
W010866_Palestine,3,0
W010866_Tajikistan,0,3
W010867_North Korea,6,0
W010867_Malaysia,0,6
W010868_Cambodia,2,1
W010868_Saudi Arabia,1,2
W010869_Philippines,1,0
W010869_Hong Kong,0,1
W010870_Fiji,3,2
W010870_Solomon Islands,2,3
W010871_Laos,2,0
W010871_Sri Lanka,0,2
W010872_Myanmar,6,0
W010872_Bahrain,0,6
W010873_Thailand,1,2
W010873_India,2,1
W010874_Timor-Leste,3,1
W010874_Mongolia,1,3
W010875_Australia,0,1
W010875_Panama,1,0
W010876_France,2,1
W010876_England,1,2
W010877_Kyrgyzstan,1,2
W010877_Pakistan,2,1
W010878_Wales,0,3
W010878_Netherlands,3,0
W010879_Tonga,0,3
W010879_Vanuatu,3,0
W010880_Bangladesh,7,0
W010880_Turkmenistan,0,7
W010881_Uzbekistan,3,3
W010881_Nepal,3,3
W010882_Vietnam,4,0
W010882_Guam,0,4
W010883_United Arab Emirates,5,0
W010883_Maldives,0,5
W010884_Taiwan,2,1
W010884_Indonesia,1,2
M048463_United States,1,2
M048463_Mexico,2,1
W010885_Algeria,1,0
W010885_Botswana,0,1
W010886_Senegal,4,0
W010886_DR Congo,0,4
W010887_Switzerland,2,0
W010887_Iceland,0,2
W010888_Norway,2,1
W010888_Finland,1,2
W010889_Nigeria,3,0
W010889_Tunisia,0,3
W010890_South Africa,2,0
W010890_Ghana,0,2
W010891_Lebanon,0,4
W010891_Jordan,4,0
W010892_Bhutan,3,2
W010892_Singapore,2,3
W010893_Portugal,1,1
W010893_Italy,1,1
W010894_Cook Islands,0,3
W010894_Samoa,3,0
W010895_Mali,1,0
W010895_Tanzania,0,1
W010896_Papua New Guinea,1,1
W010896_Tahiti,1,1
W010897_Spain,6,2
W010897_Belgium,2,6
W010898_Germany,2,1
W010898_Denmark,1,2
W010899_Australia,3,2
W010899_Panama,2,3
W010900_Poland,0,3
W010900_Sweden,3,0
W010901_Fiji,3,0
W010901_Tonga,0,3
W010902_Vanuatu,1,2
W010902_Solomon Islands,2,1
W010903_England,4,0
W010903_Netherlands,0,4
W010904_Morocco,4,2
W010904_DR Congo,2,4
W010905_Zambia,3,2
W010905_Senegal,2,3
W010906_France,4,1
W010906_Wales,1,4
W010907_Botswana,0,1
W010907_Nigeria,1,0
W010908_Tunisia,0,0
W010908_Algeria,0,0
W010909_Cook Islands,0,8
W010909_Papua New Guinea,8,0
W010910_Samoa,3,1
W010910_Tahiti,1,3
W010911_Norway,4,3
W010911_Iceland,3,4
W010912_Switzerland,1,1
W010912_Finland,1,1
W010913_Bhutan,2,1
W010913_Lebanon,1,2
W010914_Singapore,0,4
W010914_Iran,4,0
W010915_Tanzania,1,1
W010915_South Africa,1,1
W010916_Ghana,1,1
W010916_Mali,1,1
W010917_Fiji,0,1
W010917_Vanuatu,1,0
W010918_Solomon Islands,5,0
W010918_Tonga,0,5
W010919_Portugal,1,2
W010919_Belgium,2,1
W010920_Ecuador,2,2
W010920_Uruguay,2,2
W010921_Italy,1,3
W010921_Spain,3,1
W010922_Peru,0,3
W010922_Chile,3,0
W010923_Poland,3,2
W010923_Denmark,2,3
W010924_Sweden,4,1
W010924_Germany,1,4
W010925_Zambia,1,0
W010925_DR Congo,0,1
W010926_Morocco,1,0
W010926_Senegal,0,1
M048464_Hitra,2,7
M048464_Isle of Man,7,2
M048465_Orkney,3,0
M048465_Frøya,0,3
M048466_Gozo,0,0
M048466_Shetland,0,0
W010927_Jordan,5,0
W010927_Singapore,0,5
W010928_Dominican Republic,2,0
W010928_Cayman Islands,0,2
W010929_Orkney,3,1
W010929_Froya,1,3
W010930_Isle of Man,0,0
W010930_Gozo,0,0
W010931_Iran,7,1
W010931_Bhutan,1,7
W010932_Bermuda,3,1
W010932_Jersey,1,3
W010933_Western Isles,3,0
W010933_Hitra,0,3
W010934_Isle of Wight,2,2
W010934_Shetland Islands,2,2
W010935_Tunisia,1,2
W010935_Botswana,2,1
W010936_England,6,1
W010936_Wales,1,6
W010937_Bolivia,0,4
W010937_Paraguay,4,0
W010938_Brazil,2,0
W010938_Venezuela,0,2
W010939_Nigeria,0,0
W010939_Algeria,0,0
W010940_Netherlands,2,5
W010940_France,5,2
M048467_Orkney,3,2
M048467_Hitra,2,3
M048468_Isle of Man,10,1
M048468_Frøya,1,10
M048469_Jersey,2,0
M048469_Gozo,0,2
M048470_Ynys Môn,1,0
M048470_Western Isles,0,1
W010941_Isle of Man,6,0
W010941_Froya,0,6
W010942_Orkney,0,2
W010942_Gozo,2,0
W010943_Bermuda,2,0
W010943_Isle of Wight,0,2
W010944_Jersey,2,0
W010944_Shetland Islands,0,2
W010945_Western Isles,4,2
W010945_Ynys Môn,2,4
W010946_Cook Islands,0,1
W010946_Tonga,1,0
W010947_Tahiti,0,1
W010947_Vanuatu,1,0
W010948_South Africa,4,0
W010948_Mali,0,4
W010949_Ghana,4,1
W010949_Tanzania,1,4
M048471_Jersey,2,2
M048471_Shetland,2,2
M048472_Frøya,0,6
M048472_Hitra,6,0
M048473_Orkney,1,3
M048473_Isle of Man,3,1
W010950_Ecuador,3,1
W010950_Peru,1,3
W010951_Uruguay,0,1
W010951_Argentina,1,0
W010952_Orkney,0,7
W010952_Isle of Man,7,0
W010953_Isle of Wight,0,4
W010953_Jersey,4,0
W010954_Bermuda,2,0
W010954_Shetland Islands,0,2
W010955_Gozo,2,0
W010955_Froya,0,2
W010956_Hitra,1,6
W010956_Ynys Môn,6,1
W010957_Dominican Republic,3,0
W010957_Cayman Islands,0,3
W010958_Solomon Islands,2,1
W010958_Samoa,1,2
W010959_Norway,1,2
W010959_Italy,2,1
W010960_Fiji,1,2
W010960_Papua New Guinea,2,1
W010961_Bolivia,0,6
W010961_Brazil,6,0
W010962_Venezuela,0,0
W010962_Colombia,0,0
W010963_Lebanon,3,1
W010963_Iran,1,3
W010964_Jordan,3,0
W010964_Bhutan,0,3
M048474_Hitra,3,0
M048474_Frøya,0,3
M048475_Gozo,3,3
M048475_Western Isles,3,3
M048476_Orkney,3,2
M048476_Shetland,2,3
M048477_Isle of Man,0,1
M048477_Ynys Môn,1,0
W010965_Isle of Man,1,1
W010965_Western Isles,1,1
W010966_Bermuda,3,0
W010966_Gozo,0,3
W010967_Jersey,1,4
W010967_Ynys Môn,4,1
W010968_Shetland Islands,2,1
W010968_Hitra,1,2
W010969_Orkney,1,7
W010969_Isle of Wight,7,1
W010970_Sweden,2,2
W010970_England,2,2
M048478_Isle of Man,3,2
M048478_Jersey,2,3
W010971_Western Isles,3,0
W010971_Gozo,0,3
W010972_Nigeria,5,0
W010972_Zambia,0,5
W010973_Morocco,3,1
W010973_Mali,1,3
W010974_Switzerland,0,2
W010974_Spain,2,0
W010975_Uruguay,1,0
W010975_Peru,0,1
W010976_Argentina,2,1
W010976_Chile,1,2
W010977_Isle of Man,1,1
W010977_Bermuda,1,1
W010978_Papua New Guinea,2,3
W010978_Solomon Islands,3,2
W010979_Fiji,0,2
W010979_Samoa,2,0
W010980_Algeria,0,0
W010980_Ghana,0,0
W010981_South Africa,0,0
W010981_Senegal,0,0
W010982_France,1,1
W010982_Germany,1,1
W010983_Venezuela,7,1
W010983_Bolivia,1,7
W010984_Colombia,4,1
W010984_Paraguay,1,4
W010985_Singapore,0,1
W010985_Lebanon,1,0
W010986_Iran,2,1
W010986_Jordan,1,2
W010987_Ecuador,1,2
W010987_Chile,2,1
W010988_Argentina,1,0
W010988_Peru,0,1
W010989_Colombia,8,0
W010989_Bolivia,0,8
W010990_England,2,1
W010990_Italy,1,2
W010991_Morocco,1,1
W010991_Ghana,1,1
W010992_Nigeria,2,1
W010992_South Africa,1,2
W010993_Paraguay,1,4
W010993_Brazil,4,1
W010994_Germany,0,1
W010994_Spain,1,0
W010995_Chile,0,3
W010995_Uruguay,3,0
W010996_Ecuador,0,2
W010996_Argentina,2,0
W010997_Paraguay,2,1
W010997_Venezuela,1,2
W010998_Brazil,0,0
W010998_Colombia,0,0
W010999_Ghana,1,1
W010999_South Africa,1,1
W011000_Morocco,2,3
W011000_Nigeria,3,2
W011001_England,1,1
W011001_Spain,1,1
W011002_Argentina,0,0
W011002_Colombia,0,0
W011003_Chile,0,1
W011003_Paraguay,1,0
W011004_Brazil,5,1
W011004_Uruguay,1,5
W011005_Argentina,2,2
W011005_Uruguay,2,2
W011006_Colombia,4,4
W011006_Brazil,4,4
W011007_Thailand,7,0
W011007_Indonesia,0,7
W011008_Vietnam,6,0
W011008_Cambodia,0,6
W011009_Philippines,7,0
W011009_Timor-Leste,0,7
W011010_Vietnam,7,0
W011010_Indonesia,0,7
W011011_Cambodia,0,7
W011011_Thailand,7,0
W011012_Timor-Leste,0,3
W011012_Myanmar,3,0
W011013_Indonesia,1,1
W011013_Cambodia,1,1
W011014_Vietnam,1,0
W011014_Thailand,0,1
M048479_United States Virgin Islands,1,1
M048479_Turks and Caicos Islands,1,1
W011015_Philippines,1,1
W011015_Myanmar,1,1
M048480_Marshall Islands,0,4
M048480_United States Virgin Islands,4,0
M048481_Turks and Caicos Islands,3,2
M048481_Marshall Islands,2,3
W011016_Myanmar,2,1
W011016_Thailand,1,2
W011017_Vietnam,3,1
W011017_Thailand,1,3
M048482_Qatar,2,2
M048482_Lebanon,2,2
W011018_Malawi,3,0
W011018_Lesotho,0,3
W011019_Malawi,3,0
W011019_Lesotho,0,3
M048483_Seychelles,0,4
M048483_Gabon,4,0
M048484_Qatar,2,2
M048484_Bahrain,2,2
M048485_Madagascar,2,0
M048485_Central African Republic,0,2
M048486_Guatemala,0,1
M048486_El Salvador,1,0
M048487_Suriname,0,0
M048487_Panama,0,0
M048488_Thailand,3,0
M048488_Fiji,0,3
M048489_Iraq,2,1
M048489_Hong Kong,1,2
M048490_Liechtenstein,0,6
M048490_Belgium,6,0
M048491_Kazakhstan,0,1
M048491_Wales,1,0
M048492_Netherlands,1,1
M048492_Poland,1,1
M048493_Lithuania,1,1
M048493_Malta,1,1
M048494_Bulgaria,0,3
M048494_Spain,3,0
M048495_Georgia,2,3
M048495_Turkey,3,2
M048496_Slovakia,2,0
M048496_Germany,0,2
M048497_Luxembourg,1,3
M048497_Northern Ireland,3,1
M048498_Mali,3,0
M048498_Comoros,0,3
M048499_Chad,1,1
M048499_Ghana,1,1
M048500_Malaysia,2,1
M048500_Singapore,1,2
M048501_São Tomé and Príncipe,2,3
M048501_Equatorial Guinea,3,2
M048502_Gibraltar,0,1
M048502_Albania,1,0
M048503_Tunisia,3,0
M048503_Liberia,0,3
M048504_Norway,1,0
M048504_Finland,0,1
M048505_Russia,0,0
M048505_Jordan,0,0
M048506_Saudi Arabia,2,1
M048506_North Macedonia,1,2
M048507_Colombia,3,0
M048507_Bolivia,0,3
M048508_Argentina,3,0
M048508_Venezuela,0,3
M048509_United Arab Emirates,3,1
M048509_Syria,1,3
M048510_Uruguay,3,0
M048510_Peru,0,3
M048511_Brazil,3,0
M048511_Chile,0,3
M048512_Guinea-Bissau,1,1
M048512_Sierra Leone,1,1
M048513_Angola,0,1
M048513_Libya,1,0
M048514_Cameroon,3,0
M048514_Eswatini,0,3
M048515_Mauritius,0,2
M048515_Cape Verde,2,0
M048516_Algeria,3,1
M048516_Botswana,1,3
M048517_Paraguay,0,0
M048517_Ecuador,0,0
M048518_Italy,5,0
M048518_Estonia,0,5
M048519_Denmark,0,0
M048519_Scotland,0,0
M048520_Greece,5,1
M048520_Belarus,1,5
M048521_Iceland,5,0
M048521_Azerbaijan,0,5
M048522_Ukraine,0,2
M048522_France,2,0
M048523_Moldova,0,4
M048523_Israel,4,0
M048524_Switzerland,4,0
M048524_Kosovo,0,4
M048525_Montenegro,0,2
M048525_Czech Republic,2,0
M048526_Bermuda,0,4
M048526_Jamaica,4,0
M048527_Trinidad and Tobago,0,0
M048527_Curaçao,0,0
M048528_Haiti,0,0
M048528_Honduras,0,0
M048529_Nicaragua,1,1
M048529_Costa Rica,1,1
M048530_Faroe Islands,0,1
M048530_Croatia,1,0
M048531_Slovenia,2,2
M048531_Sweden,2,2
M048532_Australia,1,0
M048532_New Zealand,0,1
M048533_Uganda,4,0
M048533_Mozambique,0,4
M048534_Namibia,1,2
M048534_Malawi,2,1
M048535_Indonesia,6,0
M048535_Taiwan,0,6
M048536_Romania,0,3
M048536_Canada,3,0
M048537_Djibouti,0,6
M048537_Burkina Faso,6,0
M048538_Egypt,2,0
M048538_Ethiopia,0,2
M048539_South Sudan,1,4
M048539_DR Congo,4,1
M048540_Senegal,2,0
M048540_Sudan,0,2
M048541_Mauritania,2,0
M048541_Togo,0,2
M048542_South Africa,3,0
M048542_Lesotho,0,3
M048543_Congo,1,1
M048543_Tanzania,1,1
M048544_Morocco,5,0
M048544_Niger,0,5
M048545_Kenya,1,3
M048545_Gambia,3,1
M048546_Ivory Coast,1,0
M048546_Burundi,0,1
M048547_Somalia,0,3
M048547_Guinea,3,0
M048548_Benin,1,0
M048548_Zimbabwe,0,1
M048549_San Marino,0,6
M048549_Bosnia and Herzegovina,6,0
M048550_England,2,0
M048550_Andorra,0,2
M048551_Latvia,0,1
M048551_Serbia,1,0
M048552_Austria,1,0
M048552_Cyprus,0,1
M048553_Mexico,0,0
M048553_Japan,0,0
M048554_Republic of Ireland,2,2
M048554_Hungary,2,2
M048555_Nigeria,1,0
M048555_Rwanda,0,1
M048556_United States,0,2
M048556_South Korea,2,0
M048557_Nepal,0,0
M048557_Bangladesh,0,0
M048558_Sri Lanka,0,3
M048558_Maldives,3,0
M048559_Armenia,0,5
M048559_Portugal,5,0
M048560_Thailand,0,1
M048560_Iraq,1,0
M048561_Fiji,0,8
M048561_Hong Kong,8,0
M048562_Qatar,1,4
M048562_Russia,4,1
M048563_Belgium,6,0
M048563_Kazakhstan,0,6
M048564_North Macedonia,5,0
M048564_Liechtenstein,0,5
M048565_Turkey,0,6
M048565_Spain,6,0
M048566_Lithuania,2,3
M048566_Netherlands,3,2
M048567_Georgia,3,0
M048567_Bulgaria,0,3
M048568_Luxembourg,0,1
M048568_Slovakia,1,0
M048569_Germany,3,1
M048569_Northern Ireland,1,3
M048570_Central African Republic,0,2
M048570_Comoros,2,0
M048571_Poland,3,1
M048571_Finland,1,3
M048572_Croatia,4,0
M048572_Montenegro,0,4
M048573_Israel,4,5
M048573_Italy,5,4
M048574_Greece,0,3
M048574_Denmark,3,0
M048575_Belarus,0,2
M048575_Scotland,2,0
M048576_Switzerland,3,0
M048576_Slovenia,0,3
M048577_Kosovo,2,0
M048577_Sweden,0,2
M048578_Ghana,1,0
M048578_Mali,0,1
M048579_Madagascar,3,1
M048579_Chad,1,3
M048580_Malawi,2,2
M048580_Liberia,2,2
M048581_Equatorial Guinea,0,1
M048581_Tunisia,1,0
M048582_Guinea,0,0
M048582_Algeria,0,0
M048583_Mozambique,2,0
M048583_Botswana,0,2
M048584_Zambia,0,2
M048584_Morocco,2,0
M048585_Libya,2,0
M048585_Eswatini,0,2
M048586_Guinea-Bissau,2,0
M048586_Djibouti,0,2
M048587_United Arab Emirates,1,0
M048587_Bahrain,0,1
M048588_Syria,2,2
M048588_Kuwait,2,2
M048589_Malaysia,1,0
M048589_Palestine,0,1
M048590_Indonesia,0,0
M048590_Lebanon,0,0
M048591_Czech Republic,1,1
M048591_Saudi Arabia,1,1
M048592_Gibraltar,0,1
M048592_Faroe Islands,1,0
M048593_Uganda,2,0
M048593_Somalia,0,2
M048594_El Salvador,1,2
M048594_Suriname,2,1
M048595_Panama,1,1
M048595_Guatemala,1,1
M048596_Hungary,2,3
M048596_Portugal,3,2
M048597_Sierra Leone,2,0
M048597_Ethiopia,0,2
M048598_Burkina Faso,0,0
M048598_Egypt,0,0
M048599_Togo,1,0
M048599_Sudan,0,1
M048600_DR Congo,2,3
M048600_Senegal,3,2
M048601_South Africa,1,1
M048601_Nigeria,1,1
M048602_Honduras,2,0
M048602_Nicaragua,0,2
M048603_Costa Rica,3,3
M048603_Haiti,3,3
M048604_Curaçao,3,2
M048604_Bermuda,2,3
M048605_Jamaica,2,0
M048605_Trinidad and Tobago,0,2
M048606_Serbia,0,5
M048606_England,5,0
M048607_Albania,1,0
M048607_Latvia,0,1
M048608_Norway,11,1
M048608_Moldova,1,11
M048609_Chile,0,0
M048609_Uruguay,0,0
M048610_Cyprus,2,2
M048610_Romania,2,2
M048611_Mauritania,0,0
M048611_South Sudan,0,0
M048612_Armenia,2,1
M048612_Republic of Ireland,1,2
M048613_France,2,1
M048613_Iceland,1,2
M048614_Azerbaijan,1,1
M048614_Ukraine,1,1
M048615_Namibia,3,0
M048615_São Tomé and Príncipe,0,3
M048616_Gambia,2,0
M048616_Burundi,0,2
M048617_Gabon,0,0
M048617_Ivory Coast,0,0
M048618_Kenya,5,0
M048618_Seychelles,0,5
M048619_Tanzania,0,1
M048619_Niger,1,0
M048620_Angola,3,1
M048620_Mauritius,1,3
M048621_Cape Verde,1,0
M048621_Cameroon,0,1
M048622_Benin,4,0
M048622_Lesotho,0,4
M048623_Bosnia and Herzegovina,1,2
M048623_Austria,2,1
M048624_Venezuela,3,6
M048624_Colombia,6,3
M048625_Zimbabwe,0,1
M048625_Rwanda,1,0
M048626_Peru,0,1
M048626_Paraguay,1,0
M048627_Bolivia,1,0
M048627_Brazil,0,1
M048628_New Zealand,1,3
M048628_Australia,3,1
M048629_Mexico,2,2
M048629_South Korea,2,2
M048630_Malta,3,1
M048630_San Marino,1,3
M048631_Jordan,3,0
M048631_Dominican Republic,0,3
M048632_Estonia,0,0
M048632_Andorra,0,0
M048633_United States,2,0
M048633_Japan,0,2
M048634_Ecuador,1,0
M048634_Argentina,0,1
M048635_Wales,0,1
M048635_Canada,1,0
M048636_Sri Lanka,1,1
M048636_Maldives,1,1
M048637_Singapore,1,1
M048637_Myanmar,1,1
W011020_Barbados,1,2
W011020_Saint Lucia,2,1
W011021_Saint Vincent and the Grenadines,2,0
W011021_Dominica,0,2
W011022_Saint Vincent and the Grenadines,0,2
W011022_Barbados,2,0
W011023_Saint Lucia,5,0
W011023_Dominica,0,5
W011024_Saint Vincent and the Grenadines,0,0
W011024_Saint Lucia,0,0
W011025_Barbados,7,0
W011025_Dominica,0,7
W011026_Saint Vincent and the Grenadines,3,0
W011026_Dominica,0,3
W011027_Saint Lucia,1,2
W011027_Barbados,2,1
M048638_Saint Kitts and Nevis,5,0
M048638_Saint Martin,0,5
M048639_Saint Kitts and Nevis,2,1
M048639_Saint Martin,1,2
M048640_Saint Vincent and the Grenadines,7,0
M048640_Cuba,0,7
M048641_Comoros,1,2
M048641_Madagascar,2,1
M048642_Saint Vincent and the Grenadines,1,0
M048642_Cuba,0,1
M048643_Gibraltar,0,2
M048643_New Caledonia,2,0
M048644_Chad,0,2
M048644_Mali,2,0
M048645_Central African Republic,0,5
M048645_Ghana,5,0
M048646_Tanzania,0,1
M048646_Zambia,1,0
M048647_Libya,3,3
M048647_Cape Verde,3,3
M048648_Mauritius,0,2
M048648_Cameroon,2,0
M048649_Eswatini,2,2
M048649_Angola,2,2
M048650_Djibouti,0,3
M048650_Egypt,3,0
M048651_Sierra Leone,0,1
M048651_Burkina Faso,1,0
M048652_Ethiopia,1,0
M048652_Guinea-Bissau,0,1
M048653_Saudi Arabia,3,2
M048653_Indonesia,2,3
M048654_Niger,3,1
M048654_Congo,1,3
M048655_Qatar,0,0
M048655_Oman,0,0
M048656_Brunei,0,2
M048656_Yemen,2,0
M048657_Lebanon,2,0
M048657_Bhutan,0,2
M048658_Singapore,1,1
M048658_India,1,1
M048659_Bangladesh,3,4
M048659_Hong Kong,4,3
M048660_Sri Lanka,1,0
M048660_Turkmenistan,0,1
M048661_Thailand,2,0
M048661_Taiwan,0,2
M048662_Laos,0,3
M048662_Malaysia,3,0
M048663_Syria,5,1
M048663_Myanmar,1,5
M048664_Vietnam,3,1
M048664_Nepal,1,3
M048665_Liberia,3,1
M048665_Namibia,1,3
M048666_Nicaragua,0,3
M048666_Haiti,3,0
M048667_Honduras,0,0
M048667_Costa Rica,0,0
M048668_Timor-Leste,1,4
M048668_Philippines,4,1
M048669_Pakistan,0,0
M048669_Afghanistan,0,0
M048670_Tajikistan,2,0
M048670_Maldives,0,2
M048671_Romania,2,1
M048671_Moldova,1,2
M048672_Faroe Islands,4,0
M048672_Montenegro,0,4
M048673_England,3,0
M048673_Wales,0,3
M048674_Poland,1,0
M048674_New Zealand,0,1
M048675_Morocco,1,0
M048675_Bahrain,0,1
M048676_Grenada,4,1
M048676_British Virgin Islands,1,4
M048677_Czech Republic,0,0
M048677_Croatia,0,0
M048678_Algeria,3,0
M048678_Somalia,0,3
M048679_Botswana,0,1
M048679_Uganda,1,0
M048680_Burundi,0,1
M048680_Kenya,1,0
M048681_Malawi,3,0
M048681_Equatorial Guinea,0,3
M048682_Scotland,3,1
M048682_Greece,1,3
M048683_Belarus,0,6
M048683_Denmark,6,0
M048684_Malta,0,4
M048684_Netherlands,4,0
M048685_Finland,2,1
M048685_Lithuania,1,2
M048686_Austria,10,0
M048686_San Marino,0,10
M048687_Cyprus,2,2
M048687_Bosnia and Herzegovina,2,2
M048688_Mozambique,1,2
M048688_Guinea,2,1
M048689_Argentina,1,0
M048689_Venezuela,0,1
M048690_Chile,2,1
M048690_Peru,1,2
M048691_Canada,0,1
M048691_Australia,1,0
M048692_Russia,2,1
M048692_Iran,1,2
M048693_Japan,2,2
M048693_Paraguay,2,2
M048694_Jordan,0,1
M048694_Bolivia,1,0
M048695_Uzbekistan,2,0
M048695_Kuwait,0,2
M048696_Uruguay,1,0
M048696_Dominican Republic,0,1
M048697_South Korea,0,5
M048697_Brazil,5,0
M048698_Curaçao,2,0
M048698_Jamaica,0,2
M048699_Bermuda,0,3
M048699_Trinidad and Tobago,3,0
M048700_El Salvador,0,1
M048700_Panama,1,0
M048701_Suriname,1,1
M048701_Guatemala,1,1
M048702_Belgium,0,0
M048702_North Macedonia,0,0
M048703_Kazakhstan,4,0
M048703_Liechtenstein,0,4
M048704_France,3,0
M048704_Azerbaijan,0,3
M048705_Iceland,3,5
M048705_Ukraine,5,3
M048706_Sweden,0,2
M048706_Switzerland,2,0
M048707_Kosovo,0,0
M048707_Slovenia,0,0
M048708_Germany,4,0
M048708_Luxembourg,0,4
M048709_Tunisia,6,0
M048709_São Tomé and Príncipe,0,6
M048710_Seychelles,0,7
M048710_Ivory Coast,7,0
M048711_Gambia,3,4
M048711_Gabon,4,3
M048712_South Africa,0,0
M048712_Zimbabwe,0,0
M048713_Rwanda,0,1
M048713_Benin,1,0
M048714_Lesotho,1,2
M048714_Nigeria,2,1
M048715_Sudan,0,0
M048715_Mauritania,0,0
M048716_South Sudan,0,5
M048716_Senegal,5,0
M048717_Togo,0,1
M048717_DR Congo,1,0
M048718_Northern Ireland,2,0
M048718_Slovakia,0,2
M048719_United States,1,1
M048719_Ecuador,1,1
M048720_Serbia,0,1
M048720_Albania,1,0
M048721_Latvia,2,2
M048721_Andorra,2,2
M048722_Estonia,1,3
M048722_Italy,3,1
M048723_Norway,5,0
M048723_Israel,0,5
M048724_Portugal,1,0
M048724_Republic of Ireland,0,1
M048725_Bulgaria,1,6
M048725_Turkey,6,1
M048726_Spain,2,0
M048726_Georgia,0,2
M048727_Iraq,1,0
M048727_Indonesia,0,1
M048728_United Arab Emirates,2,1
M048728_Oman,1,2
M048729_Mexico,0,4
M048729_Colombia,4,0
M048730_Grenada,2,0
M048730_Cuba,0,2
M048731_Hungary,2,0
M048731_Armenia,0,2
M048732_Croatia,3,0
M048732_Gibraltar,0,3
M048733_Faroe Islands,2,1
M048733_Czech Republic,1,2
M048734_Romania,1,0
M048734_Austria,0,1
M048735_Lithuania,0,2
M048735_Poland,2,0
M048736_Netherlands,4,0
M048736_Finland,0,4
M048737_Denmark,3,1
M048737_Greece,1,3
M048738_San Marino,0,4
M048738_Cyprus,4,0
M048739_Mali,4,1
M048739_Madagascar,1,4
M048740_Scotland,2,1
M048740_Belarus,1,2
M048741_Malta,1,4
M048741_Bosnia and Herzegovina,4,1
M048742_Burkina Faso,3,1
M048742_Ethiopia,1,3
M048743_Ghana,1,0
M048743_Comoros,0,1
M048744_Egypt,1,0
M048744_Guinea-Bissau,0,1
M048745_Zambia,0,1
M048745_Niger,1,0
M048746_Djibouti,1,2
M048746_Sierra Leone,2,1
M048747_Chad,2,3
M048747_Central African Republic,3,2
M048748_Costa Rica,4,1
M048748_Nicaragua,1,4
M048749_Honduras,3,0
M048749_Haiti,0,3
M048750_North Macedonia,1,1
M048750_Kazakhstan,1,1
M048751_Wales,2,4
M048751_Belgium,4,2
M048752_Ukraine,2,1
M048752_Azerbaijan,1,2
M048753_Iceland,2,2
M048753_France,2,2
M048754_Sweden,0,1
M048754_Kosovo,1,0
M048755_Slovenia,0,0
M048755_Switzerland,0,0
M048756_Slovakia,2,0
M048756_Luxembourg,0,2
M048757_Tunisia,3,0
M048757_Namibia,0,3
M048758_Montenegro,2,1
M048758_Liechtenstein,1,2
M048759_Uzbekistan,1,2
M048759_Uruguay,2,1
M048760_São Tomé and Príncipe,1,0
M048760_Malawi,0,1
M048761_South Sudan,0,0
M048761_Togo,0,0
M048762_Lesotho,1,0
M048762_Zimbabwe,0,1
M048763_Cape Verde,3,0
M048763_Eswatini,0,3
M048764_Cameroon,0,0
M048764_Angola,0,0
M048765_Mauritius,0,0
M048765_Libya,0,0
M048766_Northern Ireland,0,1
M048766_Germany,1,0
M048767_Equatorial Guinea,1,1
M048767_Liberia,1,1
M048768_Jamaica,4,0
M048768_Bermuda,0,4
M048769_El Salvador,0,1
M048769_Guatemala,1,0
M048770_Malaysia,5,1
M048770_Laos,1,5
M048771_Vietnam,1,0
M048771_Nepal,0,1
M048772_Afghanistan,1,1
M048772_Pakistan,1,1
M048773_Turkmenistan,2,1
M048773_Sri Lanka,1,2
M048774_Taiwan,1,6
M048774_Thailand,6,1
M048775_Curaçao,1,1
M048775_Trinidad and Tobago,1,1
M048776_Myanmar,0,3
M048776_Syria,3,0
M048777_India,1,2
M048777_Singapore,2,1
M048778_Albania,4,2
M048778_Jordan,2,4
M048779_Guinea,2,2
M048779_Botswana,2,2
M048780_Somalia,0,1
M048780_Mozambique,1,0
M048781_Spain,4,0
M048781_Bulgaria,0,4
M048782_Turkey,4,1
M048782_Georgia,1,4
M048783_Portugal,2,2
M048783_Hungary,2,2
M048784_Republic of Ireland,1,0
M048784_Armenia,0,1
M048785_Hong Kong,1,1
M048785_Bangladesh,1,1
M048786_Estonia,1,1
M048786_Moldova,1,1
M048787_Italy,3,0
M048787_Israel,0,3
M048788_Andorra,1,3
M048788_Serbia,3,1
M048789_Latvia,0,5
M048789_England,5,0
M048790_Maldives,0,3
M048790_Tajikistan,3,0
M048791_Philippines,3,1
M048791_Timor-Leste,1,3
M048792_Bhutan,0,4
M048792_Lebanon,4,0
M048793_Yemen,9,0
M048793_Brunei,0,9
M048794_Algeria,2,1
M048794_Uganda,1,2
M048795_Gabon,2,0
M048795_Burundi,0,2
M048796_Panama,1,1
M048796_Suriname,1,1
M048797_Seychelles,0,7
M048797_Gambia,7,0
M048798_Russia,3,0
M048798_Bolivia,0,3
M048799_Puerto Rico,0,6
M048799_Argentina,6,0
M048800_Norway,1,1
M048800_New Zealand,1,1
M048801_Mexico,1,1
M048801_Ecuador,1,1
M048802_South Korea,2,0
M048802_Paraguay,0,2
M048803_United States,2,1
M048803_Australia,1,2
M048804_Iran,2,0
M048804_Tanzania,0,2
M048805_Canada,0,0
M048805_Colombia,0,0
M048806_Qatar,2,1
M048806_United Arab Emirates,1,2
M048807_Saudi Arabia,0,0
M048807_Iraq,0,0
M048808_Senegal,4,0
M048808_Mauritania,0,4
M048809_DR Congo,1,0
M048809_Sudan,0,1
M048810_Nigeria,4,0
M048810_Benin,0,4
M048811_South Africa,3,0
M048811_Rwanda,0,3
M048812_Morocco,1,0
M048812_Congo,0,1
M048813_Japan,3,2
M048813_Brazil,2,3
M048814_Ivory Coast,3,0
M048814_Kenya,0,3
W011028_India,0,2
W011028_Iran,2,0
W011029_Guatemala,0,0
W011029_Nicaragua,0,0
W011030_Panama,1,2
W011030_Costa Rica,2,1
W011031_Namibia,2,4
W011031_Zambia,4,2
W011032_DR Congo,1,1
W011032_South Africa,1,1
W011033_Andorra,2,0
W011033_Gibraltar,0,2
W011034_Tanzania,2,0
W011034_Ethiopia,0,2
W011035_Guatemala,1,3
W011035_Nicaragua,3,1
W011036_El Salvador,5,0
W011036_Panama,0,5
W011037_Angola,0,0
W011037_Malawi,0,0
W011038_Algeria,2,1
W011038_Cameroon,1,2
W011039_Egypt,0,3
W011039_Ghana,3,0
W011040_United States,1,2
W011040_Portugal,2,1
W011041_Cyprus,3,2
W011041_Albania,2,3
W011042_Kosovo,0,4
W011042_Turkey,4,0
W011043_Germany,1,0
W011043_France,0,1
W011044_Spain,4,0
W011044_Sweden,0,4
W011045_Mexico,1,0
W011045_New Zealand,0,1
W011046_Hungary,4,0
W011046_Luxembourg,0,4
W011047_Poland,0,0
W011047_Netherlands,0,0
W011048_Venezuela,0,0
W011048_Chile,0,0
W011049_Switzerland,1,0
W011049_Canada,0,1
W011050_Morocco,1,2
W011050_Scotland,2,1
W011051_Bolivia,0,4
W011051_Ecuador,4,0
W011052_Colombia,4,1
W011052_Peru,1,4
W011053_Argentina,3,1
W011053_Paraguay,1,3
W011054_Italy,1,1
W011054_Japan,1,1
W011055_Czech Republic,1,0
W011055_Austria,0,1
W011056_Costa Rica,1,0
W011056_El Salvador,0,1
W011057_Finland,1,6
W011057_Denmark,6,1
W011058_Estonia,0,1
W011058_Latvia,1,0
W011059_North Macedonia,0,2
W011059_Russia,2,0
W011060_Republic of Ireland,4,2
W011060_Belgium,2,4
W011061_Iran,3,0
W011061_Nepal,0,3
W011062_Croatia,1,3
W011062_Montenegro,3,1
W011063_Kazakhstan,1,2
W011063_Azerbaijan,2,1
W011064_Georgia,0,0
W011064_Moldova,0,0
W011065_Lithuania,1,0
W011065_Faroe Islands,0,1
W011066_Thailand,3,0
W011066_Bangladesh,0,3
W011067_Burkina Faso,2,0
W011067_Togo,0,2
W011068_Kenya,3,1
W011068_Gambia,1,3
W011069_Benin,0,2
W011069_Nigeria,2,0
W011070_Cape Verde,0,1
W011070_Mali,1,0
W011071_Senegal,0,0
W011071_Ivory Coast,0,0
W011072_United States Virgin Islands,8,0
W011072_British Virgin Islands,0,8
W011073_Northern Ireland,0,2
W011073_Iceland,2,0
W011074_Slovakia,1,2
W011074_Ukraine,2,1
W011075_Andorra,3,1
W011075_Gibraltar,1,3
W011076_Hong Kong,5,0
W011076_Malaysia,0,5
W011077_Singapore,0,1
W011077_Saudi Arabia,1,0
W011078_Malta,0,2
W011078_Belarus,2,0
W011079_United States Virgin Islands,6,0
W011079_British Virgin Islands,0,6
W011080_Wales,1,2
W011080_Australia,2,1
W011081_England,1,2
W011081_Brazil,2,1
W011082_United States,3,1
W011082_Portugal,1,3
W011083_Zambia,3,0
W011083_Namibia,0,3
W011084_Afghanistan,1,6
W011084_Chad,6,1
W011085_Mexico,2,0
W011085_New Zealand,0,2
W011086_Tunisia,16,0
W011086_Libya,0,16
W011087_Estonia,2,0
W011087_Faroe Islands,0,2
W011088_Croatia,2,1
W011088_Montenegro,1,2
W011089_Kazakhstan,0,1
W011089_Azerbaijan,1,0
W011090_Nicaragua,0,2
W011090_El Salvador,2,0
W011091_Lithuania,0,3
W011091_Latvia,3,0
W011092_Georgia,3,0
W011092_Moldova,0,3
W011093_Guatemala,0,0
W011093_Costa Rica,0,0
W011094_India,1,2
W011094_Nepal,2,1
W011095_North Macedonia,0,5
W011095_Russia,5,0
W011096_Thailand,5,1
W011096_Bangladesh,1,5
W011097_Slovenia,2,4
W011097_Serbia,4,2
W011098_Albania,3,0
W011098_Cyprus,0,3
W011099_Turkey,3,0
W011099_Kosovo,0,3
W011100_France,2,2
W011100_Germany,2,2
W011101_Sweden,0,1
W011101_Spain,1,0
W011102_Slovakia,0,1
W011102_Hungary,1,0
W011103_Italy,0,1
W011103_Brazil,1,0
W011104_England,3,0
W011104_Australia,0,3
W011105_Netherlands,1,0
W011105_Canada,0,1
W011106_Wales,2,5
W011106_Poland,5,2
W011107_Chile,5,0
W011107_Bolivia,0,5
W011108_Uruguay,2,2
W011108_Argentina,2,2
W011109_Paraguay,1,2
W011109_Venezuela,2,1
W011110_Ecuador,1,2
W011110_Colombia,2,1
W011111_Austria,2,0
W011111_Czech Republic,0,2
W011112_Belgium,2,1
W011112_Republic of Ireland,1,2
W011113_Scotland,3,4
W011113_Switzerland,4,3
W011114_Ivory Coast,0,0
W011114_Senegal,0,0
W011115_Denmark,2,0
W011115_Finland,0,2
W011116_Romania,1,1
W011116_Ukraine,1,1
W011117_Malta,0,1
W011117_Belarus,1,0
W011118_Morocco,3,0
W011118_Haiti,0,3
W011119_Peru,0,3
W011119_Panama,3,0
W011120_Trinidad and Tobago,1,4
W011120_Jamaica,4,1
W011121_Malawi,2,0
W011121_Angola,0,2
W011122_Norway,2,0
W011122_Japan,0,2
W011123_Ethiopia,0,1
W011123_Tanzania,1,0
W011124_Togo,0,1
W011124_Burkina Faso,1,0
W011125_Cameroon,0,1
W011125_Algeria,1,0
W011126_Ghana,4,0
W011126_Egypt,0,4
W011127_Gambia,0,1
W011127_Kenya,1,0
W011128_Nigeria,1,1
W011128_Benin,1,1
W011129_South Africa,1,0
W011129_DR Congo,0,1
W011130_Mali,2,4
W011130_Cape Verde,4,2
W011131_El Salvador,0,1
W011131_Costa Rica,1,0
W011132_Guatemala,4,0
W011132_Nicaragua,0,4
W011133_Tunisia,4,0
W011133_Afghanistan,0,4
W011134_Iceland,3,0
W011134_Northern Ireland,0,3
W011135_India,1,1
W011135_Nepal,1,1
W011136_Singapore,0,5
W011136_Saudi Arabia,5,0
W011137_Chad,16,0
W011137_Libya,0,16
W011138_Philippines,2,2
W011138_Uzbekistan,2,2
W011139_United States,6,0
W011139_New Zealand,0,6
W011140_Chad,1,0
W011140_Tunisia,0,1
W011141_Libya,0,7
W011141_Afghanistan,7,0
M048815_Cayman Islands,1,2
M048815_British Virgin Islands,2,1
M048816_Bahamas,1,2
M048816_Anguilla,2,1
M048817_Antigua and Barbuda,0,0
M048817_Aruba,0,0
M048818_Saint Kitts and Nevis,0,0
M048818_Sint Maarten,0,0
M048819_Dominica,1,2
M048819_Saint Martin,2,1
M048820_Dominican Republic,2,0
M048820_Saint Vincent and the Grenadines,0,2
M048821_Cuba,3,0
M048821_Saint Lucia,0,3
M048822_Russia,1,1
M048822_Peru,1,1
M048823_Tunisia,1,1
M048823_Mauritania,1,1
M048824_Barbados,3,2
M048824_Bonaire,2,3
M048825_Armenia,0,1
M048825_Hungary,1,0
M048826_France,4,0
M048826_Ukraine,0,4
M048827_Trinidad and Tobago,1,1
M048827_Jamaica,1,1
M048828_Haiti,1,0
M048828_Costa Rica,0,1
M048829_Nicaragua,2,0
M048829_Honduras,0,2
M048830_Suriname,4,0
M048830_El Salvador,0,4
M048831_Papua New Guinea,1,0
M048831_Solomon Islands,0,1
M048832_Iran,0,0
M048832_Cape Verde,0,0
M048833_Andorra,0,1
M048833_Albania,1,0
M048834_England,2,0
M048834_Serbia,0,2
M048835_Moldova,0,2
M048835_Italy,2,0
M048836_Norway,4,1
M048836_Estonia,1,4
M048837_Republic of Ireland,2,0
M048837_Portugal,0,2
M048838_Azerbaijan,0,2
M048838_Iceland,2,0
M048839_Nigeria,4,1
M048839_Gabon,1,4
M048840_Cameroon,0,1
M048840_DR Congo,1,0
M048841_United Arab Emirates,1,1
M048841_Iraq,1,1
M048842_Thailand,3,2
M048842_Singapore,2,3
M048843_North Macedonia,0,0
M048843_Latvia,0,0
M048844_Lithuania,0,0
M048844_Israel,0,0
M048845_Hong Kong,1,1
M048845_Cambodia,1,1
M048846_Czech Republic,1,0
M048846_San Marino,0,1
M048847_Canada,0,0
M048847_Ecuador,0,0
M048848_Bangladesh,2,2
M048848_Nepal,2,2
M048849_Algeria,3,1
M048849_Zimbabwe,1,3
M048850_Bermuda,0,7
M048850_Curaçao,7,0
M048851_Guatemala,2,3
M048851_Panama,3,2
W011142_Papua New Guinea,4,0
W011142_Vanuatu,0,4
M048852_Oman,2,0
M048852_Sudan,0,2
M048853_Australia,0,1
M048853_Venezuela,1,0
M048854_Angola,0,2
M048854_Argentina,2,0
M048855_Uzbekistan,2,0
M048855_Egypt,0,2
M048856_Gibraltar,1,2
M048856_Montenegro,2,1
M048857_Croatia,3,1
M048857_Faroe Islands,1,3
M048858_Finland,0,1
M048858_Malta,1,0
M048859_Slovakia,1,0
M048859_Northern Ireland,0,1
M048860_Luxembourg,0,2
M048860_Germany,2,0
M048861_Tunisia,3,2
M048861_Jordan,2,3
M048862_Poland,1,1
M048862_Netherlands,1,1
M048863_Japan,2,0
M048863_Ghana,0,2
M048864_Burkina Faso,3,2
M048864_Niger,2,3
M048865_Uganda,2,1
M048865_Chad,1,2
M048866_Comoros,1,0
M048866_Namibia,0,1
M048867_Morocco,1,0
M048867_Mozambique,0,1
M048868_Saudi Arabia,1,0
M048868_Ivory Coast,0,1
M048869_South Korea,2,0
M048869_Bolivia,0,2
M048870_Guyana,2,1
M048870_Bonaire,1,2
M048871_Bosnia and Herzegovina,3,1
M048871_Romania,1,3
M048872_Liechtenstein,0,1
M048872_Wales,1,0
M048873_Kazakhstan,1,1
M048873_Belgium,1,1
M048874_Martinique,0,2
M048874_Cuba,2,0
M048875_Saint Martin,0,1
M048875_Belize,1,0
M048876_Dominica,2,3
M048876_Sint Maarten,3,2
M048877_Barbados,0,3
M048877_Aruba,3,0
M048878_Bahamas,0,6
M048878_British Virgin Islands,6,0
M048879_Cyprus,0,2
M048879_Austria,2,0
M048880_Saint Vincent and the Grenadines,3,1
M048880_Saint Lucia,1,3
M048881_Georgia,0,4
M048881_Spain,4,0
M048882_Colombia,2,1
M048882_New Zealand,1,2
M048883_Greece,3,2
M048883_Scotland,2,3
M048884_Denmark,2,2
M048884_Belarus,2,2
M048885_Switzerland,4,1
M048885_Sweden,1,4
M048886_Slovenia,0,2
M048886_Kosovo,2,0
M048887_United States,2,1
M048887_Paraguay,1,2
M048888_South Africa,3,1
M048888_Zambia,1,3
M048889_Mexico,0,0
M048889_Uruguay,0,0
M048890_Brazil,2,0
M048890_Senegal,0,2
M048891_Libya,1,0
M048891_Mauritania,0,1
M048892_Russia,0,2
M048892_Chile,2,0
M048893_Cayman Islands,4,0
M048893_Anguilla,0,4
M048894_Guinea,2,0
M048894_Liberia,0,2
M048895_Turkey,2,0
M048895_Bulgaria,0,2
M048896_Kuwait,4,3
M048896_Tanzania,3,4
M048897_Lesotho,0,0
M048897_Malawi,0,0
M048898_Azerbaijan,1,3
M048898_France,3,1
M048899_Ukraine,2,0
M048899_Iceland,0,2
M048900_Serbia,2,1
M048900_Latvia,1,2
M048901_Albania,0,2
M048901_England,2,0
M048902_Nigeria,1,1
M048902_DR Congo,1,1
M048903_Moldova,1,4
M048903_Israel,4,1
M048904_Hungary,2,3
M048904_Republic of Ireland,3,2
M048905_Portugal,9,1
M048905_Armenia,1,9
M048906_Italy,1,4
M048906_Norway,4,1
M048907_Vanuatu,2,0
M048907_Fiji,0,2
M048908_Cape Verde,1,1
M048908_Egypt,1,1
M048909_Czech Republic,6,0
M048909_Gibraltar,0,6
M048910_Netherlands,4,0
M048910_Lithuania,0,4
M048911_Malta,2,3
M048911_Poland,3,2
M048912_Montenegro,2,3
M048912_Croatia,3,2
M048913_Northern Ireland,1,0
M048913_Luxembourg,0,1
M048914_Bahrain,1,2
M048914_Somalia,2,1
M048915_Comoros,4,0
M048915_Namibia,0,4
M048916_Qatar,1,2
M048916_Zimbabwe,2,1
M048917_Finland,4,0
M048917_Andorra,0,4
M048918_Mozambique,2,2
M048918_Chad,2,2
M048919_Madagascar,2,0
M048919_Equatorial Guinea,0,2
M048920_Germany,6,0
M048920_Slovakia,0,6
W011143_Solomon Islands,1,2
W011143_Fiji,2,1
M048921_Scotland,4,2
M048921_Denmark,2,4
M048922_Sweden,1,1
M048922_Slovenia,1,1
M048923_United States,5,1
M048923_Uruguay,1,5
M048924_Iraq,2,1
M048924_United Arab Emirates,1,2
M048925_Mexico,1,2
M048925_Paraguay,2,1
M048926_South Korea,1,0
M048926_Ghana,0,1
M048927_Belarus,0,0
M048927_Greece,0,0
M048928_Kosovo,1,1
M048928_Switzerland,1,1
M048929_Haiti,2,0
M048929_Nicaragua,0,2
M048930_Dominican Republic,0,0
M048930_Martinique,0,0
M048931_Spain,2,2
M048931_Turkey,2,2
M048932_Jamaica,0,0
M048932_Curaçao,0,0
M048933_Panama,3,0
M048933_El Salvador,0,3
M048934_Guatemala,3,1
M048934_Suriname,1,3
M048935_Iran,0,0
M048935_Uzbekistan,0,0
M048936_Antigua and Barbuda,1,4
M048936_Guyana,4,1
M048937_Saint Kitts and Nevis,2,6
M048937_Belize,6,2
M048938_Faroe Islands,1,0
M048938_Kazakhstan,0,1
M048939_Belgium,7,0
M048939_Liechtenstein,0,7
M048940_Wales,7,1
M048940_North Macedonia,1,7
M048941_Romania,7,1
M048941_San Marino,1,7
M048942_Costa Rica,0,0
M048942_Honduras,0,0
M048943_Ecuador,2,0
M048943_New Zealand,0,2
M048944_Hong Kong,1,2
M048944_Singapore,2,1
M048945_Colombia,3,0
M048945_Australia,0,3
M048946_Angola,3,2
M048946_Zambia,2,3
M048947_Morocco,4,0
M048947_Uganda,0,4
M048948_Oman,0,2
M048948_Ivory Coast,2,0
M048949_Saudi Arabia,0,2
M048949_Algeria,2,0
M048950_Guinea,1,1
M048950_Niger,1,1
M048951_Kenya,0,8
M048951_Senegal,8,0
M048952_Benin,0,3
M048952_Burkina Faso,3,0
M048953_Japan,3,0
M048953_Bolivia,0,3
M048954_Mali,3,2
M048954_Jordan,2,3
M048955_Kuwait,2,2
M048955_Gambia,2,2
M048956_Cyprus,2,4
M048956_Estonia,4,2
M048957_Lesotho,0,1
M048957_Malawi,1,0
M048958_Timor-Leste,0,5
M048958_Tajikistan,5,0
M048959_Yemen,7,1
M048959_Bhutan,1,7
M048960_Bangladesh,1,0
M048960_India,0,1
M048961_Sri Lanka,0,4
M048961_Thailand,4,0
M048962_Turkmenistan,3,1
M048962_Taiwan,1,3
M048963_Pakistan,0,5
M048963_Syria,5,0
M048964_Malaysia,1,0
M048964_Nepal,0,1
M048965_Brazil,1,1
M048965_Tunisia,1,1
M048966_Canada,2,0
M048966_Venezuela,0,2
M048967_Chile,2,1
M048967_Peru,1,2
M048968_Maldives,0,2
M048968_Philippines,2,0
M048969_Brunei,0,3
M048969_Lebanon,3,0
M048970_Trinidad and Tobago,2,2
M048970_Bermuda,2,2
M048971_Bulgaria,2,1
M048971_Georgia,1,2
M048972_Austria,1,1
M048972_Bosnia and Herzegovina,1,1
M048973_Laos,0,2
M048973_Vietnam,2,0
W011144_Papua New Guinea,5,0
W011144_Solomon Islands,0,5
W011145_Fiji,3,1
W011145_Vanuatu,1,3
M048974_Vanuatu,2,1
M048974_Solomon Islands,1,2
M048975_Papua New Guinea,2,0
M048975_Fiji,0,2
W011146_Lesotho,0,1
W011146_Mozambique,1,0
W011147_Saint Kitts and Nevis,3,2
W011147_Anguilla,2,3
M048976_Papua New Guinea,2,2
M048976_Vanuatu,2,2
W011148_Solomon Islands,2,4
W011148_Vanuatu,4,2
W011149_Papua New Guinea,3,0
W011149_Fiji,0,3
W011150_Eswatini,0,1
W011150_Mozambique,1,0
W011151_Saint Kitts and Nevis,1,1
W011151_Anguilla,1,1
W011152_Saudi Arabia,2,1
W011152_Iraq,1,2
W011153_Palestine,0,3
W011153_Jordan,3,0
M048977_Syria,2,0
M048977_South Sudan,0,2
M048978_Palestine,0,0
M048978_Libya,0,0
M048979_Mauritania,0,2
M048979_Kuwait,2,0
W011154_Singapore,9,0
W011154_Seychelles,0,9
M048980_Oman,0,0
M048980_Somalia,0,0
M048981_Bahrain,1,0
M048981_Djibouti,0,1
M048982_Sudan,2,1
M048982_Lebanon,1,2
M048983_Comoros,4,4
M048983_Yemen,4,4
W011155_United Arab Emirates,0,3
W011155_Iraq,3,0
W011156_Lebanon,0,3
W011156_Palestine,3,0
W011157_Bangladesh,0,1
W011157_Malaysia,1,0
W011158_Indonesia,2,1
W011158_Nepal,1,2
W011159_Algeria,2,1
W011159_Kenya,1,2
W011160_Bosnia and Herzegovina,1,2
W011160_Belarus,2,1
W011161_Antigua and Barbuda,0,4
W011161_Nicaragua,4,0
W011162_Finland,1,1
W011162_Austria,1,1
W011163_United States Virgin Islands,3,1
W011163_Saint Lucia,1,3
W011164_Cayman Islands,0,4
W011164_Bermuda,4,0
W011165_North Korea,5,2
W011165_Russia,2,5
W011166_Bolivia,1,1
W011166_Colombia,1,1
W011167_Paraguay,1,0
W011167_Uruguay,0,1
W011168_Ecuador,0,0
W011168_Venezuela,0,0
W011169_Jordan,5,0
W011169_Lebanon,0,5
W011170_Tahiti,0,1
W011170_Cook Islands,1,0
W011171_Peru,3,1
W011171_Chile,1,3
W011172_Tonga,0,3
W011172_American Samoa,3,0
W011173_Portugal,1,2
W011173_Netherlands,2,1
W011174_Switzerland,1,2
W011174_Belgium,2,1
W011175_South Korea,1,1
W011175_Wales,1,1
W011176_Anguilla,1,3
W011176_Suriname,3,1
W011177_Aruba,2,1
W011177_Saint Kitts and Nevis,1,2
W011178_France,2,1
W011178_Sweden,1,2
W011179_Germany,0,0
W011179_Spain,0,0
W011180_Singapore,7,0
W011180_Seychelles,0,7
W011181_Czech Republic,0,1
W011181_Serbia,1,0
W011182_Montenegro,1,0
W011182_Romania,0,1
W011183_Turkey,1,1
W011183_Albania,1,1
W011184_Malawi,1,2
W011184_Zimbabwe,2,1
W011185_Malta,3,2
W011185_Croatia,2,3
W011186_Morocco,1,1
W011186_Burkina Faso,1,1
W011187_Australia,5,0
W011187_New Zealand,0,5
W011188_Ukraine,1,1
W011188_Scotland,1,1
W011189_Poland,1,0
W011189_Slovenia,0,1
W011190_Norway,3,1
W011190_Brazil,1,3
W011191_Saudi Arabia,5,0
W011191_United Arab Emirates,0,5
W011192_Cyprus,3,2
W011192_Luxembourg,2,3
W011193_Uzbekistan,2,0
W011193_Iran,0,2
W011194_United States,3,0
W011194_Italy,0,3
W011195_Malaysia,0,2
W011195_Azerbaijan,2,0
W011196_Saint Vincent and the Grenadines,0,14
W011196_Mexico,14,0
W011197_Dominica,0,18
W011197_Jamaica,18,0
W011198_Grenada,1,2
W011198_Costa Rica,2,1
W011199_Estonia,0,2
W011199_Lithuania,2,0
W011200_Indonesia,0,5
W011200_Taiwan,5,0
W011201_Liechtenstein,1,4
W011201_Hong Kong,4,1
W011202_Greece,2,0
W011202_Belarus,0,2
W011203_England,8,0
W011203_China PR,0,8
W011204_Japan,3,0
W011204_Canada,0,3
W011205_Republic of Ireland,3,2
W011205_Hungary,2,3
W011206_Jordan,3,0
W011206_Iraq,0,3
W011207_Curaçao,1,6
W011207_Panama,6,1
W011208_Saudi Arabia,0,0
W011208_Palestine,0,0
W011209_Belize,0,9
W011209_Haiti,9,0
W011210_North Korea,1,1
W011210_Russia,1,1
W011211_Algeria,1,1
W011211_Kenya,1,1
W011212_Malawi,1,1
W011212_Zambia,1,1
M048984_Tunisia,0,1
M048984_Syria,1,0
M048985_Qatar,0,1
M048985_Palestine,1,0
W011213_Turkey,2,0
W011213_Albania,0,2
W011214_Puerto Rico,7,0
W011214_Saint Lucia,0,7
W011215_Guyana,1,3
W011215_Nicaragua,3,1
W011216_Guatemala,4,1
W011216_Bermuda,1,4
W011217_Malta,0,3
W011217_Croatia,3,0
W011218_Cyprus,0,3
W011218_Luxembourg,3,0
W011219_American Samoa,4,0
W011219_Cook Islands,0,4
W011220_Belgium,1,1
W011220_Finland,1,1
W011221_Denmark,0,0
W011221_Norway,0,0
W011222_Ukraine,3,2
W011222_Austria,2,3
W011223_Barbados,0,5
W011223_Trinidad and Tobago,5,0
M048986_Morocco,3,1
M048986_Comoros,1,3
M048987_Saudi Arabia,2,1
M048987_Oman,1,2
M048988_Egypt,1,1
M048988_Kuwait,1,1
W011224_Morocco,0,2
W011224_South Africa,2,0
W011225_Romania,2,0
W011225_Moldova,0,2
W011226_Zambia,3,1
W011226_Zimbabwe,1,3
W011227_Nepal,0,1
W011227_Taiwan,1,0
W011228_Bosnia and Herzegovina,1,1
W011228_Greece,1,1
W011229_Serbia,2,1
W011229_Czech Republic,1,2
W011230_Cuba,2,2
W011230_Saint Kitts and Nevis,2,2
W011231_Sweden,2,2
W011231_France,2,2
W011232_El Salvador,3,0
W011232_Honduras,0,3
W011233_Dominican Republic,2,2
W011233_Suriname,2,2
W011234_Bangladesh,1,2
W011234_Azerbaijan,2,1
W011235_Palestine,1,3
W011235_Jordan,3,1
W011236_Saudi Arabia,2,2
W011236_Iraq,2,2
W011237_Spain,3,0
W011237_Germany,0,3
W011238_United States,2,0
W011238_Italy,0,2
W011239_Japan,1,0
W011239_Canada,0,1
W011240_Uruguay,0,0
W011240_Ecuador,0,0
W011241_Venezuela,6,0
W011241_Peru,0,6
W011242_Argentina,8,0
W011242_Bolivia,0,8
W011243_Chile,1,0
W011243_Paraguay,0,1
W011244_England,2,0
W011244_Ghana,0,2
W011245_Scotland,3,2
W011245_China PR,2,3
W011246_Poland,3,0
W011246_Latvia,0,3
W011247_Wales,3,2
W011247_Switzerland,2,3
W011248_Australia,2,0
W011248_New Zealand,0,2
W011249_Portugal,0,5
W011249_Brazil,5,0
W011250_Netherlands,5,0
W011250_South Korea,0,5
M048989_Iraq,2,1
M048989_Bahrain,1,2
M048990_Jordan,2,1
M048990_United Arab Emirates,1,2
M048991_Algeria,0,0
M048991_Sudan,0,0
W011251_Costa Rica,0,2
W011251_Mexico,2,0
M048992_Palestine,2,2
M048992_Tunisia,2,2
M048993_Qatar,1,1
M048993_Syria,1,1
W011252_Thailand,8,0
W011252_Indonesia,0,8
M048994_Comoros,1,3
M048994_Saudi Arabia,3,1
M048995_Oman,0,0
M048995_Morocco,0,0
W011253_Myanmar,2,1
W011253_Philippines,1,2
W011254_Vietnam,7,0
W011254_Malaysia,0,7
M048996_United Arab Emirates,1,1
M048996_Egypt,1,1
M048997_Bahrain,1,5
M048997_Algeria,5,1
M048998_Kuwait,1,3
M048998_Jordan,3,1
M048999_Sudan,0,2
M048999_Iraq,2,0
M049000_Qatar,0,3
M049000_Tunisia,3,0
M049001_Syria,0,0
M049001_Palestine,0,0
W011255_Singapore,1,3
W011255_Indonesia,3,1
M049002_Morocco,1,0
M049002_Saudi Arabia,0,1
M049003_Oman,2,1
M049003_Comoros,1,2
W011256_Philippines,1,0
W011256_Vietnam,0,1
W011257_Malaysia,0,3
W011257_Myanmar,3,0
M049004_Egypt,0,3
M049004_Jordan,3,0
M049005_Algeria,2,0
M049005_Iraq,0,2
M049006_Bahrain,3,1
M049006_Sudan,1,3
M049007_United Arab Emirates,3,1
M049007_Kuwait,1,3
W011258_Thailand,2,0
W011258_Singapore,0,2
M049008_Palestine,1,2
M049008_Saudi Arabia,2,1
M049009_Morocco,1,0
M049009_Syria,0,1
W011259_Philippines,6,0
W011259_Malaysia,0,6
W011260_Vietnam,2,0
W011260_Myanmar,0,2
M049010_Algeria,1,1
M049010_United Arab Emirates,1,1
M049011_Jordan,1,0
M049011_Iraq,0,1
W011261_Vietnam,5,0
W011261_Indonesia,0,5
W011262_Thailand,1,1
W011262_Philippines,1,1
M049012_Saudi Arabia,0,1
M049012_Jordan,1,0
M049013_Morocco,3,0
M049013_United Arab Emirates,0,3
W011263_Philippines,0,0
W011263_Vietnam,0,0
W011264_Thailand,2,0
W011264_Indonesia,0,2
M049014_Jordan,2,3
M049014_Morocco,3,2
M049015_Morocco,2,0
M049015_Comoros,0,2
M049016_Mali,1,1
M049016_Zambia,1,1
M049017_South Africa,2,1
M049017_Angola,1,2
M049018_Egypt,2,1
M049018_Zimbabwe,1,2
M049019_Senegal,3,0
M049019_Botswana,0,3
M049020_Nigeria,2,1
M049020_Tanzania,1,2
M049021_Tunisia,3,1
M049021_Uganda,1,3
M049022_DR Congo,1,0
M049022_Benin,0,1
M049023_Cameroon,1,0
M049023_Gabon,0,1
M049024_Ivory Coast,1,0
M049024_Mozambique,0,1
M049025_Algeria,3,0
M049025_Sudan,0,3
M049026_Burkina Faso,2,1
M049026_Equatorial Guinea,1,2
M049027_Zambia,0,0
M049027_Comoros,0,0
M049028_Morocco,1,1
M049028_Mali,1,1
M049029_Angola,1,1
M049029_Zimbabwe,1,1
M049030_Egypt,1,0
M049030_South Africa,0,1
M049031_Senegal,1,1
M049031_DR Congo,1,1
M049032_Nigeria,3,2
M049032_Tunisia,2,3
M049033_Uganda,1,1
M049033_Tanzania,1,1
M049034_Benin,1,0
M049034_Botswana,0,1
M049035_Equatorial Guinea,0,1
M049035_Sudan,1,0
M049036_Ivory Coast,1,1
M049036_Cameroon,1,1
M049037_Gabon,2,3
M049037_Mozambique,3,2
M049038_Algeria,1,0
M049038_Burkina Faso,0,1
M049039_Morocco,3,0
M049039_Zambia,0,3
M049040_Angola,0,0
M049040_Egypt,0,0
M049041_Comoros,0,0
M049041_Mali,0,0
M049042_Zimbabwe,2,3
M049042_South Africa,3,2
M049043_Botswana,0,3
M049043_DR Congo,3,0
M049044_Uganda,1,3
M049044_Nigeria,3,1
M049045_Tanzania,1,1
M049045_Tunisia,1,1
M049046_Benin,0,3
M049046_Senegal,3,0
M049047_Sudan,0,2
M049047_Burkina Faso,2,0
M049048_Gabon,2,3
M049048_Ivory Coast,3,2
M049049_Mozambique,1,2
M049049_Cameroon,2,1
M049050_Equatorial Guinea,1,3
M049050_Algeria,3,1
M049051_Senegal,3,1
M049051_Sudan,1,3
M049052_Mali,1,1
M049052_Tunisia,1,1
M049053_Morocco,1,0
M049053_Tanzania,0,1
M049054_South Africa,1,2
M049054_Cameroon,2,1
M049055_Egypt,3,1
M049055_Benin,1,3
M049056_Nigeria,4,0
M049056_Mozambique,0,4
M049057_Algeria,1,0
M049057_DR Congo,0,1
M049058_Ivory Coast,3,0
M049058_Burkina Faso,0,3
M049059_Mali,0,1
M049059_Senegal,1,0
M049060_Morocco,2,0
M049060_Cameroon,0,2
M049061_Algeria,0,2
M049061_Nigeria,2,0
M049062_Egypt,3,2
M049062_Ivory Coast,2,3
M049063_Senegal,1,0
M049063_Egypt,0,1
M049064_Morocco,0,0
M049064_Nigeria,0,0
M049065_Egypt,0,0
M049065_Nigeria,0,0
M049066_Morocco,3,0
M049066_Senegal,0,3
M049067_Bolivia,1,1
M049067_Panama,1,1
M049068_Grenada,0,1
M049068_Jamaica,1,0
M049069_Panama,0,1
M049069_Mexico,1,0
W011265_United States,6,0
W011265_Paraguay,0,6
M049070_Bolivia,0,1
M049070_Mexico,1,0
M049071_Uzbekistan,2,2
M049071_China PR,2,2
W011266_Vietnam,1,0
W011266_Uzbekistan,0,1
W011267_United States,5,0
W011267_Chile,0,5
W011268_Vietnam,2,6
W011268_Uzbekistan,6,2
W011269_China PR,2,0
W011269_Vietnam,0,2
W011270_China PR,1,0
W011270_Vietnam,0,1
M049072_Mexico,4,0
M049072_Iceland,0,4
W011271_New Zealand,8,0
W011271_Samoa,0,8
W011272_Solomon Islands,0,1
W011272_American Samoa,1,0
W011273_Papua New Guinea,5,0
W011273_Vanuatu,0,5
W011274_Fiji,5,0
W011274_New Caledonia,0,5
W011275_Costa Rica,2,5
W011275_Brazil,5,2
W011276_Russia,4,1
W011276_Tanzania,1,4
W011277_Ivory Coast,2,1
W011277_Benin,1,2
W011278_Ghana,4,0
W011278_Hong Kong,0,4
W011279_Canada,4,1
W011279_Colombia,1,4
W011280_United States,2,0
W011280_Argentina,0,2
W011281_Australia,1,0
W011281_Philippines,0,1
W011282_South Korea,3,0
W011282_Iran,0,3
W011283_American Samoa,1,0
W011283_Samoa,0,1
W011284_New Zealand,8,0
W011284_Solomon Islands,0,8
W011285_New Caledonia,2,1
W011285_Vanuatu,1,2
W011286_Cyprus,1,1
W011286_Faroe Islands,1,1
W011287_Egypt,2,3
W011287_Algeria,3,2
W011288_Portugal,2,0
W011288_Finland,0,2
W011289_Liechtenstein,1,6
W011289_Lithuania,6,1
W011290_Israel,0,3
W011290_Belgium,3,0
W011291_Luxembourg,0,5
W011291_Scotland,5,0
W011292_Bosnia and Herzegovina,3,1
W011292_Estonia,1,3
W011293_Bulgaria,0,1
W011293_Croatia,1,0
W011294_Kazakhstan,3,0
W011294_Armenia,0,3
W011295_Azerbaijan,2,0
W011295_North Macedonia,0,2
W011296_Andorra,0,0
W011296_Hungary,0,0
W011297_Greece,3,0
W011297_Georgia,0,3
W011298_Romania,1,0
W011298_Moldova,0,1
W011299_Slovakia,3,2
W011299_Latvia,2,3
W011300_Cameroon,1,3
W011300_Nigeria,3,1
W011301_Kosovo,6,0
W011301_Gibraltar,0,6
W011302_Switzerland,2,0
W011302_Northern Ireland,0,2
W011303_Denmark,3,1
W011303_Serbia,1,3
W011304_Czech Republic,2,2
W011304_Wales,2,2
W011305_Ghana,4,0
W011305_Russia,0,4
W011306_North Korea,3,0
W011306_Uzbekistan,0,3
W011307_China PR,2,0
W011307_Bangladesh,0,2
W011308_Turkey,3,0
W011308_Malta,0,3
W011309_Poland,2,2
W011309_Netherlands,2,2
W011310_Italy,0,1
W011310_Sweden,1,0
W011311_Ukraine,1,6
W011311_England,6,1
W011312_Spain,3,0
W011312_Iceland,0,3
W011313_Germany,5,0
W011313_Slovenia,0,5
W011314_Austria,0,1
W011314_Norway,1,0
W011315_Montenegro,1,2
W011315_Albania,2,1
W011316_Republic of Ireland,1,2
W011316_France,2,1
W011317_Brazil,1,2
W011317_Venezuela,2,1
W011318_Ecuador,2,3
W011318_Uruguay,3,2
W011319_Peru,0,4
W011319_El Salvador,4,0
W011320_Ivory Coast,1,0
W011320_Kenya,0,1
W011321_Vietnam,2,1
W011321_India,1,2
W011322_Paraguay,0,1
W011322_Chile,1,0
W011323_United States,1,0
W011323_Canada,0,1
W011324_Japan,2,0
W011324_Taiwan,0,2
W011325_Argentina,0,1
W011325_Colombia,1,0
W011326_Vanuatu,0,1
W011326_Fiji,1,0
W011327_New Caledonia,0,4
W011327_Papua New Guinea,4,0
W011328_American Samoa,0,3
W011328_New Zealand,3,0
W011329_Samoa,2,1
W011329_Solomon Islands,1,2
W011330_Philippines,0,3
W011330_South Korea,3,0
W011331_Australia,4,0
W011331_Iran,0,4
W011332_Bangladesh,0,5
W011332_North Korea,5,0
W011333_Uzbekistan,0,3
W011333_China PR,3,0
W011334_Croatia,0,1
W011334_Kosovo,1,0
W011335_Scotland,7,0
W011335_Luxembourg,0,7
W011336_Belgium,5,0
W011336_Israel,0,5
W011337_Portugal,4,0
W011337_Slovakia,0,4
W011338_Bosnia and Herzegovina,13,1
W011338_Liechtenstein,1,13
W011339_Lithuania,0,0
W011339_Estonia,0,0
W011340_Gibraltar,0,5
W011340_Bulgaria,5,0
W011341_Paraguay,0,1
W011341_Chile,1,0
W011342_North Macedonia,3,0
W011342_Andorra,0,3
W011343_Greece,2,0
W011343_Faroe Islands,0,2
W011344_Cyprus,0,4
W011344_Romania,4,0
W011345_Kazakhstan,0,1
W011345_Belarus,1,0
W011346_Mexico,1,0
W011346_Brazil,0,1
W011347_Ecuador,1,1
W011347_Uruguay,1,1
W011348_Peru,0,1
W011348_El Salvador,1,0
W011349_Hungary,1,0
W011349_Azerbaijan,0,1
W011350_Northern Ireland,0,1
W011350_Turkey,1,0
W011351_Finland,3,1
W011351_Latvia,1,3
W011352_Albania,1,5
W011352_Czech Republic,5,1
W011353_Malta,1,4
W011353_Switzerland,4,1
W011354_United States,1,0
W011354_Colombia,0,1
W011355_Taiwan,1,0
W011355_Vietnam,0,1
W011356_India,0,11
W011356_Japan,11,0
W011357_Serbia,0,0
W011357_Sweden,0,0
W011358_Italy,1,1
W011358_Denmark,1,1
W011359_Canada,0,0
W011359_Argentina,0,0
W011360_France,4,1
W011360_Poland,1,4
W011361_England,2,0
W011361_Iceland,0,2
W011362_Ukraine,1,3
W011362_Spain,3,1
W011363_Norway,0,4
W011363_Germany,4,0
W011364_Slovenia,1,0
W011364_Austria,0,1
W011365_Wales,6,1
W011365_Montenegro,1,6
W011366_Netherlands,2,1
W011366_Republic of Ireland,1,2
W011367_Papua New Guinea,1,0
W011367_Fiji,0,1
W011368_Australia,3,3
W011368_South Korea,3,3
W011369_Iran,0,2
W011369_Philippines,2,0
W011370_Bangladesh,0,4
W011370_Uzbekistan,4,0
W011371_North Korea,1,2
W011371_China PR,2,1
W011372_Japan,4,0
W011372_Vietnam,0,4
W011373_India,1,3
W011373_Taiwan,3,1
W011374_Australia,2,1
W011374_North Korea,1,2
W011375_South Korea,6,0
W011375_Uzbekistan,0,6
W011376_China PR,2,0
W011376_Taiwan,0,2
M049073_Bolivia,3,0
M049073_Trinidad and Tobago,0,3
W011377_Japan,7,0
W011377_Philippines,0,7
W011378_Australia,2,1
W011378_China PR,1,2
W011379_South Korea,1,4
W011379_Japan,4,1
W011380_Uzbekistan,0,2
W011380_Philippines,2,0
W011381_Taiwan,0,4
W011381_North Korea,4,0
W011382_Australia,0,1
W011382_Japan,1,0
M049074_Equatorial Guinea,1,0
M049074_Kyrgyzstan,0,1
M049075_Kazakhstan,2,0
M049075_Namibia,0,2
M049076_United States Virgin Islands,5,2
M049076_American Samoa,2,5
M049077_Puerto Rico,4,0
M049077_Guam,0,4
M049078_Bermuda,0,2
M049078_DR Congo,2,0
M049079_Cayman Islands,1,1
M049079_British Virgin Islands,1,1
M049080_Bahamas,1,3
M049080_Anguilla,3,1
M049081_Bonaire,3,1
M049081_Saint Vincent and the Grenadines,1,3
M049082_Saint Martin,3,1
M049082_Barbados,1,3
M049083_Dominican Republic,2,2
M049083_El Salvador,2,2
M049084_Martinique,2,2
M049084_Cuba,2,2
M049085_Aruba,4,1
M049085_Macau,1,4
M049086_Denmark,4,0
M049086_North Macedonia,0,4
M049087_Czech Republic,2,2
M049087_Republic of Ireland,2,2
M049088_Turkey,1,0
M049088_Romania,0,1
M049089_Slovakia,3,4
M049089_Kosovo,4,3
M049090_Tanzania,0,1
M049090_Liechtenstein,1,0
M049091_Poland,2,1
M049091_Albania,1,2
M049092_Ukraine,1,3
M049092_Sweden,3,1
M049093_Brazil,1,2
M049093_France,2,1
M049094_Colombia,1,2
M049094_Croatia,2,1
M049095_Cyprus,0,1
M049095_Belarus,1,0
M049096_Moldova,0,2
M049096_Lithuania,2,0
M049097_Georgia,2,2
M049097_Israel,2,2
M049098_New Caledonia,0,1
M049098_Jamaica,1,0
M049099_Bolivia,2,1
M049099_Suriname,1,2
M049100_Italy,2,0
M049100_Northern Ireland,0,2
M049101_Wales,1,1
M049101_Bosnia and Herzegovina,1,1
M049102_Vietnam,3,0
M049102_Bangladesh,0,3
M049103_Indonesia,4,0
M049103_Saint Kitts and Nevis,0,4
M049104_China PR,2,0
M049104_Curaçao,0,2
M049105_Australia,1,0
M049105_Cameroon,0,1
M049106_Azerbaijan,6,1
M049106_Saint Lucia,1,6
M049107_Solomon Islands,2,10
M049107_Bulgaria,10,2
M049108_Chile,4,2
M049108_Cape Verde,2,4
M049109_Guyana,2,0
M049109_Dominica,0,2
M049110_Kenya,1,1
M049110_Estonia,1,1
M049111_Rwanda,4,0
M049111_Grenada,0,4
M049112_Venezuela,4,1
M049112_Trinidad and Tobago,1,4
M049113_Uzbekistan,3,1
M049113_Gabon,1,3
M049114_Belize,2,3
M049114_Sint Maarten,3,2
M049115_Iran,1,2
M049115_Nigeria,2,1
M049116_New Zealand,0,2
M049116_Finland,2,0
M049117_Costa Rica,2,2
M049117_Jordan,2,2
M049118_Greece,0,1
M049118_Paraguay,1,0
M049119_Russia,3,1
M049119_Nicaragua,1,3
M049120_Spain,3,0
M049120_Serbia,0,3
M049121_South Africa,1,1
M049121_Panama,1,1
M049122_Saudi Arabia,0,4
M049122_Egypt,4,0
M049123_Netherlands,2,1
M049123_Norway,1,2
M049124_Morocco,1,1
M049124_Ecuador,1,1
M049125_Montenegro,2,0
M049125_Andorra,0,2
M049126_Libya,0,0
M049126_Niger,0,0
M049127_Liberia,0,1
M049127_Benin,1,0
M049128_Guinea,2,2
M049128_Togo,2,2
M049129_Switzerland,3,4
M049129_Germany,4,3
M049130_England,1,1
M049130_Uruguay,1,1
M049131_Austria,5,1
M049131_Ghana,1,5
M049132_Argentina,2,1
M049132_Mauritania,1,2
M049133_Algeria,7,0
M049133_Guatemala,0,7
M049134_Kyrgyzstan,2,5
M049134_Madagascar,5,2
M049135_United States,2,5
M049135_Belgium,5,2
M049136_American Samoa,0,6
M049136_Guam,6,0
M049137_Puerto Rico,2,0
M049137_United States Virgin Islands,0,2
M049138_Namibia,0,0
M049138_Comoros,0,0
M049139_Senegal,2,0
M049139_Peru,0,2
M049140_Botswana,0,3
M049140_Zimbabwe,3,0
M049141_San Marino,1,2
M049141_Faroe Islands,2,1
M049142_Mexico,0,0
M049142_Portugal,0,0
M049143_Ivory Coast,4,0
M049143_South Korea,0,4
M049144_Hungary,1,0
M049144_Slovenia,0,1
M049145_Haiti,0,1
M049145_Tunisia,1,0
M049146_Canada,2,2
M049146_Iceland,2,2
M049147_Burkina Faso,5,0
M049147_Guinea-Bissau,0,5
M049148_Scotland,0,1
M049148_Japan,1,0
M049149_Cayman Islands,1,0
M049149_Bahamas,0,1
M049150_British Virgin Islands,4,0
M049150_Anguilla,0,4
M049151_Bonaire,0,3
M049151_Saint Martin,3,0
M049152_Barbados,2,3
M049152_Saint Vincent and the Grenadines,3,2
M049153_Dominican Republic,1,1
M049153_Cuba,1,1
M049154_Aruba,4,1
M049154_Liechtenstein,1,4
M049155_Macau,0,6
M049155_Tanzania,6,0
M049156_Lithuania,0,2
M049156_Georgia,2,0
M049157_Colombia,1,3
M049157_France,3,1
M049158_Armenia,1,2
M049158_Belarus,2,1
M049159_Martinique,0,1
M049159_El Salvador,1,0
M049160_Gabon,2,2
M049160_Trinidad and Tobago,2,2
M049161_Dominica,0,0
M049161_Sint Maarten,0,0
M049162_Guyana,3,1
M049162_Belize,1,3
M049163_Uzbekistan,0,0
M049163_Venezuela,0,0
M049164_Rwanda,2,0
M049164_Estonia,0,2
M049165_Grenada,0,3
M049165_Kenya,3,0
M049166_Cape Verde,1,1
M049166_Finland,1,1
M049167_Indonesia,0,1
M049167_Bulgaria,1,0
M049168_Saint Kitts and Nevis,4,2
M049168_Solomon Islands,2,4
M049169_Azerbaijan,1,1
M049169_Sierra Leone,1,1
M049170_Germany,2,1
M049170_Ghana,1,2
M049171_Cyprus,3,2
M049171_Moldova,2,3
M049172_New Zealand,4,1
M049172_Chile,1,4
M049173_Russia,0,0
M049173_Mali,0,0
M049174_Republic of Ireland,0,0
M049174_North Macedonia,0,0
M049175_San Marino,0,0
M049175_Andorra,0,0
M049176_Senegal,3,1
M049176_Gambia,1,3
M049177_Serbia,2,1
M049177_Saudi Arabia,1,2
M049178_Slovakia,2,0
M049178_Romania,0,2
M049179_South Africa,1,2
M049179_Panama,2,1
M049180_Spain,0,0
M049180_Egypt,0,0
M049181_Ukraine,1,0
M049181_Albania,0,1
M049182_Iraq,2,1
M049182_Bolivia,1,2
M049183_Wales,1,1
M049183_Northern Ireland,1,1
M049184_DR Congo,1,0
M049184_Jamaica,0,1
M049185_Bosnia and Herzegovina,1,1
M049185_Italy,1,1
M049186_Sweden,3,2
M049186_Poland,2,3
M049187_Kosovo,0,1
M049187_Turkey,1,0
M049188_Czech Republic,2,2
M049188_Denmark,2,2
M049189_Cameroon,2,0
M049189_China PR,0,2
M049190_Australia,5,1
M049190_Curaçao,1,5
M049191_United States,0,2
M049191_Portugal,2,0
M049192_Peru,2,2
M049192_Honduras,2,2
M049193_Canada,0,0
M049193_Tunisia,0,0
M049194_Niger,0,1
M049194_Togo,1,0
M049195_Algeria,0,0
M049195_Uruguay,0,0
M049196_Argentina,5,0
M049196_Zambia,0,5
M049197_Austria,1,0
M049197_South Korea,0,1
M049198_Benin,1,0
M049198_Guinea,0,1
M049199_Brazil,3,1
M049199_Croatia,1,3
M049200_Burkina Faso,1,1
M049200_Guinea-Bissau,1,1
M049201_Costa Rica,0,5
M049201_Iran,5,0
M049202_England,0,1
M049202_Japan,1,0
M049203_Equatorial Guinea,1,1
M049203_Madagascar,1,1
M049204_Haiti,1,1
M049204_Iceland,1,1
M049205_Hungary,0,0
M049205_Greece,0,0
M049206_Ivory Coast,1,0
M049206_Scotland,0,1
M049207_Jordan,2,2
M049207_Nigeria,2,2
M049208_Liberia,2,2
M049208_Libya,2,2
M049209_Botswana,1,0
M049209_Malawi,0,1
M049210_Mexico,1,1
M049210_Belgium,1,1
M049211_Montenegro,2,3
M049211_Slovenia,3,2
M049212_Morocco,2,1
M049212_Paraguay,1,2
M049213_Netherlands,1,1
M049213_Ecuador,1,1
M049214_Norway,0,0
M049214_Switzerland,0,0
M049215_Kazakhstan,1,0
M049215_Comoros,0,1
